"match_id","home_team_id","away_team_id","competition_id","season_id","date_time","gameweek","home_ft_score","away_ft_score","home_corners","away_corners"
8826964,3162,3185,524,188160,2023-04-22 16:00:00,31,0,1,3,4
8823251,702,690,795,188124,2023-03-11 15:15:00,25,1,1,10,3
8341130,5638,5655,255,187965,2022-05-02 23:00:00,4,2,1,2,4
6593847,1650,1663,346,186333,2021-03-03 19:00:00,34,1,3,3,6
10480075,1669,1628,364,188989,2023-08-26 14:00:00,3,1,1,8,6
10480133,1613,1669,364,188989,2023-09-16 16:30:00,5,1,0,8,3
11932860,5685,5812,255,189744,2024-07-04 00:30:00,14,3,1,3,8
10521286,680,698,795,189012,2023-12-16 17:30:00,17,0,3,4,2
7517862,3770,3782,412,187374,2022-05-21 19:00:00,38,1,1,5,5
10607521,3194,3172,524,188994,2023-09-27 16:30:00,6,0,1,4,1
10572211,2460,2481,426,188974,2024-02-17 14:30:00,22,1,0,7,7
10567276,3779,3788,412,189971,2024-02-18 12:00:00,22,1,3,9,4
7246228,5648,5656,255,187168,2021-06-27 19:00:00,7,1,1,8,5
8785081,2481,2451,426,188082,2022-10-08 13:30:00,9,1,1,11,5
8786319,3803,3769,412,188122,2023-05-14 13:00:00,35,1,0,6,0
8826861,3315,3172,524,188160,2023-02-04 19:45:00,21,1,0,2,7
8777066,1629,1628,364,188095,2023-04-25 18:30:00,33,2,0,6,11
11873143,5663,5685,255,189744,2024-04-28 21:30:00,4,1,1,12,6
6542876,2459,2443,426,186265,2021-03-10 17:30:00,20,0,2,9,0
6589590,1623,1616,364,186810,2021-02-14 19:00:00,24,0,2,5,4
7517753,3775,3770,412,187374,2022-01-14 20:00:00,21,2,1,3,5
7246139,5650,5653,255,187168,2021-08-08 19:00:00,15,1,2,4,5
8819376,10531,1621,346,188096,2022-08-06 14:00:00,2,0,3,5,4
10518646,1666,10531,346,188987,2024-03-29 15:00:00,39,1,1,3,4
10572201,2446,2460,426,188974,2024-02-23 19:30:00,23,2,1,11,2
10572084,2975,2453,426,188974,2023-11-12 18:30:00,11,3,1,7,3
8785098,2482,2444,426,188082,2022-10-22 13:30:00,11,0,2,7,5
6542849,2445,2449,426,186265,2021-02-27 14:30:00,23,5,1,11,9
10518157,1631,1638,346,188987,2023-12-13 19:45:00,21,3,2,9,3
10517804,1640,1649,346,188987,2023-11-28 19:45:00,18,1,0,7,6
8822986,698,675,795,188124,2022-10-08 19:00:00,8,0,1,4,4
6594118,1640,1618,346,186333,2020-11-20 19:45:00,12,0,0,1,2
11932934,5657,5685,255,189744,2024-08-03 22:00:00,21,2,2,4,3
6185035,5653,5654,255,186667,2020-11-08 21:15:00,20,4,0,2,7
10521287,684,714,795,189012,2023-11-26 20:00:00,14,1,0,7,6
8341173,5653,5660,255,187965,2022-04-24,3,2,2,3,3
8823140,698,676,795,188124,2023-04-16 14:15:00,29,0,0,1,5
6425535,3782,3771,412,186243,2021-05-09 11:00:00,36,1,0,10,4
8822948,756,690,795,188124,2022-09-09 19:00:00,5,2,1,3,12
8341368,5659,5669,255,187965,2022-08-06 19:30:00,21,1,1,3,8
6425284,3776,3767,412,186243,2020-12-20 20:00:00,16,0,0,4,5
6425386,3775,3802,412,186243,2021-04-11 13:00:00,32,0,0,10,6
8785136,2500,2457,426,188082,2022-08-06 13:30:00,1,3,1,5,4
8826856,3168,3192,524,188160,2023-01-27 19:45:00,20,1,2,4,4
8785792,3788,3797,412,188122,2022-08-28 13:00:00,4,2,1,3,4
6425414,3802,3766,412,186243,2021-03-12 20:00:00,29,1,1,2,5
6639392,3176,3172,524,186353,2021-04-11 18:45:00,30,2,3,0,6
8785187,2453,2445,426,188082,2023-02-11 14:30:00,20,2,1,4.7,3.5
7606629,3205,3172,524,187528,2022-05-08 10:30:00,36,1,3,0,3
8823313,713,684,795,188124,2023-01-08 15:15:00,16,1,2,5,7
11932982,5812,5642,255,189744,2024-09-14 19:00:00,26,0,2,9,6
7511993,1650,1616,346,187482,2022-04-02 14:00:00,40,0,2,4,5
10572128,2975,2446,426,188974,2024-01-20 17:30:00,18,2,3,1,9
10567161,3797,3802,412,189971,2024-04-28 13:00:00,31,4,1,5,5
6639521,3193,3166,524,186353,2021-01-09 17:00:00,17,2,0,1,4
6594232,1655,1666,346,186333,2020-09-27 12:00:00,3,2,0,6,2
8776791,1613,1628,364,188095,2022-09-03 14:00:00,6,0,0,13,5
8786145,3769,3770,412,188122,2023-04-16 13:00:00,31,2,1,3,6
10567042,3779,3787,412,189971,2023-09-17 13:00:00,5,2,2,2,4
7517607,3779,3797,412,187374,2022-05-14 19:00:00,37,1,0,3,2
6185112,5653,5660,255,186667,2020-12-26 20:00:00,27,2,0,13,3
11932858,5638,5677,255,189744,2024-06-30 19:00:00,13,3,1,4,4
9967568,5663,5649,255,188756,2023-09-30 19:00:00,25,1,1,3,7
10517472,1620,1673,346,188987,2023-08-19 14:00:00,3,1,1,7,8
6639566,3205,3166,524,186353,2020-12-16 19:45:00,12,2,2,3,4
7485304,1628,1611,364,187475,2022-05-22 15:00:00,38,1,0,3,6
8785051,2454,2975,426,188082,2022-09-17 16:30:00,7,3,0,8,3
7516573,2448,2446,426,187511,2022-04-10 13:30:00,29,0,0,2,3
8786190,3771,19830,412,188122,2023-01-28 20:00:00,20,1,1,6,3
10521170,696,674,795,189012,2023-09-02 16:30:00,4,1,0,1,2
7485467,1629,1624,364,187475,2021-08-22 13:00:00,2,0,1,5,4
6425477,3767,3813,412,186243,2021-02-03 20:00:00,23,3,0,4,7
8819375,1636,1638,346,188096,2022-08-06 14:00:00,2,2,0,3,5
6184992,5660,5663,255,186667,2020-10-11 19:00:00,15,0,0,2,4
8819515,1650,1637,346,188096,2022-10-07 19:00:00,14,2,1,4,5
6185222,5812,5660,255,186667,2021-02-26 00:30:00,38,3,1,7,4
11933076,5654,5644,255,189744,2024-12-01 19:00:00,36,3,2,6,4
8826777,3172,3187,524,188160,2022-11-05 17:00:00,13,1,2,5,2
11985832,1611,1636,364,188989,2024-04-24 19:00:00,29,4,2,8,4
10521211,687,686,795,189012,2023-10-21 12:00:00,10,1,0,2,5
6589461,1624,1609,364,186810,2020-12-06 16:30:00,11,2,0,3,9
7606676,3193,3162,524,187528,2022-04-10 10:30:00,32,1,4,3,6
6184930,5644,5669,255,186667,2020-09-10 22:15:00,9,2,0,10,4
10518114,1641,1644,346,188987,2023-12-16 15:00:00,22,1,5,9,5
10521125,680,674,795,189012,2023-08-11 20:00:00,1,1,2,8,1
7535914,686,684,795,187526,2021-08-14 17:30:00,1,1,1,3,3
8776914,1612,1631,364,188095,2022-12-30 20:00:00,18,2,1,4,5
6632584,698,679,795,186267,2021-03-13 20:00:00,27,0,0,3,11
7246194,5653,5654,255,187168,2021-07-07 22:00:00,10,2,1,3,6
7536160,676,681,795,187526,2022-03-13 20:00:00,28,4,0,5,1
7536042,676,700,795,187526,2022-04-18 19:00:00,32,0,1,8,1
6593763,1641,1669,346,186333,2021-04-10 14:00:00,41,0,5,3,7
6632773,846,695,795,186267,2020-11-01 17:30:00,8,1,1,2,8
6542941,2445,2975,426,186265,2021-01-02 19:30:00,14,0,1,3,6
6589704,1633,1623,364,186810,2021-05-09 15:30:00,35,0,1,5,6
6593712,1678,1659,346,186333,2021-05-01 14:00:00,45,1,0,4,1
8823065,680,702,795,188124,2023-01-28 17:30:00,19,3,0,5,2
10572183,2445,2500,426,188974,2024-03-08 19:30:00,25,2,0,4,3
7536032,695,713,795,187526,2021-09-11 16:30:00,4,1,1,2,5
11664806,2460,2500,426,188974,2024-02-07 17:30:00,18,1,1,8,3
8826956,3178,3161,524,188160,2023-04-23 10:30:00,31,0,3,5,4
10480383,1613,1651,364,188989,2024-05-11 14:00:00,37,1,1,7,4
10607826,3185,3168,524,188994,2024-02-16 18:00:00,25,2,0,5,5
10607650,3159,3187,524,188994,2023-12-08 19:45:00,15,1,0,3,6
10517780,1673,1619,346,188987,2023-11-25 15:00:00,17,1,1,2,7
8776806,1628,1610,364,188095,2022-10-01 14:00:00,9,1,2,5,2
6632691,681,696,795,186267,2020-12-31 15:15:00,16,1,1,5,4
6185200,5657,5644,255,186667,2021-02-14 19:00:00,36,0,2,3,9
6184919,5656,5659,255,186667,2020-09-05 22:00:00,8,2,2,12,6
8785765,3780,3775,412,188122,2022-08-07 11:00:00,1,1,1,6,3
6593871,1621,1644,346,186333,2021-02-24 19:45:00,32,2,3,7,6
9967356,5646,5656,255,188756,2023-04-29 21:30:00,3,2,1,12,3
10518943,1649,1672,346,188987,2024-05-04 11:30:00,46,1,0,6,8
11933075,5663,5654,255,189744,2024-11-26 23:00:00,35,0,0,5,5
8819495,1655,1650,346,188096,2022-10-01 14:00:00,12,1,2,8,2
7517908,3795,3782,412,187374,2021-11-21 14:00:00,14,0,1,6,8
6425344,3766,3782,412,186243,2020-11-08 20:00:00,10,2,1,3,5
6589422,1629,1628,364,186810,2020-10-30 20:00:00,7,2,0,7,6
7246034,5650,5673,255,187168,2021-10-10,25,1,1,3,4
7485482,1626,1612,364,187475,2021-08-14 16:30:00,1,0,3,3,11
6185025,5654,5638,255,186667,2020-11-01 19:00:00,19,1,4,6,4
10518359,1655,1619,346,188987,2024-02-13 20:00:00,32,3,1,6,5
8776777,1659,1629,364,188095,2022-08-31 18:30:00,5,0,0,2,5
7511952,1620,1673,346,187482,2022-04-18 11:30:00,43,0,2,11,4
11340511,5640,5646,255,188756,2023-12-07 00:30:00,38,1,1,3,4
8823209,675,713,795,188124,2023-05-24 17:30:00,36,2,1,5,2
8826694,3194,3164,524,188160,2022-09-04 16:00:00,5,2,1,7,2
6542767,2443,2446,426,186265,2021-05-08 13:30:00,32,0,0,4,6
6589560,1631,1630,364,186810,2021-01-31 14:00:00,21,1,3,5,4
6425197,3779,3804,412,186243,2020-09-20 13:00:00,4,1,0,8,2
11617151,1630,1626,346,188987,2024-01-24 19:45:00,29,1,0,4,2
8823161,691,698,795,188124,2023-04-30 16:30:00,32,1,0,5,3
8785927,3780,3781,412,188122,2023-01-01 14:00:00,17,2,0,5,2
10480350,1636,1610,364,188989,2024-04-07 16:30:00,32,2,2,7,6
6589729,1630,1627,364,186810,2021-05-23 15:00:00,38,3,1,8,3
10518319,1620,1626,346,188987,2024-03-06 19:45:00,36,3,1,2,2
10607845,3166,3192,524,188994,2024-04-01 10:30:00,30,3,0,5,3
10567041,3773,3777,412,189971,2023-09-16 19:00:00,5,0,1,9,1
10567045,3770,3793,412,189971,2023-11-26 14:00:00,13,0,0,10,5
6632718,678,802,795,186267,2020-12-18 20:00:00,14,2,0,5,5
6594123,1666,1638,346,186333,2020-11-07 15:00:00,11,0,0,5,4
6639570,3161,3187,524,186353,2020-12-16 19:45:00,12,1,0,4,3
8819579,1620,1655,346,188096,2022-11-05 15:00:00,20,1,1,8,1
6542943,2443,2500,426,186265,2021-01-02 14:30:00,14,0,2,6,5
10567169,3780,3771,412,189971,2024-04-21 17:15:00,30,2,2,7,4
8819598,1621,1641,346,188096,2022-12-10 12:00:00,22,1,4,2,2
7512361,10531,10529,346,187482,2021-10-17 11:00:00,12,3,0,8,5
10607505,3254,3176,524,188994,2023-09-28 16:30:00,6,1,1,8,10
10572301,2443,2448,426,188974,2024-05-18 13:30:00,34,4,1,8,8
10518641,1620,10531,346,188987,2024-04-06 14:00:00,41,2,0,4,6
10517423,1630,10529,346,188987,2023-08-06 13:30:00,1,2,2,10,0
10607770,3192,3172,524,188994,2024-05-06 16:00:00,35,1,2,1,7
7246102,5663,5677,255,187168,2021-12-10 00:30:00,38,2,1,6,3
11873140,5657,5641,255,189744,2024-04-27 19:00:00,4,0,4,5,4
8785139,2449,2460,426,188082,2022-11-09 19:30:00,14,1,0,1,6
6632768,679,700,795,186267,2020-11-07 20:00:00,9,4,0,2,7
7535897,713,846,795,187526,2021-08-29 17:30:00,3,4,0,5,6
6184963,5669,5643,255,186667,2020-09-27 21:15:00,12,2,2,11,7
8785033,2449,2500,426,188082,2022-08-27 13:30:00,4,1,6,8,2
8819380,1636,1632,346,188096,2022-08-17 19:00:00,4,2,1,13,3
8819522,1620,1621,346,188096,2022-10-15 14:00:00,15,1,2,9,4
7606662,3315,3205,524,187528,2022-03-18 17:45:00,30,4,1,6,2
7246193,5644,5638,255,187168,2021-07-08 00:30:00,10,0,2,7,3
8786147,3795,3797,412,188122,2023-04-09 13:00:00,30,0,2,3,2
7606746,3158,3173,524,187528,2022-01-16 17:00:00,22,1,0,1,1
6589409,1611,1610,364,186810,2020-10-24 16:30:00,6,0,0,9,6
7606728,3185,3315,524,187528,2022-01-23 14:00:00,23,1,1,4,3
9967399,5640,5655,255,188756,2023-05-06 19:00:00,4,2,1,4,4
6185006,5659,5643,255,186667,2020-10-19 23:00:00,17,0,0,11,5
12194921,1627,1619,346,188987,2024-05-12 13:15:00,1,0,0,7,9
7512297,1621,1637,346,187482,2021-10-23 14:00:00,14,2,0,2,2
7606715,3176,3172,524,187528,2022-02-20 11:30:00,26,1,0,2,1
6589410,1619,1623,364,186810,2020-10-25 14:00:00,6,2,0,4,5
8785216,2481,2443,426,188082,2023-03-04 14:30:00,23,2,1,3,7
7246068,5649,5669,255,187168,2021-09-12 14:00:00,20,2,0,5,4
6593986,1673,1637,346,186333,2021-01-02 15:00:00,23,1,2,4,4
10607863,3236,3173,524,188994,2024-03-16 14:00:00,29,1,0,3,7
6184918,5685,5646,255,186667,2020-09-06 14:00:00,8,1,2,5,3
6589383,1609,1636,364,186810,2020-10-04 13:00:00,4,2,1,2,4
6593836,1641,1659,346,186333,2021-03-06 15:00:00,35,1,1,5,4
7517929,3770,3797,412,187374,2021-10-23 15:00:00,11,2,1,1,3
10607803,3236,3157,524,188994,2024-02-18 19:45:00,25,4,2,7,3
8341408,5648,5650,255,187965,2022-09-28 22:00:00,28,4,0,5,5
8341450,5659,5685,255,187965,2022-10-26 22:30:00,34,2,1,5,4
6632591,674,682,795,186267,2021-03-05 20:00:00,26,2,1,5,3
7516658,2444,2469,426,187511,2022-02-20 14:30:00,23,4,1,6,4
8785226,2975,2462,426,188082,2023-02-25 14:30:00,22,2,1,2,6
8826895,3163,3205,524,188160,2023-02-26 17:00:00,24,2,2,5,2
8786178,19830,3769,412,188122,2023-02-01 20:00:00,21,3,2,5,4
10607649,3157,3254,524,188994,2023-12-02 19:45:00,14,3,1,6,7
11933014,5638,5657,255,189744,2024-10-17 00:45:00,30,3,0,3,5
8785085,2462,2500,426,188082,2022-10-01 13:30:00,8,2,0,4,7
8819417,1636,1637,346,188096,2022-08-30 18:45:00,7,4,0,3,5
11622951,1640,1655,346,188987,2024-01-30 19:45:00,29,2,2,1,5
7512098,1650,1620,346,187482,2022-02-09 19:45:00,31,2,2,3,8
10572210,2451,2447,426,188974,2024-02-17 14:30:00,22,1,1,5,3
8786117,3773,3776,412,188122,2023-03-04 16:00:00,26,1,1,9,3
7606883,3162,3192,524,187528,2021-11-07 17:00:00,12,3,0,5,1
10572019,2453,2443,426,188974,2023-08-26 13:30:00,2,1,0,5,5
10567102,3777,3787,412,189971,2023-12-17 14:00:00,16,0,1,12,5
7485398,1628,1613,364,187475,2021-10-23 14:00:00,9,1,1,3,7
6639396,3157,3164,524,186353,2021-04-03 10:30:00,29,1,1,5,5
10567005,3802,3803,412,189971,2023-09-17 13:00:00,5,1,2,8,8
6542834,2451,2449,426,186265,2021-03-13 14:30:00,25,5,0,3,8
6589477,1630,1613,364,186810,2020-12-16 18:00:00,13,5,2,7,4
7246137,5654,5674,255,187168,2021-08-15 19:00:00,16,2,0,6,2
8786334,3780,3770,412,188122,2023-05-14 13:00:00,35,0,0,10,5
10567110,3777,3803,412,189971,2023-12-10 14:00:00,15,0,1,3,2
7517979,3776,3802,412,187374,2021-09-22 17:00:00,7,2,1,4,4
8823082,679,678,795,188124,2023-02-19 17:30:00,22,1,0,6,5
8786345,3776,3770,412,188122,2023-05-27 19:00:00,37,2,1,5,3
10480129,1609,1624,364,188989,2023-09-24 13:00:00,6,2,2,11,4
8785284,2482,2454,426,188082,2023-01-28 14:30:00,18,1,4,4,3
7485284,1613,1646,364,187475,2021-12-04 15:00:00,15,1,0,10,3
6593935,1647,1655,346,186333,2021-01-30 15:00:00,27,1,0,4,0
10607760,3187,3166,524,188994,2024-05-11 16:00:00,36,0,2,9,3
6632592,687,695,795,186267,2021-03-07 17:30:00,26,1,0,7,5
8819659,1638,1655,346,188096,2022-12-29 19:45:00,25,0,0,3,4
8785276,2443,2453,426,188082,2023-04-16 13:30:00,28,1,2,5,2
6632672,681,675,795,186267,2021-01-09 20:00:00,18,0,0,2,4
8341291,5650,5669,255,187965,2022-07-24 19:00:00,19,1,0,8,3
7246131,5677,5812,255,187168,2021-08-15 21:15:00,16,1,2,4,5
10572251,2658,2454,426,188974,2024-03-16 14:30:00,26,1,1,10,4
11933055,5650,5677,255,189744,2024-11-09 22:00:00,33,2,1,7,2
6425330,3771,3770,412,186243,2020-11-28 16:00:00,12,3,1,3,7
10607566,3187,3178,524,188994,2023-11-12 11:30:00,12,0,1,8,3
7536405,692,681,795,187526,2022-01-19 18:00:00,21,2,0,0,5
8823152,682,691,795,188124,2023-04-27 17:30:00,31,4,2,9,2
7512027,1618,1672,346,187482,2022-03-12 15:00:00,37,0,0,5,6
8785213,2449,2445,426,188082,2023-02-25 17:30:00,22,2,1,6,9
8785288,2443,2451,426,188082,2023-01-28 14:30:00,18,2,1,2,6
6425307,3775,3774,412,186243,2020-12-13 12:00:00,14,0,1,3,6
6593950,1663,10529,346,186333,2021-01-27 19:00:00,26,2,2,1,3
8826810,3164,3168,524,188160,2022-11-12 17:00:00,15,0,2,9,0
6589510,1613,1612,364,186810,2020-12-30 20:00:00,16,0,0,5,12
8819805,1621,1646,346,188096,2023-04-25 19:00:00,38,0,1,10,4
8823063,682,756,795,188124,2023-01-22 13:00:00,18,1,0,3,2
6425438,3788,3782,412,186243,2021-02-28 14:00:00,27,2,1,5,3
10480120,1614,1633,364,188989,2023-10-22 15:30:00,9,4,1,8,7
6632756,679,676,795,186267,2020-11-21 20:00:00,10,1,0,8,8
11932994,5663,5677,255,189744,2024-09-22,27,4,1,2,1
8785793,3799,3802,412,188122,2022-08-31 17:00:00,5,2,4,4,3
8819821,1626,1636,346,188096,2023-04-01 14:00:00,39,0,1,4,5
6425525,3813,3766,412,186243,2021-05-16 19:00:00,37,2,5,3,6
7517775,3774,3772,412,187374,2022-01-16 12:00:00,21,6,0,9,1
10607643,3157,3236,524,188994,2023-12-17 11:30:00,16,3,0,4,5
6425193,3776,3770,412,186243,2020-09-25 19:00:00,5,2,0,4,7
10517464,1640,1632,346,188987,2023-08-26 14:00:00,4,0,0,4,7
8826773,3185,3157,524,188160,2022-10-30 19:45:00,12,2,1,6,1
7485400,1626,1630,364,187475,2021-10-31 14:00:00,10,1,2,5,0
6593731,10529,1678,346,186333,2021-04-24 14:00:00,44,2,1,7,6
10480098,1616,1610,364,188989,2023-10-02 19:00:00,7,0,2,8,1
10572100,2462,2447,426,188974,2023-10-29 14:30:00,9,3,3,0,4
6632605,698,674,795,186267,2021-02-27 20:00:00,25,3,0,3,6
7535974,676,682,795,187526,2022-05-22 20:00:00,38,0,2,12,1
10518145,1620,1672,346,188987,2023-12-13 20:00:00,21,1,2,5,4
6184969,5653,5657,255,186667,2020-10-04 23:30:00,13,4,1,6,3
8341275,5638,5648,255,187965,2022-07-17 19:00:00,17,2,2,5,3
8819687,1632,1620,346,188096,2023-01-22 12:00:00,28,2,0,4,8
6594077,1660,1626,346,186333,2020-12-02 19:45:00,15,3,1,4,9
10517443,1632,1643,346,188987,2023-08-19 14:00:00,3,2,1,5,0
6632726,692,700,795,186267,2020-12-14 20:00:00,13,4,0,1,5
8819669,1646,1640,346,188096,2023-01-14 15:00:00,27,1,0,3,5
6594046,1621,1626,346,186333,2020-12-12 15:00:00,18,1,2,6,3
10320079,1660,1632,346,188096,2023-05-16 19:00:00,2,2,0,7,5
10567285,3766,19830,412,189971,2024-04-28 17:00:00,31,3,2,3,3
6639550,3157,3162,524,186353,2020-12-23 19:45:00,14,3,2,4,6
8819769,1637,1664,346,188096,2023-02-25 15:00:00,34,3,1,3,8
8785170,2481,2454,426,188082,2023-01-25 19:30:00,17,1,0,3,2
7535995,702,679,795,187526,2022-05-11 19:30:00,36,0,2,6,3
8785241,2975,2460,426,188082,2023-04-01 13:30:00,26,0,3,3,4
6639494,3194,3187,524,186353,2021-01-24 14:00:00,19,3,1,3,3
10480138,1651,1613,364,188989,2023-09-02 16:30:00,4,3,1,5,3
7512253,1616,1647,346,187482,2021-11-24 19:45:00,19,0,0,7,5
6639657,3157,3205,524,186353,2020-10-04 16:00:00,3,3,0,4,6
7516779,2448,2453,426,187511,2021-11-27 14:30:00,13,2,1,4,7
7536272,846,675,795,187526,2021-11-21 15:15:00,14,1,4,8,6
7485448,1625,1619,364,187475,2021-09-18 14:00:00,5,0,0,8,5
7512339,1655,1663,346,187482,2021-10-30 14:00:00,15,2,1,3,9
7516822,2459,2446,426,187511,2021-10-03 17:30:00,7,0,4,2,4
6425504,3775,3772,412,186243,2021-01-17 14:00:00,20,0,3,3,10
10607752,3315,3173,524,188994,2024-05-19 10:30:00,37,0,2,5,6
9967641,5673,5659,255,188756,2023-10-18 23:00:00,27,1,2,12,1
8819909,1644,1639,346,188096,2023-05-08 14:00:00,46,2,0,6,6
6185096,5660,5659,255,186667,2020-12-20,26,1,2,4,11
6594125,1637,1639,346,186333,2020-11-07 12:30:00,11,0,3,8,1
6639306,3158,3162,524,186353,2021-05-15 18:45:00,37,2,0,4,4
7517981,3767,3766,412,187374,2021-09-19 18:45:00,6,2,1,10,4
10480434,1613,1623,364,188989,2024-04-02 18:30:00,31,1,1,7,3
7536153,691,686,795,187526,2022-03-20 13:00:00,29,1,0,6,6
8819752,1620,1650,346,188096,2023-02-18 15:00:00,33,3,1,9,9
8819534,10531,1637,346,188096,2022-10-18 18:45:00,16,3,2,8,0
10521242,676,756,795,189012,2023-12-10 20:00:00,16,2,4,8,3
11873076,5653,5646,255,189744,2024-06-17 23:30:00,9,0,4,2,6
10480258,1625,1646,364,188989,2024-01-31 19:30:00,22,3,1,7,3
10572039,2481,2460,426,188974,2023-09-23 13:30:00,5,2,1,3,4
10572071,2482,2451,426,188974,2023-09-02 13:30:00,3,3,1,3,3
6594009,1655,1678,346,186333,2020-12-26 15:00:00,21,2,1,7,7
8786342,3771,3803,412,188122,2023-05-27 19:00:00,37,1,2,3,5
9967358,5653,5657,255,188756,2023-04-16,1,1,2,14,3
8776763,1669,1630,364,188095,2022-09-03 14:00:00,6,5,2,2,6
9967677,5646,5644,255,188756,2023-11-12,34,3,0,6,3
6425407,3770,3788,412,186243,2021-03-21 14:00:00,30,1,1,2,7
6632500,676,679,795,186267,2021-05-08 14:15:00,35,0,0,5,7
10572202,2445,2463,426,188974,2024-02-24 14:30:00,23,1,1,9,4
10572235,2454,2447,426,188974,2024-04-13 13:30:00,29,1,2,2,4
8819510,1632,1664,346,188096,2022-10-04 18:45:00,13,0,0,5,12
6632566,700,674,795,186267,2021-04-04 16:30:00,29,2,1,4,13
6589638,1628,1611,364,186810,2021-03-03 20:15:00,29,0,0,4,6
11933011,5677,5654,255,189744,2024-10-05 22:00:00,29,0,2,3,7
10521386,676,687,795,189012,2024-05-13 19:00:00,35,2,0,6,2
7606859,3166,3173,524,187528,2021-11-01 19:45:00,11,2,0,5,2
10521364,682,675,795,189012,2024-05-19 17:00:00,37,4,4,3,3
11873037,5640,5642,255,189744,2024-04-28 19:00:00,4,3,1,10,4
6593780,1660,1663,346,186333,2021-04-05 14:00:00,40,1,2,3,4
11932859,5707,5659,255,189744,2024-07-03 22:00:00,14,1,2,7,5
8827020,3158,3192,524,188160,2023-05-22 16:30:00,36,2,2,6,4
7246115,5649,5656,255,187168,2021-08-29,18,0,1,6,4
10607644,3157,3315,524,188994,2023-12-30 17:00:00,18,1,0,6,5
10518624,1632,1655,346,188987,2024-04-06 14:00:00,41,0,0,4,3
8826745,3166,3168,524,188160,2022-10-23 13:00:00,11,2,0,9,4
8786157,3766,3774,412,188122,2023-04-09 11:00:00,30,3,1,7,2
10480273,1633,1614,364,188989,2024-03-17 14:00:00,29,1,1,7,10
6589605,1629,1630,364,186810,2021-02-19 20:00:00,25,1,0,7,9
6542842,2449,2460,426,186265,2021-03-05 19:30:00,24,0,0,2,6
7245990,5663,5651,255,187168,2021-10-23 22:15:00,28,3,0,4,10
10518023,1631,1634,346,188987,2024-01-22 20:00:00,28,1,1,8,8
8776747,1609,1616,364,188095,2022-08-27 16:30:00,4,2,1,9,2
8826966,3235,3194,524,188160,2023-04-30 13:00:00,32,1,1,3,5
8785186,2449,2451,426,188082,2023-02-10 19:30:00,20,0,0,9,3
10517860,1621,10531,346,188987,2023-10-28 14:00:00,14,0,1,6,5
8341175,5648,5644,255,187965,2022-04-23 22:00:00,3,0,1,5,4
8341415,5654,5648,255,187965,2022-09-18 19:00:00,27,1,2,6,2
11932938,5677,5642,255,189744,2024-08-11 19:00:00,22,2,0,3,7
7516729,2447,2457,426,187511,2022-05-14 13:30:00,34,2,1,3,1
6542971,2453,2459,426,186265,2020-12-12 14:30:00,11,2,0,5,4
10518955,1639,1655,346,188987,2024-05-04 11:30:00,46,4,0,5,6
6594035,1663,1641,346,186333,2020-12-15 19:45:00,19,2,1,3,2
6594246,1640,1650,346,186333,2020-09-18 18:45:00,2,3,2,7,4
7517778,3795,3788,412,187374,2021-12-01 18:00:00,16,2,0,4,3
7536104,698,679,795,187526,2021-09-21 17:30:00,6,1,2,2,5
7512026,1618,1620,346,187482,2022-03-15 19:45:00,38,0,2,5,7
8826727,3236,3205,524,188160,2022-10-09 13:00:00,9,2,0,3,6
10480352,1659,1611,364,188989,2024-04-13 16:30:00,33,2,2,7,2
6589654,1619,1646,364,186810,2021-04-04 11:00:00,30,3,2,6,7
8827013,3157,3164,524,188160,2023-05-20 18:45:00,36,5,1,7,2
6425327,3775,3804,412,186243,2020-11-29 16:00:00,12,1,3,11,1
6639560,3176,3194,524,186353,2020-12-19 14:00:00,13,1,1,4,1
7512342,1647,1621,346,187482,2021-10-30 14:00:00,15,1,2,2,3
7512444,1642,1621,346,187482,2021-08-18 18:45:00,3,1,2,3,1
11933085,5648,5707,255,189744,2024-12-05 23:00:00,37,1,0,10,3
7512122,1621,1642,346,187482,2022-02-09 19:45:00,31,0,2,5,4
10480412,1624,1629,364,188989,2024-02-17 15:00:00,25,1,2,10,4
8785236,2444,2447,426,188082,2023-04-01 16:30:00,26,4,2,6,3
6589524,1627,1609,364,186810,2021-01-02 20:00:00,17,0,4,3,5
6639372,3164,3194,524,186353,2021-04-17 13:00:00,31,3,1,5,7
11932851,5649,5646,255,189744,2024-07-04 22:00:00,14,2,2,5,10
8822991,702,675,795,188124,2022-10-19 19:00:00,10,0,3,7,2
7536066,686,679,795,187526,2022-04-09 14:15:00,31,1,0,1,6
11873099,5654,5638,255,189744,2024-04-18 00:30:00,2,2,1,9,1
7536263,713,692,795,187526,2021-11-01 17:30:00,12,0,0,4,7
8827006,3161,3315,524,188160,2023-05-13 18:45:00,35,4,2,1,5
7246002,5674,5655,255,187168,2021-10-17 23:30:00,27,0,0,8,4
8826747,3178,3236,524,188160,2022-10-15 13:00:00,10,1,0,2,9
6184881,5674,5655,255,186667,2020-08-20 22:15:00,4,0,1,4,5
6594029,10529,1618,346,186333,2020-12-16 19:00:00,19,3,2,8,1
10480421,1611,1633,364,188989,2024-02-04 14:00:00,23,3,0,5,8
7246134,5653,5646,255,187168,2021-08-14 22:00:00,16,2,0,11,2
7511898,1616,1620,346,187482,2021-08-08 12:30:00,1,1,1,4,2
7517897,3782,3767,412,187374,2021-11-28 12:00:00,15,1,3,5,5
10521402,756,676,795,189012,2024-05-04 16:30:00,34,4,2,5,4
6542999,2462,2975,426,186265,2020-11-21 17:30:00,8,1,1,5,6
6425394,3767,3776,412,186243,2021-04-03 15:00:00,31,0,1,5,0
6593926,1663,1647,346,186333,2021-03-10 19:00:00,28,0,0,3,5
7246206,5638,5685,255,187168,2021-07-04 21:15:00,9,1,2,4,7
8786338,3774,19830,412,188122,2023-05-27 19:00:00,37,2,0,7,3
10517433,1626,1672,346,188987,2023-08-05 14:00:00,1,2,1,9,4
6589444,1651,1612,364,186810,2020-11-28 12:30:00,10,1,1,4,3
8785274,2482,2463,426,188082,2023-04-22 13:30:00,29,1,3,2,5
8819589,1621,1673,346,188096,2022-11-05 15:00:00,20,1,0,5,4
7517723,3795,3777,412,187374,2022-02-06 14:00:00,23,0,0,6,7
8785875,19830,3799,412,188122,2022-10-30 14:00:00,13,2,0,7,0
6589499,1612,1627,364,186810,2020-12-27 16:30:00,15,1,1,7,3
7536000,676,686,795,187526,2022-05-01 19:00:00,34,2,1,5,2
7485420,1609,1624,364,187475,2021-09-26 15:30:00,6,3,1,4,4
7516627,2500,2445,426,187511,2022-03-12 14:30:00,26,1,1,3,3
8341361,5660,5655,255,187965,2022-08-08 23:00:00,21,1,2,6,7
6589685,1629,1646,364,186810,2021-04-25 11:00:00,33,0,4,8,5
7245980,5648,5674,255,187168,2021-11-07,30,1,0,5,4
6594013,1678,1650,346,186333,2020-12-19 15:00:00,20,1,1,5,8
8826857,3178,3185,524,188160,2023-01-28 14:00:00,20,2,2,5,5
7512236,1655,1647,346,187482,2021-12-04 15:00:00,21,1,0,3,3
6589473,1629,1614,364,186810,2020-12-12 12:30:00,12,0,1,5,8
10521398,679,678,795,189012,2024-04-27 19:00:00,33,3,1,3,5
8341397,5673,5638,255,187965,2022-10-06 23:00:00,30,1,2,3,3
10607793,3315,3161,524,188994,2024-05-04 18:45:00,35,1,0,2,5
7517749,3803,3776,412,187374,2022-01-22 16:00:00,22,2,0,5,10
7485374,1613,1626,364,187475,2021-11-30 19:30:00,14,1,1,2,5
6425244,3779,3776,412,186243,2020-10-04 13:00:00,6,0,3,11,1
8819808,1644,1618,346,188096,2023-03-14 19:45:00,37,3,0,3,1
7516709,2459,2448,426,187511,2021-12-14 19:30:00,16,2,0,6,2
6632683,802,676,795,186267,2021-01-03 20:00:00,17,0,1,2,7
10480426,1625,1610,364,188989,2024-02-17 17:30:00,25,1,1,12,1
10607709,3185,3162,524,188994,2024-02-22 19:45:00,21,0,2,7,4
10518019,10531,1619,346,188987,2024-01-20 12:30:00,28,1,3,3,8
6184970,5649,5644,255,186667,2020-10-03 20:00:00,13,1,1,5,5
10521184,692,679,795,189012,2023-10-21 19:00:00,10,0,3,7,5
8826786,3158,3162,524,188160,2022-11-06 17:00:00,13,0,1,4,2
9967478,5659,5657,255,188756,2023-07-02 19:00:00,13,2,0,4,8
10567015,19830,3771,412,189971,2023-09-30 19:00:00,7,3,2,2,6
9967481,5649,5659,255,188756,2023-07-09 21:30:00,14,0,2,10,2
8341168,5707,5812,255,187965,2022-04-30 22:00:00,4,1,1,4,6
7246047,5656,5646,255,187168,2021-09-25 22:00:00,22,2,1,5,9
7536245,687,686,795,187526,2021-10-16 19:00:00,9,1,0,2,6
7517660,3772,3782,412,187374,2022-04-20 17:00:00,33,2,2,5,4
6589439,1613,1610,364,186810,2020-11-21 12:30:00,9,0,2,7,4
10567279,3773,3775,412,189971,2024-03-16 20:00:00,26,1,3,11,3
6185081,5638,5674,255,186667,2020-12-06 19:00:00,24,1,0,11,1
7606781,3157,3315,524,187528,2021-11-28 14:00:00,14,1,3,7,6
6425390,3766,3799,412,186243,2021-04-11 19:00:00,32,3,0,5,4
7606896,3194,3162,524,187528,2021-10-24 13:00:00,9,4,1,3,4
10518366,1618,1632,346,188987,2024-02-17 15:00:00,33,2,1,5,5
7485439,1610,1619,364,187475,2021-10-02 14:00:00,7,3,1,7,2
7536175,678,695,795,187526,2022-03-07 20:00:00,27,3,1,4,3
6425275,3767,3779,412,186243,2020-12-23 20:00:00,17,4,0,5,5
6185179,5643,5653,255,186667,2021-02-04 00:30:00,34,1,0,1,8
7246226,5685,5646,255,187168,2021-06-23 22:00:00,6,3,1,5,10
8786346,3775,3766,412,188122,2023-06-03 19:00:00,38,3,1,3,2
10521319,684,846,795,189012,2024-01-13 20:00:00,20,1,0,13,1
6542798,2446,2463,426,186265,2021-04-17 16:30:00,29,3,0,2,3
8786161,3767,3766,412,188122,2023-04-02 18:45:00,29,0,1,7,1
6589667,1614,1625,364,186810,2021-04-21 19:15:00,32,1,2,1,11
7485294,1625,1633,364,187475,2021-11-28 14:00:00,13,2,1,8,4
10521458,714,682,795,189012,2024-01-13 13:00:00,20,3,0,4,6
10572206,2463,2443,426,188974,2024-02-16 19:30:00,22,0,1,NA,NA
7245937,5677,5707,255,187168,2021-11-21 22:00:00,34,0,0,8,4
10607708,3157,3166,524,188994,2024-01-27 19:45:00,22,2,2,4,1
8777015,1625,1633,364,188095,2023-05-03 19:00:00,28,3,0,6,3
6639667,3164,3219,524,186353,2020-09-26 16:00:00,2,2,3,6,4
8785952,3774,3767,412,188122,2023-01-15 19:45:00,19,1,0,4,5
7512161,1663,1664,346,187482,2022-04-26 18:45:00,27,0,2,6,4
10572079,2658,2448,426,188974,2023-11-26 14:30:00,12,0,0,6,5
6425463,3771,3767,412,186243,2021-02-07 20:00:00,24,0,2,7,1
10517429,1620,1638,346,188987,2023-08-05 14:00:00,1,0,1,12,6
7512087,1673,1636,346,187482,2022-02-12 12:30:00,32,0,0,9,2
8823240,678,708,795,188124,2022-09-30 19:00:00,7,4,0,11,2
6589431,1627,1624,364,186810,2020-11-08 12:00:00,8,0,1,9,6
6185098,5657,5655,255,186667,2020-12-20 19:00:00,26,1,0,1,2
11467180,3163,3162,524,188994,2024-01-07 14:00:00,19,1,2,4,4
8819382,1618,1635,346,188096,2022-08-20 14:00:00,5,0,1,7,3
10607510,3192,3161,524,188994,2023-09-30 18:45:00,7,0,4,3,3
10518360,1643,1672,346,188987,2024-02-13 19:45:00,32,1,2,4,9
8819523,1626,1641,346,188096,2022-10-08 14:00:00,14,2,3,8,3
7246008,5649,5650,255,187168,2021-10-17 21:15:00,27,3,2,7,1
6639438,3193,3164,524,186353,2021-03-03 19:45:00,25,1,1,2,4
10572093,2460,2975,426,188974,2023-11-04 14:30:00,10,2,0,2,7
8819743,10529,1637,346,188096,2023-02-17 20:00:00,33,1,0,8,3
6639529,3162,3176,524,186353,2021-01-06 14:00:00,16,2,1,2,9
10521169,679,680,795,189012,2023-12-23 15:15:00,4,1,0,6,5
8785264,2449,2443,426,188082,2023-04-29 16:30:00,30,2,1,11,3
7511947,1639,1650,346,187482,2022-04-23 14:00:00,44,1,0,9,7
8785103,2975,2446,426,188082,2022-10-29 13:30:00,12,2,0,3,3
8823301,684,680,795,188124,2022-11-06 20:00:00,13,1,1,1,4
7606667,3163,3173,524,187528,2022-04-03 13:00:00,31,5,1,2,2
6632693,846,674,795,186267,2020-12-30 16:00:00,16,2,1,6,6
6632837,684,690,795,186267,2020-09-20 16:30:00,2,2,0,5,3
10607597,3158,3236,524,188994,2023-10-22 10:30:00,9,1,0,8,5
11932914,5656,5649,255,189744,2024-07-25 23:00:00,19,2,2,4,5
7517762,3773,3774,412,187374,2022-01-08 20:00:00,20,1,0,12,1
7246199,5707,5653,255,187168,2021-07-04 21:15:00,9,0,1,5,1
7511970,1647,1616,346,187482,2022-04-15 19:00:00,42,2,1,3,8
6639679,3162,3172,524,186353,2020-09-30 18:45:00,1,1,4,7,3
6425409,3777,3774,412,186243,2021-03-20 12:00:00,30,1,3,4,3
7536225,678,682,795,187526,2021-10-23 19:00:00,10,2,1,9,2
7512114,1663,1650,346,187482,2022-02-12 15:00:00,32,1,0,2,4
6185124,5660,5643,255,186667,2021-01-06 23:30:00,28,1,2,6,4
7517635,3795,3797,412,187374,2022-04-20 17:00:00,33,0,1,5,2
8823115,708,700,795,188124,2023-03-18 13:00:00,26,1,1,5,2
6542773,2447,2975,426,186265,2021-05-08 13:30:00,32,3,2,7,7
8341496,5655,5666,255,187965,2022-11-05 19:30:00,36,1,1,9,4
7536070,846,681,795,187526,2022-01-23 13:00:00,22,0,2,4,3
7485365,1630,1631,364,187475,2021-11-07 14:00:00,11,1,1,10,5
10480151,1651,1636,364,188989,2023-11-12 14:00:00,12,1,1,6,3
6589541,1625,1628,364,186810,2021-01-17 19:15:00,19,4,0,11,1
7536159,674,676,795,187526,2022-02-20 15:15:00,25,1,4,8,3
8826741,3162,3163,524,188160,2022-10-16 13:00:00,10,0,0,7,3
6594149,1650,10529,346,186333,2020-10-31 15:00:00,9,3,2,8,4
10607850,3187,3185,524,188994,2024-03-08 19:45:00,28,1,1,13,7
6543061,2500,2481,426,186265,2020-09-19 13:30:00,1,1,3,8,1
10518785,1626,1643,346,188987,2024-03-09 15:00:00,37,5,0,4,3
8341352,5646,5650,255,187965,2022-09-11,26,2,1,14,3
6589355,1616,1609,364,186810,2020-09-12 11:30:00,1,0,3,2,3
7536181,686,674,795,187526,2022-02-26 13:00:00,26,0,1,14,1
6542781,2446,2462,426,186265,2021-04-24 16:30:00,31,3,1,5,6
8777016,1669,1613,364,188095,2023-04-08 14:00:00,30,1,2,6,5
8785020,2449,2454,426,188082,2022-08-13 16:30:00,2,2,2,2,7
10518038,1644,1650,346,188987,2023-08-05 14:00:00,1,4,0,8,2
7606731,3191,3187,524,187528,2022-02-06 14:00:00,24,0,2,2,6
10567035,3797,3770,412,189971,2023-09-17 13:00:00,5,0,1,6,3
11873138,5644,5677,255,189744,2024-04-13 21:30:00,1,2,1,6,3
6589708,1623,1636,364,186810,2021-05-16 18:00:00,36,0,1,11,4
10607573,3161,3254,524,188994,2023-11-12 19:45:00,12,2,0,9,4
9967535,5656,5660,255,188756,2023-08-13 19:00:00,19,3,1,4,2
10480262,1624,1669,364,188989,2024-01-31 19:30:00,22,3,2,5,3
7512148,1655,10529,346,187482,2022-01-22 12:30:00,28,3,2,3,6
6589503,1629,1624,364,186810,2020-12-27 19:15:00,15,1,1,8,2
6589679,1630,1611,364,186810,2021-04-25 13:00:00,33,0,0,2,6
10521386,676,687,795,189012,2024-05-13 19:00:00,35,2,0,6,2
8776867,1631,1625,364,188095,2022-10-29 11:30:00,14,0,1,3,10
11932931,5651,5649,255,189744,2024-08-04 19:00:00,21,0,2,9,0
7246192,5663,5673,255,187168,2021-07-07 21:00:00,10,4,0,2,3
8785926,3797,3774,412,188122,2023-01-11 18:00:00,18,2,1,4,1
7536238,686,695,795,187526,2021-10-02 14:15:00,8,1,0,8,3
8341161,5685,5812,255,187965,2022-04-17 21:00:00,2,4,0,13,2
10607601,3236,3192,524,188994,2023-10-08 10:30:00,8,3,0,7,7
6184914,5643,5656,255,186667,2020-09-02 22:15:00,7,1,2,3,6
7485357,1626,1611,364,187475,2021-12-11 17:30:00,16,0,1,8,6
10521375,680,846,795,189012,2024-05-05 19:00:00,34,3,0,5,4
10518637,1672,1650,346,188987,2024-04-13 14:00:00,43,3,0,4,3
10521104,714,686,795,189012,2023-08-12 17:30:00,1,1,1,3,6
7485321,1628,1644,364,187475,2022-05-07 14:00:00,36,1,0,8,5
7517654,3803,3766,412,187374,2022-04-20 19:00:00,33,2,1,2,2
6593936,10529,1638,346,186333,2021-01-30 15:00:00,27,1,1,5,3
8341300,5660,5663,255,187965,2022-07-03 21:00:00,15,2,1,2,6
7516648,2446,2459,426,187511,2022-02-26 14:30:00,24,3,0,6,3
10521334,708,680,795,189012,2024-03-11 20:00:00,28,2,2,1,8
6593957,1618,1641,346,186333,2021-01-20 19:45:00,25,0,1,5,3
6639471,3164,3176,524,186353,2021-02-14 14:00:00,22,2,1,6,7
8341269,5812,5663,255,187965,2022-07-17 21:00:00,17,0,1,5,6
10517456,1630,1627,346,188987,2023-08-18 19:00:00,3,1,1,4,3
7536018,680,676,795,187526,2021-12-21 20:30:00,4,1,1,4,9
11873151,5648,5685,255,189744,2024-04-14,1,2,2,13,6
8785177,2444,2448,426,188082,2023-02-11 14:30:00,20,3,0,6,3
11932907,5642,5654,255,189744,2024-07-24 23:00:00,19,1,2,4,8
10567239,3770,3767,412,189971,2024-02-17 20:00:00,22,0,2,3,8
7536164,700,698,795,187526,2022-02-19 17:30:00,25,1,1,7,2
6639515,3163,3187,524,186353,2021-01-10 14:00:00,17,1,2,2,7
6639323,3193,3315,524,186353,2021-05-09 10:30:00,35,1,2,8,2
10607743,3159,3236,524,188994,2024-05-25 16:00:00,38,2,0,3,4
8776779,1609,1614,364,188095,2022-08-31 18:30:00,5,2,1,10,3
10480339,1628,1633,364,188989,2024-04-21 14:00:00,34,5,2,4,0
6632764,695,696,795,186267,2020-11-08 17:30:00,9,1,1,12,1
8776893,1614,1612,364,188095,2022-12-26 17:30:00,17,1,3,0,6
7246083,5669,5646,255,187168,2021-10-20 22:00:00,19,1,2,7,6
10517490,1644,1627,346,188987,2023-09-20 18:45:00,7,2,2,3,2
6542936,2453,2463,426,186265,2021-01-09 14:30:00,15,5,0,1,3
8785899,19830,3771,412,188122,2022-11-13 19:45:00,15,2,3,5,4
6184945,5654,5643,255,186667,2020-10-13 21:00:00,11,2,1,9,4
8819798,1643,10529,346,188096,2023-04-27 19:00:00,38,1,2,6,4
11932929,5644,5651,255,189744,2024-08-11 22:00:00,22,2,2,9,0
7485488,1612,1610,364,187475,2021-08-28 16:30:00,3,1,1,12,3
8819690,1643,1632,346,188096,2023-02-21 19:45:00,29,2,1,5,6
8341506,5659,5707,255,187965,2022-11-01 22:00:00,35,0,2,11,3
6425258,3787,3770,412,186243,2021-01-09 20:00:00,19,1,1,1,8
7518032,19830,3770,412,187374,2021-08-06 19:00:00,1,1,1,5,2
11873065,5646,5644,255,189744,2024-04-17 23:00:00,2,0,1,6,2
11873064,5657,5640,255,189744,2024-06-16 21:30:00,9,0,0,5,5
6425396,3770,3775,412,186243,2021-04-04 13:00:00,31,1,2,10,5
6425412,3803,3799,412,186243,2021-03-21 14:00:00,30,0,0,3,6
6542962,2463,2446,426,186265,2020-12-16 19:30:00,12,0,4,2,6
6542831,2481,2454,426,186265,2021-03-12 19:30:00,25,3,1,1,10
9967463,5654,5673,255,188756,2023-07-22 19:00:00,16,1,1,12,7
8819733,10531,1664,346,188096,2023-02-15 19:45:00,32,2,1,6,2
10567260,3793,3780,412,189971,2024-03-10 14:00:00,25,1,0,3,3
8776742,1624,1619,364,188095,2022-08-06 14:00:00,1,4,1,10,2
10572302,2454,2462,426,188974,2024-05-11 13:30:00,33,1,1,2,8
10517520,1655,1649,346,188987,2023-09-19 18:45:00,7,4,1,7,1
7517963,3802,3795,412,187374,2021-10-24 13:00:00,11,1,2,7,1
6639538,3161,3197,524,186353,2021-01-03 11:30:00,15,6,2,3,3
10567116,3770,3803,412,189971,2023-12-17 12:00:00,16,0,2,4,3
7511911,1637,1641,346,187482,2021-08-14 14:00:00,2,2,1,2,12
8819595,10531,1635,346,188096,2022-11-05 15:00:00,20,2,2,6,3
7245962,5677,5653,255,187168,2021-12-02 21:00:00,32,2,3,4,6
8819353,1620,1627,346,188096,2022-07-30 16:30:00,1,1,1,4,3
10607870,3168,3161,524,188994,2024-02-25 17:00:00,26,0,4,7,10
8819782,1650,1644,346,188096,2023-03-11 15:00:00,36,1,0,2,5
6632517,700,692,795,186267,2021-04-18 16:30:00,33,0,0,4,7
8827003,3164,3178,524,188160,2023-05-15 18:45:00,35,1,1,1,2
6185077,5655,5646,255,186667,2020-12-05 20:00:00,24,2,2,8,7
8341415,5654,5648,255,187965,2022-09-18 19:00:00,27,1,2,6,2
12281103,5644,5638,255,189744,2024-06-13 23:00:00,8,0,0,5,3
10572112,2481,2451,426,188974,2023-10-28 13:30:00,9,3,2,5,5
10521300,675,679,795,189012,2024-02-04 20:00:00,23,1,1,2,8
10572228,2500,2444,426,188974,2024-04-20 16:30:00,30,1,5,5,3
6425347,3813,3799,412,186243,2020-11-08 14:00:00,10,1,5,6,2
8823106,690,691,795,188124,2023-03-05 13:00:00,24,2,1,9,6
7512039,1639,1664,346,187482,2022-03-05 15:00:00,36,0,1,2,2
6632513,692,695,795,186267,2021-04-30 19:00:00,34,2,0,1,5
7606837,3161,3205,524,187528,2021-12-01 17:30:00,15,2,0,11,1
6425223,3766,3804,412,186243,2020-08-28 19:00:00,2,4,1,12,2
8819505,1620,1618,346,188096,2022-10-05 18:45:00,13,1,0,6,6
12281089,5663,5651,255,189744,2024-06-02 21:30:00,7,1,0,2,4
6632479,684,802,795,186267,2021-05-16 16:30:00,37,1,0,2,5
7516665,2482,2459,426,187511,2022-02-13 16:30:00,22,2,0,13,3
6594087,1643,1659,346,186333,2020-11-28 15:00:00,14,2,2,7,4
6543045,2451,2481,426,186265,2020-10-04 13:30:00,3,0,0,12,2
7485405,1644,1619,364,187475,2021-10-30 14:00:00,10,0,1,5,8
10572170,2443,2975,426,188974,2023-12-19 17:30:00,16,1,1,1,4
6632483,696,846,795,186267,2021-05-16 16:30:00,37,4,2,6,1
6184855,5648,5646,255,186667,2020-08-13 00:30:00,2,1,1,3,3
8341344,5812,5707,255,187965,2022-08-21 21:00:00,23,1,1,3,17
11932987,5677,5641,255,189744,2024-09-29 21:30:00,28,1,0,9,1
10480279,1646,1659,364,188989,2024-03-03 13:00:00,27,0,2,7,2
8785954,3803,3776,412,188122,2023-01-11 18:00:00,18,0,0,0,8
10518944,1631,1621,346,188987,2024-05-04 11:30:00,46,0,2,7,4
6589540,1612,1611,364,186810,2021-01-17 16:30:00,19,0,0,7,3
8785014,2482,2448,426,188082,2022-08-13 13:30:00,2,3,2,8,2
8341147,5685,5653,255,187965,2022-05-11 23:30:00,7,1,1,3,10
8786395,3787,3775,412,188122,2023-05-27 19:00:00,37,2,3,2,10
6184939,5653,5685,255,186667,2020-09-13 21:00:00,10,2,1,8,3
7246154,5653,5651,255,187168,2021-08-01 19:00:00,14,2,0,4,2
11340328,5649,5657,255,188756,2023-12-03 21:30:00,37,1,0,5,6
8785256,2457,2443,426,188082,2023-04-22 13:30:00,29,2,4,8,4
6589701,1612,1619,364,186810,2021-05-08 19:15:00,35,2,0,8,4
10480409,1609,1612,364,188989,2024-02-04 16:30:00,23,3,1,2,4
6184946,5659,5655,255,186667,2020-09-20 21:15:00,11,0,0,8,10
8776873,1612,1630,364,188095,2022-10-29 18:45:00,14,1,2,14,4
6639474,3163,3194,524,186353,2021-02-07 14:00:00,21,2,0,10,8
6639545,3163,3219,524,186353,2020-12-23 19:45:00,14,0,2,7,1
10572043,2451,2500,426,188974,2023-09-16 13:30:00,4,2,1,3,7
8819514,1632,1635,346,188096,2022-10-15 14:00:00,15,2,1,1,5
7606868,3178,3176,524,187528,2021-11-27 14:00:00,14,2,1,8,5
6594000,1618,1647,346,186333,2020-12-29 17:30:00,22,0,4,2,7
10517850,1619,1618,346,188987,2023-10-28 11:30:00,14,3,1,4,4
7606784,3192,3178,524,187528,2021-10-23 13:00:00,9,2,4,7,2
8822982,679,756,795,188124,2022-10-08 14:15:00,8,2,1,8,3
10572149,2447,2448,426,188974,2024-01-28 16:30:00,19,3,1,9,4
8785914,3803,3766,412,188122,2022-12-28 20:00:00,16,2,4,6,6
7535917,682,846,795,187526,2021-08-16 18:00:00,1,0,0,6,2
7512438,1664,1640,346,187482,2021-08-17 18:45:00,3,0,1,6,11
10567104,3779,3776,412,189971,2023-12-20 20:00:00,17,2,1,6,5
6632697,679,698,795,186267,2020-12-30 18:15:00,16,1,0,5,2
10480105,1633,1636,364,188989,2023-09-30 14:00:00,7,2,0,7,4
6589448,1631,1616,364,186810,2020-11-30 17:30:00,10,1,2,6,5
8341381,5655,5653,255,187965,2022-10-06 00:30:00,30,1,2,5,4
6184987,5646,5638,255,186667,2020-10-11 19:00:00,15,0,2,8,4
7517982,3779,3777,412,187374,2021-09-17 19:00:00,6,3,0,3,7
7512097,1655,1637,346,187482,2022-02-09 19:45:00,31,2,1,5,6
6593893,1650,1669,346,186333,2021-02-17 19:00:00,30,2,1,5,4
8785255,2454,2448,426,188082,2023-05-06 13:30:00,31,2,0,11,3
10518032,1641,1666,346,188987,2023-12-29 19:45:00,25,0,1,3,0
10518305,1666,1649,346,188987,2024-03-05 19:45:00,36,1,0,8,2
10567119,3766,3780,412,189971,2023-12-10 16:05:00,15,3,0,2,1
10517782,10531,1672,346,188987,2023-11-25 15:00:00,17,2,2,2,1
6542987,2481,2453,426,186265,2020-11-28 14:30:00,9,1,1,4,1
6185189,5648,5653,255,186667,2021-02-11 00:30:00,35,0,0,6,6
8822944,674,756,795,188124,2022-08-14 17:30:00,1,1,0,4,4
7536011,679,846,795,187526,2022-04-20 17:00:00,33,0,0,11,1
6593987,1669,1655,346,186333,2021-02-03 19:45:00,23,3,2,5,3
7511929,1616,1660,346,187482,2022-05-02 16:15:00,45,7,0,5,3
8819810,1673,1626,346,188096,2023-03-15 19:45:00,37,1,1,6,8
10572252,2481,2658,426,188974,2024-03-09 14:30:00,25,1,0,5,2
6593722,1669,1644,346,186333,2021-05-01 14:00:00,45,2,0,5,1
8826746,3172,3162,524,188160,2022-10-23 16:00:00,11,0,2,5,8
10572134,2520,2447,426,188974,2024-01-13 17:30:00,17,0,3,3,4
12235194,3172,3176,524,188994,2024-06-02 16:00:00,29,2,3,4,4
10567020,3777,3779,412,189971,2023-09-24 11:00:00,6,0,1,1,1
10572200,2460,2454,426,188974,2024-03-02 14:30:00,24,1,1,12,6
7512257,10531,1664,346,187482,2021-11-20 15:00:00,18,1,1,3,4
6593903,1655,1637,346,186333,2021-02-16 19:45:00,30,0,2,5,6
8819584,1638,1672,346,188096,2022-11-05 15:00:00,20,0,0,10,2
10567060,3770,3787,412,189971,2023-10-22 13:00:00,9,2,0,4,3
6425239,3772,3813,412,186243,2020-10-25 14:00:00,8,2,0,7,4
11873141,5638,5646,255,189744,2024-04-29 23:00:00,4,0,0,6,4
6185050,5655,5644,255,186667,2020-11-14 19:30:00,21,2,0,2,7
10567246,3774,3788,412,189971,2024-03-03 16:00:00,24,1,2,6,3
7606614,3187,3315,524,187528,2022-04-30 13:00:00,35,6,1,4,3
10521185,682,714,795,189012,2023-10-08 12:00:00,9,1,2,6,2
8341478,5650,5654,255,187965,2022-11-10 00:30:00,37,2,2,2,4
10480297,1616,1651,364,188989,2024-03-02 15:00:00,27,3,0,2,6
6632783,681,678,795,186267,2020-10-24 16:30:00,7,1,0,2,5
6594008,10529,1669,346,186333,2020-12-26 15:00:00,21,2,3,3,6
6589498,1631,1611,364,186810,2020-12-26 12:30:00,15,2,2,5,0
10567109,3787,3773,412,189971,2023-12-08 20:00:00,15,0,0,4,3
8819874,1643,1660,346,188096,2023-04-15 14:00:00,42,0,2,2,6
8819666,1660,1627,346,188096,2023-01-14 15:00:00,27,2,3,2,9
6639411,3159,3219,524,186353,2021-03-21 14:00:00,28,0,1,9,1
6593895,1640,1626,346,186333,2021-02-17 19:00:00,30,0,2,4,5
8785249,2454,2451,426,188082,2023-04-09 13:30:00,27,2,0,5,8
10521171,684,700,795,189012,2023-09-24 16:30:00,6,1,1,11,8
8826765,3162,3166,524,188160,2022-08-14 16:30:00,1,2,1,3,2
8819390,1646,1672,346,188096,2022-08-16 18:45:00,4,1,1,6,2
6542884,2454,2463,426,186265,2021-02-06 17:30:00,20,1,2,4,1
7516798,2457,2446,426,187511,2021-11-07 14:30:00,11,1,1,5,6
7245960,5812,5655,255,187168,2021-11-13 20:00:00,32,0,0,14,2
8823079,687,692,795,188124,2023-02-18 13:00:00,22,1,1,3,7
6632542,695,680,795,186267,2021-04-21 17:00:00,31,0,1,2,3
6639456,3173,3185,524,186353,2021-02-19 19:45:00,23,0,1,8,3
10572280,2975,2460,426,188974,2024-03-30 14:30:00,27,0,0,12,2
8826816,3176,3315,524,188160,2023-01-07 14:00:00,17,2,1,6,3
8819881,1655,1646,346,188096,2023-04-29 14:00:00,45,1,2,3,3
8777059,1619,1659,364,188095,2023-04-27 18:45:00,33,0,1,6,4
6589683,1636,1651,364,186810,2021-04-24 19:00:00,33,1,0,2,12
11932962,5812,5650,255,189744,2024-08-24 19:00:00,24,2,1,4,6
6543028,2975,2457,426,186265,2020-10-24 12:30:00,5,2,1,7,3
6632769,682,690,795,186267,2020-11-02 20:00:00,8,2,0,6,4
6632653,695,690,795,186267,2021-01-22 20:00:00,20,2,2,8,2
10572308,2520,2658,426,188974,2024-04-28 17:30:00,31,0,1,3,8
8341198,5660,5638,255,187965,2022-06-09 23:00:00,10,1,1,1,10
6184902,5660,5674,255,186667,2020-08-30 19:00:00,6,1,0,5,2
6589357,1627,1631,364,186810,2020-09-13 13:00:00,1,0,3,2,5
10480353,1623,1646,364,188989,2024-04-06 14:00:00,32,1,0,3,5
6594021,1660,1659,346,186333,2020-12-19 15:00:00,20,0,0,6,7
10480305,1660,1642,364,188989,2024-03-16 15:00:00,29,1,1,6,7
8341356,5659,5812,255,187965,2022-08-14,22,0,0,8,3
11933057,5653,5659,255,189744,2024-11-21 00:30:00,34,0,0,1,11
7516623,2460,2447,426,187511,2022-03-16 17:30:00,25,0,1,5,5
11932917,5659,5640,255,189744,2024-07-28 00:30:00,20,0,3,8,1
6639383,3163,3185,524,186353,2021-04-10 18:45:00,30,0,1,5,4
8823139,682,690,795,188124,2023-04-15 12:00:00,29,1,2,8,5
7606765,3173,3166,524,187528,2022-01-11 19:45:00,21,2,1,5,5
7536130,675,687,795,187526,2022-03-05 20:00:00,27,4,1,7,1
6185094,5669,5812,255,186667,2020-12-13,25,1,2,2,8
6184850,5649,5648,255,186667,2020-08-09 22:00:00,1,1,0,6,3
10572015,2658,2482,426,188974,2023-08-26 13:30:00,2,2,3,10,6
7606649,3315,3159,524,187528,2022-04-25 18:45:00,34,1,2,6,4
10607729,3158,3162,524,188994,2024-04-06 16:00:00,31,1,0,3,6
7536256,695,681,795,187526,2021-12-05 17:30:00,16,0,0,7,2
6589526,1614,1624,364,186810,2021-03-21 19:30:00,18,0,2,5,8
10518954,1643,10529,346,188987,2024-05-04 11:30:00,46,5,2,4,6
10480171,1636,1629,364,188989,2023-11-04 15:00:00,11,2,1,4,4
6594047,1618,1644,346,186333,2020-12-12 15:00:00,18,0,1,5,6
8777082,1616,1631,364,188095,2023-05-08 14:00:00,35,5,3,2,7
6594190,1626,1618,346,186333,2020-10-20 18:45:00,6,1,0,6,3
10521111,678,684,795,189012,2023-08-27 19:30:00,3,4,2,5,3
8826687,3236,3163,524,188160,2022-08-26 16:30:00,3,1,2,3,5
7245929,5673,5819,255,187168,2021-12-01,35,3,0,7,9
7606698,3166,3185,524,187528,2022-03-06 14:00:00,28,0,0,5,7
6594188,1637,1678,346,186333,2020-10-20 19:00:00,6,1,0,2,1
10607658,3192,3166,524,188994,2023-12-10 17:00:00,15,1,2,5,1
11932865,5649,5640,255,189744,2024-07-10 21:30:00,16,0,2,1,5
8777076,1610,1642,364,188095,2023-05-13 14:00:00,36,2,2,2,5
7517980,3787,3772,412,187374,2021-09-22 17:00:00,7,3,3,6,6
7512227,1650,1639,346,187482,2021-12-05 14:30:00,21,0,2,17,4
6593968,1642,1638,346,186333,2021-01-16 15:00:00,24,3,1,5,8
6185074,5663,5643,255,186667,2020-11-26 23:00:00,23,1,1,2,0
6542837,2443,2454,426,186265,2021-05-22 13:30:00,34,2,4,2,5
7485274,1625,1631,364,187475,2021-12-26 15:00:00,19,6,3,14,4
6589441,1624,1625,364,186810,2020-11-21 17:30:00,9,2,0,0,10
8786252,3776,3781,412,188122,2023-04-29 15:00:00,33,3,0,9,0
10572110,2520,2975,426,188974,2023-10-21 13:30:00,8,1,3,6,0
8341263,5659,5653,255,187965,2022-07-17 21:00:00,17,0,1,6,2
6639380,3157,3193,524,186353,2021-04-18 10:30:00,31,2,1,5,4
6425323,3799,3788,412,186243,2020-12-06 14:00:00,13,2,0,2,12
10480118,1633,1625,364,188989,2023-09-16 14:00:00,5,1,3,4,11
10567123,3771,3774,412,189971,2023-12-03 19:45:00,14,2,0,1,6
7517776,3777,3775,412,187374,2022-01-23 12:00:00,22,0,2,3,4
7485464,1630,1612,364,187475,2021-09-12 15:30:00,4,0,3,2,11
10607740,3163,3192,524,188994,2024-03-02 14:00:00,27,1,1,5,6
7518028,3772,3797,412,187374,2021-08-08 13:00:00,1,0,2,5,10
6185181,5659,5674,255,186667,2021-02-05 23:00:00,34,0,1,10,8
8776922,1614,1630,364,188095,2023-01-13 20:00:00,20,2,1,0,11
6639568,3160,3173,524,186353,2020-12-16 19:45:00,12,0,0,8,5
10480214,1611,1659,364,188989,2023-12-09 15:00:00,16,0,3,10,4
10567242,3788,3802,412,189971,2024-02-11 14:00:00,21,2,0,1,7
6589365,1623,1627,364,186810,2020-09-19 11:30:00,2,5,2,11,1
10567179,3766,3803,412,189971,2024-04-14 18:45:00,29,4,3,10,7
7512207,1616,1659,346,187482,2021-12-03 19:45:00,21,1,1,11,3
8785141,2448,2457,426,188082,2023-01-21 14:30:00,16,3,1,1,6
9967591,5663,5660,255,188756,2023-08-27 21:30:00,21,3,1,2,3
6542859,2481,2446,426,186265,2021-02-21 12:30:00,22,1,1,1,4
6542768,2463,2453,426,186265,2021-05-09 11:30:00,32,1,4,3,2
7606964,3193,3194,524,187528,2021-09-25 18:45:00,6,3,3,3,2
10607538,3185,3193,524,188994,2023-09-03 16:30:00,3,1,0,4,0
6425335,3802,3813,412,186243,2020-11-22 14:00:00,11,0,1,7,1
10521448,713,698,795,189012,2024-04-13 14:15:00,31,0,0,3,0
7246136,5656,5669,255,187168,2021-08-15 19:00:00,16,3,1,7,6
6185066,5653,5659,255,186667,2020-11-26 00:30:00,23,2,1,10,2
6185113,5655,5669,255,186667,2020-12-27 21:15:00,27,1,1,11,2
7245932,5812,5677,255,187168,2021-11-29 22:00:00,35,2,1,4,5
8786318,3774,3795,412,188122,2023-05-14 13:00:00,35,4,0,8,1
6542929,2447,2460,426,186265,2021-01-16 14:30:00,16,1,1,1,2
8826926,3164,3194,524,188160,2023-03-19 11:30:00,27,3,1,5,8
7485213,1610,1631,364,187475,2022-05-19 19:00:00,27,1,1,6,0
11293151,5640,5657,255,188756,2023-11-22 22:00:00,33,2,2,7,5
10518025,1673,1649,346,188987,2024-01-13 15:00:00,27,1,1,3,5
6542864,2453,2500,426,186265,2021-02-20 14:30:00,22,0,1,2,4
8341179,5654,5673,255,187965,2022-06-25 22:00:00,14,3,0,7,7
10480056,1659,1633,364,188989,2023-08-12 14:00:00,1,1,1,10,4
6632819,702,687,795,186267,2020-09-26 16:30:00,3,0,3,2,11
6639640,3176,3163,524,186353,2020-10-25 17:00:00,5,3,2,2,7
8785193,2481,2446,426,188082,2023-02-03 19:30:00,19,1,0,2,1
7246010,5646,5644,255,187168,2021-10-17 19:00:00,27,1,0,5,6
6639527,3187,3205,524,186353,2021-01-06 17:00:00,16,1,2,10,2
10517436,1621,1627,346,188987,2023-08-05 14:00:00,1,2,1,6,5
7246066,5644,5663,255,187168,2021-09-19 14:00:00,21,1,0,8,5
6425291,3788,3774,412,186243,2020-12-20 16:00:00,16,0,3,1,2
7245985,5656,5819,255,187168,2021-11-02 00:30:00,29,1,0,14,0
6632843,846,678,795,186267,2020-09-12 16:30:00,1,2,0,1,2
7606822,3176,3192,524,187528,2021-12-11 14:00:00,17,4,0,1,3
10521142,675,714,795,189012,2023-09-27 17:00:00,7,2,0,7,2
6589416,1630,1631,364,186810,2020-11-02 20:00:00,7,1,2,10,3
7517902,3803,19830,412,187374,2021-10-31 16:00:00,12,2,0,2,5
8819656,1664,1632,346,188096,2023-01-01 15:00:00,26,1,1,1,5
8819479,1640,1620,346,188096,2022-10-01 14:00:00,12,1,0,3,6
10607756,3193,3166,524,188994,2024-05-24 18:45:00,38,2,0,3,6
7512196,1640,1638,346,187482,2021-12-29 19:45:00,25,0,1,6,3
6425459,3776,3803,412,186243,2021-02-14 16:00:00,25,0,0,9,3
10517483,1638,1643,346,188987,2023-09-20 18:45:00,7,3,0,6,1
8819694,10529,1638,346,188096,2023-01-21 15:00:00,28,0,1,7,4
10607627,3166,3172,524,188994,2023-12-23 14:00:00,17,1,0,3,5
7516705,2457,2447,426,187511,2021-12-18 17:30:00,17,3,2,1,5
6589552,1619,1609,364,186810,2021-01-26 20:15:00,20,1,3,4,5
6639437,3159,3205,524,186353,2021-03-02 19:45:00,25,3,0,5,10
6425508,3766,3777,412,186243,2021-01-17 20:00:00,20,0,1,9,2
7512312,1618,10531,346,187482,2021-10-23 14:00:00,14,2,1,6,12
8776979,1624,1610,364,188095,2023-02-26 13:30:00,25,2,0,4,4
10480354,1629,1633,364,188989,2024-04-06 14:00:00,32,1,2,4,4
7512137,1640,1650,346,187482,2022-01-22 15:00:00,28,1,2,13,2
8341133,5666,5643,255,187965,2022-04-25 23:00:00,3,3,2,3,5
8826674,3315,3157,524,188160,2022-08-30 16:30:00,4,0,0,3,8
7536090,674,678,795,187526,2021-09-25 14:15:00,7,1,1,4,5
10480201,1629,1610,364,188989,2023-12-24 13:00:00,18,2,1,10,6
6185195,5669,5648,255,186667,2021-02-15 21:00:00,36,1,3,9,0
7516827,2445,2446,426,187511,2021-09-19 13:30:00,5,1,3,2,6
8826802,3157,3176,524,188160,2022-11-13 17:00:00,15,2,1,5,7
7516690,2451,2457,426,187511,2022-01-15 14:30:00,19,0,0,3,2
8822940,708,675,795,188124,2022-08-14 20:00:00,1,1,2,2,15
6593927,1659,1618,346,186333,2021-02-06 15:00:00,28,3,2,2,6
10572049,2975,2448,426,188974,2023-10-07 13:30:00,7,0,0,9,1
7517923,3775,3787,412,187374,2021-11-07 16:00:00,13,0,1,8,2
8341180,5660,5651,255,187965,2022-06-19 19:00:00,13,0,1,12,1
8776761,1616,1669,364,188095,2022-08-20 14:00:00,3,3,2,6,3
8819499,1660,1673,346,188096,2022-10-04 18:45:00,13,3,3,9,5
8776833,1610,1629,364,188095,2022-10-08 14:00:00,10,3,0,4,2
7518009,3772,3773,412,187374,2021-09-12 13:00:00,5,2,3,2,7
7535998,681,698,795,187526,2022-05-11 17:00:00,36,1,1,7,2
7485450,1612,1628,364,187475,2021-09-18 14:00:00,5,3,0,10,5
10572275,2445,2658,426,188974,2024-03-31 15:30:00,27,3,3,6,7
8776857,1623,1610,364,188095,2022-08-06 16:30:00,1,0,1,4,16
8776796,1610,1633,364,188095,2022-09-03 14:00:00,6,2,1,10,3
6589649,1623,1628,364,186810,2021-04-05 17:00:00,30,1,1,3,4
7517688,19830,3767,412,187374,2022-03-20 12:00:00,29,3,0,6,7
10607726,3157,3168,524,188994,2024-04-06 13:00:00,31,3,0,5,1
7606933,3157,3173,524,187528,2021-08-29 18:45:00,2,4,1,8,3
10480066,1612,1614,364,188989,2023-09-03 13:00:00,4,3,0,7,3
7536028,681,674,795,187526,2021-09-12 14:15:00,4,1,4,4,4
7485376,1612,1614,364,187475,2021-12-11 15:00:00,16,1,0,11,3
7516781,2460,2481,426,187511,2021-10-22 18:30:00,9,4,1,6,2
8785269,2453,2975,426,188082,2023-05-06 13:30:00,31,0,1,2,3
10518622,1631,1627,346,188987,2024-04-20 11:30:00,44,2,1,4,6
6593832,1644,1642,346,186333,2021-03-06 12:30:00,35,1,0,7,7
7516716,2975,2460,426,187511,2022-01-08 14:30:00,18,4,1,6,1
12258909,1630,1619,346,188987,2024-05-26 14:00:00,1,0,1,4,4
6542984,2482,2481,426,186265,2020-12-07 19:30:00,10,3,1,4,3
8776786,1629,1619,364,188095,2022-09-03 14:00:00,6,1,0,5,6
11933047,5638,5651,255,189744,2024-11-10,33,2,1,5,6
8819575,1673,1632,346,188096,2022-11-02 19:45:00,19,0,2,5,1
10607725,3194,3193,524,188994,2024-04-07 16:00:00,31,1,2,5,3
6425236,3772,3770,412,186243,2020-08-21 17:00:00,1,0,0,2,3
7536240,695,679,795,187526,2021-10-28 19:30:00,11,2,2,5,2
10517511,10529,1640,346,188987,2023-09-19 18:45:00,7,3,2,3,5
6589456,1646,1623,364,186810,2020-12-05 12:30:00,11,1,1,8,4
6593769,1618,1639,346,186333,2021-04-10 14:00:00,41,2,0,3,4
6589412,1629,1613,364,186810,2020-10-25 16:30:00,6,1,1,2,3
7517770,3787,3795,412,187374,2022-01-19 18:00:00,20,0,1,5,4
10521472,714,681,795,189012,2024-02-25 17:30:00,26,1,1,6,7
6589399,1613,1611,364,186810,2020-10-17 19:00:00,5,1,4,0,7
6639446,3158,3157,524,186353,2021-02-28 19:45:00,24,1,2,5,8
8776810,1659,1631,364,188095,2022-10-08 14:00:00,10,2,1,7,2
6632688,696,679,795,186267,2021-01-03 15:15:00,17,1,2,1,5
8826917,3194,3236,524,188160,2023-03-12 14:00:00,26,1,1,7,2
6593911,1647,1620,346,186333,2021-02-13 15:00:00,29,2,1,3,1
10572013,2446,2975,426,188974,2023-08-19 13:30:00,1,3,2,4,5
7536204,702,696,795,187526,2022-02-05 13:00:00,23,3,1,7,3
7516651,2457,2975,426,187511,2022-02-20 18:30:00,23,1,6,3,10
6185122,5659,5651,255,186667,2021-01-06 22:15:00,28,0,2,3,3
7517977,3802,3788,412,187374,2021-09-19 13:00:00,6,0,0,5,6
8341507,5666,5685,255,187965,2022-11-02 22:00:00,35,1,2,2,7
7485479,1651,1623,364,187475,2021-08-28 14:00:00,3,0,2,4,5
6593874,1678,1637,346,186333,2021-02-23 19:45:00,32,1,0,3,11
8776787,1631,1614,364,188095,2023-04-04 18:45:00,7,1,2,4,8
7511994,1636,1659,346,187482,2022-04-09 11:45:00,41,0,0,7,4
6594213,1639,1618,346,186333,2020-10-04 14:00:00,4,1,1,5,4
6632521,681,687,795,186267,2021-05-22 16:00:00,38,0,1,3,3
10572285,2975,2443,426,188974,2024-05-11 13:30:00,33,1,1,4,3
8823000,676,682,795,188124,2022-10-20 19:00:00,10,3,0,8,0
8785110,2482,2975,426,188082,2022-11-05 14:30:00,13,1,3,6,3
6425373,3802,3788,412,186243,2020-10-17 15:00:00,7,1,3,3,6
10480307,1628,1646,364,188989,2024-02-24 15:00:00,26,3,0,12,3
8341299,5663,5646,255,187965,2022-07-10 21:00:00,16,0,0,2,6
10607820,3315,3185,524,188994,2024-02-10 19:45:00,24,1,1,5,4
7485419,1626,1651,364,187475,2021-10-16 14:00:00,8,0,0,8,4
10521121,708,713,795,189012,2023-08-11 17:30:00,1,0,2,8,3
7516598,2975,2482,426,187511,2022-04-10 17:30:00,29,3,0,2,1
8826902,3185,3166,524,188160,2023-03-06 19:45:00,25,1,0,3,3
6425452,3803,3766,412,186243,2021-02-19 20:00:00,26,2,3,11,7
6593915,1618,1660,346,186333,2021-02-13 15:00:00,29,0,1,4,7
8823053,679,698,795,188124,2023-02-04 17:30:00,20,1,1,8,0
10521370,700,714,795,189012,2024-05-19 17:00:00,37,0,0,5,3
6185133,5654,5669,255,186667,2021-01-10 19:00:00,29,0,2,6,1
7517909,3773,3799,412,187374,2021-11-26 20:00:00,15,2,2,5,5
6185027,5646,5653,255,186667,2020-11-02 20:00:00,19,3,0,3,9
10567108,3788,3771,412,189971,2023-12-10 19:45:00,15,2,4,4,6
7517605,19830,3803,412,187374,2022-05-14 19:00:00,37,4,2,10,5
9967450,5649,5644,255,188756,2023-05-21 21:30:00,7,3,1,3,7
10572066,2447,2451,426,188974,2023-09-23 13:30:00,5,1,0,5,3
10572106,2446,2500,426,188974,2023-11-12 14:30:00,11,4,0,10,1
6425345,3779,3771,412,186243,2020-11-06 20:00:00,10,0,1,2,2
7517649,3767,3771,412,187374,2022-04-17 18:45:00,32,2,1,3,4
6594014,10531,1663,346,186333,2020-12-19 15:00:00,20,2,0,4,6
6185010,5644,5657,255,186667,2020-10-18 21:15:00,17,2,0,6,3
6593945,1638,1626,346,186333,2021-02-02 18:00:00,26,0,0,4,4
6425538,3775,3803,412,186243,2021-05-09 13:00:00,36,3,2,7,5
9967426,5646,5659,255,188756,2023-06-25 19:00:00,12,0,1,12,1
7516679,2459,2454,426,187511,2022-02-05 14:30:00,21,1,1,5,11
10480143,1625,1624,364,188989,2023-12-03 16:30:00,14,3,3,10,8
8823283,692,700,795,188124,2022-09-02 19:00:00,4,3,0,2,2
8827015,3168,3205,524,188160,2023-05-21 10:30:00,36,0,0,2,5
10607514,3194,3166,524,188994,2023-09-18 18:45:00,4,0,0,3,4
7485358,1610,1630,364,187475,2021-12-11 15:00:00,16,3,2,5,2
6632481,679,681,795,186267,2021-05-16 16:30:00,37,2,1,8,0
6632479,684,802,795,186267,2021-05-16 16:30:00,37,1,0,2,5
7246232,5677,5651,255,187168,2021-06-25 00:30:00,6,2,1,9,2
8785305,2445,2446,426,188082,2023-05-14 13:30:00,32,1,1,7,3
6185145,5660,5648,255,186667,2021-01-20 23:30:00,31,3,3,2,12
7516669,2454,2481,426,187511,2022-02-12 14:30:00,22,3,2,3,2
10518664,1631,1626,346,188987,2024-04-01 11:30:00,40,3,1,9,2
8785866,3774,3766,412,188122,2022-10-16 13:00:00,11,3,2,3,2
12194923,1619,1627,346,188987,2024-05-17 19:00:00,2,3,1,3,8
7485154,1633,1646,364,187475,2022-04-17 13:15:00,33,1,1,13,4
7606844,3173,3192,524,187528,2021-11-26 19:45:00,14,1,1,7,6
10480377,1624,1646,364,188989,2024-05-11 14:00:00,37,2,1,9,3
7517858,3779,3772,412,187374,2021-12-01 18:00:00,16,5,2,5,2
7536074,691,684,795,187526,2022-01-21 20:00:00,22,1,4,6,5
6184903,5663,5685,255,186667,2020-08-30,6,3,0,3,4
7512406,1660,1640,346,187482,2021-09-29 18:45:00,10,5,0,5,7
10480325,1651,1614,364,188989,2024-05-05 13:00:00,36,1,0,7,3
8785159,2500,2460,426,188082,2023-02-04 14:30:00,19,2,1,5,5
10521434,674,678,795,189012,2024-01-20 17:30:00,21,1,0,4,2
8341489,5646,5663,255,187965,2022-11-03 00:30:00,35,4,0,4,2
10480392,1612,1629,364,188989,2024-05-19 15:00:00,38,2,0,10,2
6185184,5685,5812,255,186667,2021-02-03 22:15:00,34,2,0,8,3
6632622,695,681,795,186267,2021-02-14 17:30:00,23,0,1,2,1
7606972,3164,3157,524,187528,2021-08-23 18:45:00,1,0,1,8,3
10566999,3771,3793,412,189971,2023-10-08 11:00:00,8,3,0,4,3
10607570,3254,3194,524,188994,2023-10-08 13:00:00,8,2,1,2,4
10567243,3770,3797,412,189971,2024-01-14 14:00:00,18,1,2,11,5
10521284,687,680,795,189012,2023-11-26 15:15:00,14,2,1,4,4
6632597,679,675,795,186267,2021-03-07 15:15:00,26,1,1,1,6
10521356,708,756,795,189012,2024-01-14 13:00:00,20,0,0,4,3
8341225,5651,5666,255,187965,2022-05-22 22:00:00,7,2,1,5,4
8826656,3235,3185,524,188160,2022-08-27 16:30:00,3,1,2,3,3
6589397,1631,1614,364,186810,2020-10-18 18:15:00,5,0,1,2,7
6425210,3787,3775,412,186243,2020-09-12 15:00:00,3,3,1,8,9
6639316,3162,3160,524,186353,2021-05-12 18:45:00,36,1,0,7,2
6185110,5677,5644,255,186667,2020-12-27 19:00:00,27,1,2,6,7
6425429,3766,3774,412,186243,2021-03-03 18:00:00,28,1,0,6,4
8785015,2975,2463,426,188082,2022-08-13 13:30:00,2,2,2,2,7
7516759,2463,2454,426,187511,2021-11-27 14:30:00,13,4,1,4,4
7516579,2469,2446,426,187511,2022-04-23 13:30:00,31,1,4,6,3
8823007,680,713,795,188124,2022-10-29 16:30:00,12,0,1,5,6
10518934,1634,1673,346,188987,2024-05-04 11:30:00,46,2,0,8,0
6639683,3219,3161,524,186353,2020-09-30 16:00:00,1,2,5,5,1
7246235,5638,5707,255,187168,2021-06-23 22:00:00,6,2,2,5,2
10607609,3178,3157,524,188994,2024-01-07 11:30:00,19,0,3,6,6
7485388,1625,1623,364,187475,2021-11-21 14:00:00,12,3,0,7,1
11873050,5812,5649,255,189744,2024-06-26 23:00:00,12,1,1,5,8
7517941,3776,3803,412,187374,2021-10-23 19:00:00,11,1,1,5,4
6593912,10529,1640,346,186333,2021-02-13 15:00:00,29,3,1,1,4
8786335,3766,19830,412,188122,2023-05-19 19:00:00,36,3,1,2,8
8785227,2500,2448,426,188082,2023-04-16 15:30:00,28,1,1,5,7
7485472,1619,1611,364,187475,2021-08-22 13:00:00,2,1,1,7,7
7517759,3776,3788,412,187374,2022-01-19 18:00:00,20,3,1,4,2
9967623,5655,5660,255,188756,2023-10-27 00:30:00,29,2,1,11,2
7512170,1637,1647,346,187482,2022-01-03 15:00:00,26,2,2,3,10
10518632,1620,1666,346,188987,2024-04-01 14:00:00,40,2,0,11,5
11933037,5659,5657,255,189744,2024-11-06 00:30:00,32,3,0,7,4
8786120,3797,3773,412,188122,2023-03-12 12:00:00,27,0,4,6,4
6593937,1669,1678,346,186333,2021-01-30 15:00:00,27,7,2,5,2
6425297,3813,3775,412,186243,2020-12-16 18:00:00,15,0,2,4,5
8823016,691,702,795,188124,2022-10-23 12:00:00,11,2,2,5,3
8785791,3802,3766,412,188122,2022-08-28 15:05:00,4,1,1,2,7
8785196,2500,2462,426,188082,2023-03-19 14:30:00,25,2,0,3,7
10521275,696,846,795,189012,2023-11-24 20:00:00,14,3,1,6,2
7485325,1612,1624,364,187475,2022-05-07 18:45:00,36,1,1,11,5
8823290,756,687,795,188124,2022-10-02 16:30:00,7,3,5,2,2
8785075,2451,2445,426,188082,2022-10-01 13:30:00,8,3,2,8,5
7512261,1616,1663,346,187482,2021-11-20 15:00:00,18,4,1,7,7
6589436,1630,1609,364,186810,2020-11-22 16:30:00,9,0,0,5,3
8341213,5663,5643,255,187965,2022-06-09 23:00:00,10,1,1,6,2
6593807,1663,1666,346,186333,2021-03-20 15:00:00,38,1,2,6,2
10607536,3161,3157,524,188994,2023-09-16 16:00:00,4,5,1,5,0
6593779,1620,1644,346,186333,2021-04-05 11:30:00,40,1,1,5,2
6425489,3788,3767,412,186243,2021-01-31 14:00:00,22,3,2,7,9
6632820,690,692,795,186267,2020-09-27 16:30:00,3,1,1,4,1
10567021,19830,3775,412,189971,2023-09-22 19:00:00,6,0,1,5,2
8341342,5643,5666,255,187965,2022-08-13 19:30:00,22,1,1,999,999
10521459,675,756,795,189012,2024-02-10 17:30:00,24,4,0,0,2
8786322,3797,3766,412,188122,2023-05-14 11:00:00,35,2,1,5,2
7485366,1633,1612,364,187475,2021-11-07 16:30:00,11,3,2,3,2
6632607,692,690,795,186267,2021-02-28 13:00:00,25,1,1,3,5
7516732,2500,2448,426,187511,2022-05-14 13:30:00,34,3,2,1,3
8823215,708,690,795,188124,2023-05-28 17:00:00,37,0,0,2,4
6594236,10531,1618,346,186333,2020-09-19 14:00:00,2,0,0,5,8
10521118,700,696,795,189012,2023-08-14 17:30:00,1,1,0,2,4
11933090,5812,5663,255,189744,2024-12-05 00:30:00,37,3,1,5,3
8341270,5655,5648,255,187965,2022-08-01 23:00:00,20,2,2,5,5
6425402,3799,3787,412,186243,2021-04-04 11:00:00,31,1,1,4,0
6632734,700,676,795,186267,2020-12-05 20:00:00,12,2,1,5,13
11873149,5707,5642,255,189744,2024-06-05 23:00:00,2,0,0,4,3
6593810,1650,1638,346,186333,2021-03-17 19:00:00,37,3,2,4,2
7246224,5651,5819,255,187168,2021-06-27 23:00:00,7,2,2,6,5
8341384,5673,5663,255,187965,2022-10-15 23:30:00,32,1,2,4,8
8341346,5660,5666,255,187965,2022-08-27 19:30:00,24,1,0,4,5
8823102,713,678,795,188124,2023-03-05 17:30:00,24,0,0,7,9
11932895,5677,5656,255,189744,2024-07-21 19:00:00,18,0,1,6,3
7516674,2451,2482,426,187511,2022-02-19 14:30:00,23,1,2,5,2
7512306,1664,1639,346,187482,2021-11-03 19:45:00,16,0,1,4,4
8826934,3235,3172,524,188160,2023-04-01 13:00:00,28,1,3,0,6
6543034,2460,2446,426,186265,2020-10-17 13:30:00,4,0,1,6,2
6425259,19830,3799,412,186243,2021-01-09 20:00:00,19,3,0,5,2
6542857,2444,2463,426,186265,2021-02-27 14:30:00,23,5,1,4,4
10518615,1673,1638,346,188987,2024-04-06 14:00:00,41,1,0,10,3
10572182,2443,2447,426,188974,2024-03-09 17:30:00,25,1,2,10,4
10521280,756,678,795,189012,2023-11-27 20:00:00,14,1,1,2,6
10521155,679,675,795,189012,2023-09-24 19:00:00,6,3,1,6,11
10607546,3166,3173,524,188994,2023-09-02 16:30:00,3,2,1,5,2
10572094,2444,2658,426,188974,2023-11-11 14:30:00,11,4,2,7,2
8819473,10529,1626,346,188096,2022-07-30 14:00:00,1,1,0,1,7
7485412,1610,1626,364,187475,2021-10-23 11:30:00,9,7,0,5,0
7516761,2448,2482,426,187511,2021-11-06 14:30:00,11,2,0,2,4
7606809,3159,3173,524,187528,2021-12-21 19:45:00,19,2,0,7,1
7517935,3803,3802,412,187374,2021-10-17 13:00:00,10,1,1,6,7
6425343,3799,3766,412,186243,2020-11-22 16:00:00,11,0,1,8,3
6639596,3187,3158,524,186353,2020-11-29 19:45:00,9,4,0,11,4
7512304,1621,1636,346,187482,2021-11-06 15:00:00,17,3,1,4,8
7517627,3802,3776,412,187374,2022-04-20 17:00:00,33,2,1,5,2
6594218,1626,1647,346,186333,2020-10-03 11:30:00,4,0,1,7,3
9967555,5673,5643,255,188756,2023-08-13 19:00:00,19,0,1,7,3
6632800,690,701,795,186267,2020-10-03 11:00:00,5,1,2,3,4
6589630,1630,1610,364,186810,2021-03-13 12:30:00,28,0,0,8,5
6589599,1646,1627,364,186810,2021-02-20 15:00:00,25,0,0,5,5
7606902,3176,3173,524,187528,2021-10-24 13:00:00,9,3,0,4,1
6593944,1641,1637,346,186333,2021-01-24 12:30:00,26,0,0,4,5
7536034,700,687,795,187526,2021-09-12 16:30:00,4,0,2,2,8
7606925,3185,3162,524,187528,2021-09-23 16:30:00,5,1,1,6,5
8776842,1610,1611,364,188095,2022-10-22 16:30:00,13,1,1,6,4
6425314,3774,3773,412,186243,2020-12-05 16:00:00,13,0,2,8,3
8785769,3771,3770,412,188122,2022-08-20 19:00:00,3,2,1,7,4
8819568,1636,1626,346,188096,2022-10-22 14:00:00,17,2,2,4,9
8341227,5707,5644,255,187965,2022-05-22,7,1,1,4,11
7246025,5646,5674,255,187168,2021-10-26 00:30:00,28,2,1,23,0
8785144,2454,2447,426,188082,2022-11-11 19:30:00,15,4,2,2,9
8341363,5812,5685,255,187965,2022-08-06 22:00:00,21,2,1,8,10
11276314,1659,1612,364,188989,2024-01-21 16:30:00,21,0,4,8,5
6632550,690,846,795,186267,2021-04-11 16:30:00,30,1,2,2,4
8819610,1660,1638,346,188096,2023-02-28 20:00:00,23,2,2,6,2
10521314,686,692,795,189012,2024-01-13 15:15:00,20,1,1,10,1
6425502,3772,3799,412,186243,2021-01-24 12:00:00,21,2,1,3,4
7516640,2481,2460,426,187511,2022-04-06 16:30:00,26,2,1,5,7
6184982,5651,5669,255,186667,2020-10-08 22:00:00,14,0,0,3,3
7536107,713,698,795,187526,2021-09-18 12:00:00,5,3,0,5,3
10517452,1639,1644,346,188987,2023-08-19 14:00:00,3,1,0,7,2
7512350,1647,1660,346,187482,2021-10-19 18:45:00,13,2,2,5,5
7485262,1609,1625,364,187475,2022-01-01 12:30:00,21,1,2,5,5
10572025,2481,2454,426,188974,2023-08-19 13:30:00,1,4,4,8,7
7606910,3194,3205,524,187528,2021-10-03 13:00:00,7,4,0,1,5
6589678,1616,1624,364,186810,2021-03-04 18:00:00,33,0,1,4,1
10567098,3803,3788,412,189971,2023-12-20 20:00:00,17,4,0,1,0
8823147,681,687,795,188124,2023-04-28 19:00:00,32,0,2,4,2
8785035,2448,2443,426,188082,2022-09-03 13:30:00,5,0,2,7,3
10518369,1639,1650,346,188987,2024-02-14 19:45:00,32,1,0,6,7
9967422,5640,5663,255,188756,2023-06-21 22:00:00,11,0,1,5,2
10607721,3187,3172,524,188994,2024-03-30 11:30:00,30,0,3,7,5
6589730,1631,1624,364,186810,2021-05-23 15:00:00,38,2,4,8,7
6184906,5659,5660,255,186667,2020-09-02 23:30:00,7,0,0,6,6
6542954,2453,2457,426,186265,2020-12-20 14:30:00,13,4,1,7,3
8823055,675,687,795,188124,2023-01-29 20:00:00,19,0,0,10,3
8822952,679,692,795,188124,2022-09-10 19:00:00,5,4,1,4,7
8819530,1660,1650,346,188096,2022-10-15 11:30:00,15,3,1,9,9
8822931,700,678,795,188124,2022-08-29 18:00:00,3,0,4,0,6
8826898,3162,3164,524,188160,2023-02-27 19:45:00,24,1,0,8,3
7246196,5655,5651,255,187168,2021-07-06 22:30:00,10,2,1,7,4
8826944,3235,3178,524,188160,2023-04-14 16:30:00,30,1,0,3,8
11340319,5640,5651,255,188756,2023-11-30 23:00:00,36,1,1,2,3
10572022,2444,2481,426,188974,2023-08-27 15:30:00,2,3,1,10,4
8823181,708,702,795,188124,2023-05-02 17:30:00,33,2,1,7,13
6425289,3777,3773,412,186243,2020-12-19 16:00:00,16,2,0,8,4
8785935,3776,3802,412,188122,2023-01-02 16:00:00,17,1,1,5,1
10517486,10531,1666,346,188987,2023-09-23 14:00:00,8,3,0,2,5
6632604,700,684,795,186267,2021-02-28 15:15:00,25,0,1,3,7
6639487,3187,3160,524,186353,2021-01-31 17:00:00,20,2,0,7,6
8827001,3166,3158,524,188160,2023-05-14 16:00:00,35,0,0,3,6
12075837,1624,1625,364,188989,2024-05-14 19:00:00,34,0,2,7,4
6425526,3775,3779,412,186243,2021-05-16 19:00:00,37,0,2,4,4
6594242,1642,10529,346,186333,2020-09-19 11:30:00,2,0,2,9,2
6185003,5669,5638,255,186667,2020-11-25 22:15:00,16,1,1,5,5
11873118,5677,5648,255,189744,2024-04-17 00:30:00,2,2,1,4,3
11933063,5644,5685,255,189744,2024-11-24 19:00:00,35,4,1,8,4
10572113,2445,2482,426,188974,2023-10-28 13:30:00,9,2,3,6,0
10521227,698,713,795,189012,2024-01-02 16:00:00,19,0,2,2,3
6593800,1641,1660,346,186333,2021-03-20 15:00:00,38,0,1,4,3
8819686,1639,1637,346,188096,2023-01-21 15:00:00,28,4,0,6,2
6632681,687,681,795,186267,2021-01-03 17:30:00,17,1,1,7,2
7536062,696,676,795,187526,2022-01-23 20:00:00,22,0,1,1,10
7536171,702,676,795,187526,2022-03-06 15:15:00,27,1,2,5,6
10480329,1629,1660,364,188989,2024-04-27 14:00:00,35,2,1,4,4
10521130,846,684,795,189012,2023-09-28 17:00:00,7,1,1,5,7
7246223,5673,5644,255,187168,2021-06-27 23:30:00,7,1,1,5,5
10517637,1639,1619,346,188987,2023-10-03 19:00:00,10,0,1,8,6
6425309,3771,19830,412,186243,2020-12-12 16:00:00,14,2,1,1,3
6632648,676,678,795,186267,2021-01-31 20:00:00,21,2,1,7,3
11932976,5644,5707,255,189744,2024-09-16 23:00:00,26,3,0,2,3
7511908,1663,1660,346,187482,2021-08-17 18:45:00,3,0,1,4,4
11340314,5660,5659,255,188756,2023-11-30 00:30:00,36,1,1,3,10
10517488,1618,1650,346,188987,2023-09-22 19:00:00,8,0,0,5,7
8341114,5648,5655,255,187965,2022-04-09 19:30:00,1,0,0,8,1
7512169,1636,1620,346,187482,2022-03-08 19:45:00,26,4,1,5,3
7517689,3770,3787,412,187374,2022-03-06 14:00:00,27,2,0,6,4
7245950,5663,5669,255,187168,2021-11-17 23:00:00,33,0,4,5,1
6594231,10529,1637,346,186333,2020-09-26 14:00:00,3,1,2,6,3
10521208,681,846,795,189012,2023-10-20 19:00:00,10,2,0,1,7
7485113,1669,1619,364,187475,2022-05-07 14:00:00,36,3,0,4,7
10518973,1666,1627,346,188987,2024-04-27 14:00:00,45,3,0,6,12
7512193,1642,1673,346,187482,2021-12-30 19:45:00,25,0,1,8,3
6542894,2459,2462,426,186265,2021-01-23 14:30:00,18,1,5,0,8
10480247,1642,1613,364,188989,2024-02-10 17:30:00,24,2,3,4,4
10567186,3777,19830,412,189971,2024-03-30 16:00:00,27,2,5,5,5
7485391,1629,1623,364,187475,2021-11-01 20:00:00,10,2,1,4,3
10480085,1636,1628,364,188989,2023-08-12 14:00:00,1,0,1,5,5
7516672,2454,2451,426,187511,2022-02-26 14:30:00,24,2,2,7,4
6632538,678,679,795,186267,2021-04-25 19:00:00,32,2,1,4,11
10607804,3172,3163,524,188994,2024-01-27 14:00:00,22,2,0,4,4
10521417,846,681,795,189012,2024-04-28 14:15:00,33,3,0,0,6
10521238,674,676,795,189012,2023-12-16 20:00:00,17,1,1,4,6
11932918,5654,5812,255,189744,2024-07-28 19:00:00,20,2,0,6,3
8785775,3776,3767,412,188122,2022-08-21 18:45:00,3,1,7,2,4
8786150,3799,3776,412,188122,2023-04-08 15:00:00,30,1,0,3,6
6639678,3157,3166,524,186353,2020-09-21 18:45:00,1,2,0,7,4
10517480,1643,1641,346,188987,2023-09-23 14:00:00,8,1,1,2,10
6594138,1647,1650,346,186333,2020-11-04 19:45:00,10,0,1,5,6
10567198,3766,3802,412,189971,2024-03-30 20:00:00,27,1,1,7,8
8826836,3315,3162,524,188160,2023-01-15 11:30:00,18,0,2,7,3
7517848,3776,3774,412,187374,2022-05-21 19:00:00,38,2,2,7,4
8819410,1639,1632,346,188096,2022-08-20 14:00:00,5,0,1,7,3
6594081,1647,1640,346,186333,2020-12-01 19:45:00,15,1,1,2,2
10517646,1641,1627,346,188987,2023-09-30 14:00:00,9,0,4,2,6
8785151,2500,2482,426,188082,2023-01-21 14:30:00,16,3,1,9,4
6542883,2446,2445,426,186265,2021-02-06 14:30:00,20,5,2,4,4
7517939,3788,3797,412,187374,2021-10-03 13:00:00,9,1,1,4,4
8776988,1659,1612,364,188095,2023-03-11 12:30:00,27,1,0,3,8
8819617,1644,1672,346,188096,2022-12-11 15:00:00,22,0,0,7,5
7512212,10529,1647,346,187482,2022-03-01 19:45:00,23,1,0,3,6
8341154,5648,5651,255,187965,2022-05-15,6,2,1,4,5
6639336,3197,3161,524,186353,2021-05-01 16:00:00,34,0,2,4,11
8822957,700,676,795,188124,2022-09-10 16:30:00,5,0,4,5,6
6594051,1626,1642,346,186333,2020-12-09 19:45:00,17,2,1,7,7
8826733,3185,3178,524,188160,2022-10-09 10:30:00,9,1,1,6,1
6425469,3766,3779,412,186243,2021-02-06 18:00:00,24,3,0,6,2
8826696,3236,3172,524,188160,2022-09-05 16:30:00,5,0,2,4,9
7512171,1638,10531,346,187482,2022-04-05 18:45:00,24,0,1,10,5
7485352,1623,1631,364,187475,2022-04-20 18:45:00,18,1,1,5,4
6425435,3802,3787,412,186243,2021-02-28 14:00:00,27,0,0,5,1
8785310,2451,2457,426,188082,2023-05-27 13:30:00,34,1,2,7,3
10607532,3192,3185,524,188994,2023-09-18 16:30:00,4,0,3,1,2
8823191,690,680,795,188124,2023-05-14 16:30:00,34,0,3,8,3
7606838,3192,3159,524,187528,2021-11-30 19:45:00,15,0,2,4,4
8341319,5707,5655,255,187965,2022-08-28 21:00:00,24,0,0,14,2
6594189,1642,1643,346,186333,2020-10-20 18:45:00,6,1,1,3,3
7485439,1610,1619,364,187475,2021-10-02 14:00:00,7,3,1,7,2
7511901,1663,1640,346,187482,2021-08-14 14:00:00,2,1,0,1,5
8826817,3162,3178,524,188160,2023-01-08 14:00:00,17,2,2,10,3
6639332,3160,3172,524,186353,2021-05-09 13:00:00,35,2,5,1,3
6639598,3162,3163,524,186353,2020-11-29 11:30:00,9,1,3,4,4
8819729,1636,1620,346,188096,2023-02-15 20:00:00,32,1,3,6,6
7512054,1616,1668,346,187482,2022-02-23 19:45:00,34,2,1,10,4
8785233,2454,2443,426,188082,2023-03-17 19:30:00,25,2,2,6,5
8826785,3176,3192,524,188160,2022-11-09 19:45:00,14,2,1,4,3
7536403,679,695,795,187526,2022-02-16 18:00:00,21,0,1,5,3
8823067,674,708,795,188124,2023-01-23 20:00:00,18,2,2,6,2
6185130,5663,5649,255,186667,2021-01-10,29,0,0,4,5
7536118,700,676,795,187526,2021-09-23 20:00:00,6,0,0,4,5
6184880,5644,5812,255,186667,2020-08-19 23:30:00,4,3,0,4,3
10480313,1613,1629,364,188989,2024-03-02 15:00:00,27,3,0,3,5
8785959,3775,3776,412,188122,2023-01-29 12:00:00,20,1,0,5,7
6589408,1612,1636,364,186810,2020-10-24 19:00:00,6,2,1,7,3
10572053,2445,2453,426,188974,2023-09-02 13:30:00,3,5,0,2,4
8826980,3205,3236,524,188160,2023-04-28 18:45:00,32,0,2,3,3
6589514,1651,1629,364,186810,2021-01-02 17:30:00,17,3,3,5,7
6593969,1620,1618,346,186333,2021-01-16 12:30:00,24,0,1,6,4
6594102,1655,1644,346,186333,2020-11-25 19:45:00,13,0,0,5,8
10518307,1621,1626,346,188987,2024-02-24 15:00:00,34,1,1,6,6
7246077,5651,5650,255,187168,2021-09-18 21:45:00,21,2,1,9,3
8826940,3176,3205,524,188160,2023-04-08 12:30:00,29,1,1,8,4
8826672,3235,3315,524,188160,2022-09-04 10:30:00,5,0,0,2,3
8785282,2453,2449,426,188082,2023-04-23 13:30:00,29,4,0,6,5
8785794,3803,3787,412,188122,2022-08-28 13:00:00,4,0,7,5,4
8777104,1614,1651,364,188095,2023-05-28 15:30:00,38,2,1,3,3
10521148,678,698,795,189012,2023-09-27 17:00:00,7,2,2,5,4
10480328,1609,1659,364,188989,2024-05-04 11:30:00,36,3,0,6,1
6184925,5648,5654,255,186667,2020-09-10 00:30:00,9,1,2,7,6
7516823,2447,2460,426,187511,2021-10-16 13:30:00,8,3,1,6,2
6425311,3776,3772,412,186243,2020-12-13 16:00:00,14,2,1,8,3
7246262,5663,5674,255,187168,2021-06-13 23:30:00,3,1,0,3,3
7512260,1673,1627,346,187482,2021-11-20 15:00:00,18,1,0,3,6
8823154,676,684,795,188124,2023-04-29 19:00:00,32,4,0,10,0
9967482,5657,5640,255,188756,2023-07-08 19:00:00,14,0,1,4,6
6185068,5648,5685,255,186667,2020-11-30 23:00:00,23,0,0,5,5
6185105,5663,5654,255,186667,2020-12-26 22:00:00,27,0,0,4,4
7536132,713,679,795,187526,2022-03-19 20:00:00,29,0,1,3,6
8341405,5651,5660,255,187965,2022-10-16 22:00:00,32,1,0,10,4
10607720,3172,3194,524,188994,2024-04-15 18:45:00,32,2,2,5,4
7512223,1637,1660,346,187482,2022-01-19 20:00:00,23,0,2,6,4
6184999,5653,5648,255,186667,2020-10-15 00:30:00,16,1,1,10,4
7518036,3775,3802,412,187374,2021-08-08 13:00:00,1,0,0,4,2
8785948,3766,3779,412,188122,2023-01-14 20:00:00,19,1,2,14,2
10607836,3176,3162,524,188994,2024-02-26 19:45:00,26,2,1,13,2
7536399,713,684,795,187526,2022-01-09 13:00:00,20,1,1,6,4
10567235,3776,3788,412,189971,2024-01-14 12:00:00,18,3,0,7,1
10572254,2658,2463,426,188974,2024-05-18 13:30:00,34,4,1,5,12
11932954,5663,5656,255,189744,2024-08-25 19:00:00,24,1,0,3,9
6593857,10531,1655,346,186333,2021-02-27 15:00:00,33,1,3,8,3
6589712,1613,1625,364,186810,2021-05-14 19:00:00,36,3,4,4,5
10480172,1659,1613,364,188989,2023-11-11 17:30:00,12,2,0,6,5
7246114,5685,5653,255,187168,2021-08-29 23:30:00,18,1,1,1,17
8822942,690,682,795,188124,2022-08-13 17:00:00,1,0,3,4,5
6542968,2481,2449,426,186265,2020-12-13 14:30:00,11,2,2,2,3
8341139,5650,5646,255,187965,2022-05-21 22:00:00,7,0,3,7,7
7246209,5650,5649,255,187168,2021-07-01 00:30:00,8,2,0,3,6
7606645,3164,3158,524,187528,2022-04-03 16:00:00,31,0,1,4,4
8822970,691,690,795,188124,2022-10-16 16:30:00,9,1,0,6,4
6542861,2449,2447,426,186265,2021-02-20 17:30:00,22,0,4,4,2
7511962,10529,1660,346,187482,2022-04-18 14:00:00,43,0,1,9,4
6589467,1616,1612,364,186810,2020-12-13 16:30:00,12,1,1,6,8
8777042,1624,1659,364,188095,2023-04-15 14:00:00,31,2,3,8,2
8785117,2457,2444,426,188082,2022-11-05 14:30:00,13,2,3,2,7
6594136,1643,1660,346,186333,2020-11-04 19:45:00,10,0,1,5,7
8819765,1660,10531,346,188096,2023-03-04 15:00:00,35,1,0,4,3
7245947,5674,5677,255,187168,2021-11-19,33,1,0,3,5
10521429,698,846,795,189012,2024-01-29 20:00:00,22,2,0,4,3
7536334,676,702,795,187526,2021-12-18 17:30:00,18,3,2,5,0
6594028,1640,1673,346,186333,2020-12-16 20:00:00,19,0,0,0,3
7246244,5644,5669,255,187168,2021-06-20 19:00:00,5,1,1,6,7
8819716,1673,1650,346,188096,2023-02-04 15:00:00,30,1,1,8,4
8819463,1650,1673,346,188096,2022-11-08 19:45:00,9,1,2,14,4
7246043,5638,5655,255,187168,2021-10-07 21:30:00,24,1,1,9,3
7517852,3782,3802,412,187374,2022-05-14 19:00:00,37,1,2,3,2
7536206,696,674,795,187526,2022-02-13 13:00:00,24,2,1,5,9
6632603,846,702,795,186267,2021-02-28 17:30:00,25,2,1,5,5
8341409,5666,5653,255,187965,2022-09-17 19:30:00,27,1,0,2,10
7606877,3163,3166,524,187528,2021-10-17 13:00:00,8,1,1,2,8
10518446,1650,1673,346,188987,2024-01-28 13:30:00,29,1,1,4,10
6589696,1609,1627,364,186810,2021-05-09 18:00:00,35,3,1,6,6
7517719,3797,3782,412,187374,2022-02-13 14:00:00,24,1,2,6,3
7516585,2454,2463,426,187511,2022-04-16 16:30:00,30,1,3,5,5
10607814,3254,3157,524,188994,2024-02-03 17:00:00,23,2,3,2,4
10607524,3193,3158,524,188994,2023-09-28 18:45:00,6,4,1,1,7
9967534,5644,5656,255,188756,2023-08-05 21:30:00,18,2,2,1,4
7246186,5638,5677,255,187168,2021-07-10 22:00:00,11,1,0,2,1
6185196,5643,5659,255,186667,2021-02-13 20:00:00,36,2,0,2,5
8819819,10529,10531,346,188096,2023-04-01 14:00:00,39,2,3,1,3
7536328,686,676,795,187526,2022-01-02 20:00:00,19,0,1,4,3
9967514,5655,5649,255,188756,2023-08-20 19:00:00,20,2,1,9,4
11932941,5638,5812,255,189744,2024-08-11 19:00:00,22,1,0,3,2
7606680,3176,3194,524,187528,2022-03-06 14:00:00,28,1,1,4,2
6593939,1618,1640,346,186333,2021-01-30 15:00:00,27,1,1,9,0
8823179,680,691,795,188124,2023-05-04 17:30:00,33,3,2,9,0
11933056,5656,5640,255,189744,2024-11-20 14:00:00,34,2,1,3,4
7517940,3766,19830,412,187374,2021-10-16 19:00:00,10,2,0,2,4
8785784,3773,3774,412,188122,2022-08-27 19:00:00,4,2,1,7,2
10607761,3172,3185,524,188994,2024-05-26 16:00:00,38,3,0,2,5
10518143,1634,1626,346,188987,2023-12-16 12:30:00,22,2,2,6,3
6594223,1621,10529,346,186333,2020-10-03 14:00:00,4,0,0,5,6
8826975,3164,3185,524,188160,2023-05-03 16:00:00,33,0,2,2,3
6593865,1618,1650,346,186333,2021-02-27 15:00:00,33,2,1,7,3
6594217,1642,1655,346,186333,2020-10-03 14:00:00,4,1,2,11,5
10607730,3192,3168,524,188994,2024-03-16 17:00:00,29,0,1,7,1
11933052,5644,5648,255,189744,2024-11-08 22:00:00,33,2,0,4,4
8776788,1628,1611,364,188095,2023-01-18 20:00:00,7,1,1,3,3
10521262,692,700,795,189012,2023-12-04 20:00:00,15,1,1,12,1
6542762,2453,2444,426,186265,2021-05-15 13:30:00,33,2,2,4,8
7536178,702,700,795,187526,2021-12-05 15:15:00,16,3,1,3,3
8819396,10529,1641,346,188096,2022-08-27 14:00:00,6,0,0,8,2
10518135,1639,10531,346,188987,2023-12-12 19:45:00,21,1,1,6,3
10518643,1672,1620,346,188987,2024-04-10 19:00:00,42,2,2,9,3
6594018,1641,1655,346,186333,2020-12-18 20:00:00,20,1,0,9,7
8826707,3235,3162,524,188160,2022-09-18 13:00:00,7,0,4,8,5
8822980,756,700,795,188124,2022-10-15 12:00:00,9,1,1,6,2
8776797,1623,1612,364,188095,2022-09-03 11:30:00,6,0,0,7,9
7485209,1614,1619,364,187475,2022-03-05 15:00:00,28,4,0,4,7
10480068,1646,1624,364,188989,2023-09-02 14:00:00,4,2,5,7,4
7517917,3766,3771,412,187374,2022-02-01 20:00:00,14,2,1,4,6
10480159,1669,1633,364,188989,2023-11-04 15:00:00,11,3,2,4,3
7245915,5653,5685,255,187168,2021-12-05 19:00:00,37,4,3,5,3
6632733,846,802,795,186267,2020-12-06 13:00:00,12,3,3,4,2
8823255,700,698,795,188124,2023-03-10 20:00:00,25,2,2,3,6
7516626,2451,2500,426,187511,2022-03-05 14:30:00,25,1,0,6,10
6639343,3166,3159,524,186353,2021-05-23 18:45:00,38,1,4,3,0
8822988,684,679,795,188124,2022-10-23 14:15:00,11,1,2,7,4
7485228,1646,1612,364,187475,2022-02-13 14:00:00,25,0,1,5,8
6184884,5643,5663,255,186667,2020-08-19 23:30:00,4,1,3,2,6
8785874,3766,3776,412,188122,2022-10-30 19:45:00,13,1,0,3,6
8823026,674,684,795,188124,2022-11-10 19:00:00,14,3,0,5,5
7512301,1663,1636,346,187482,2021-10-24 11:30:00,14,2,3,5,2
10517430,1649,1673,346,188987,2023-08-05 14:00:00,1,3,1,2,10
8776758,1633,1651,364,188095,2022-08-21 13:00:00,3,0,2,5,4
7246121,5674,5638,255,187168,2021-08-22 23:30:00,17,0,1,3,7
8819800,1620,1641,346,188096,2023-03-18 15:00:00,38,4,0,7,4
10572273,2481,2463,426,188974,2024-03-31 13:30:00,27,1,1,12,6
6594154,1640,1637,346,186333,2020-10-30 19:45:00,9,3,2,4,5
12281106,5677,5663,255,189744,2024-06-14 00:30:00,8,1,0,5,9
8776775,1630,1623,364,188095,2022-08-30 19:00:00,5,1,1,10,2
7512211,1621,1618,346,187482,2021-12-18 15:00:00,23,4,0,8,4
6639376,3173,3160,524,186353,2021-04-17 18:45:00,31,4,3,0,4
6639573,3219,3162,524,186353,2020-12-15 19:45:00,12,1,1,4,8
10480375,1636,1624,364,188989,2024-05-19 15:00:00,38,0,3,2,6
8826717,3172,3176,524,188160,2022-10-02 16:00:00,8,1,0,1,5
9967651,5640,5677,255,188756,2023-10-25 23:00:00,29,3,0,1,2
9967491,5659,5685,255,188756,2023-07-16,15,2,0,4,11
6185109,5659,5656,255,186667,2020-12-27 19:00:00,27,0,2,2,7
6639374,3166,3205,524,186353,2021-04-18 13:00:00,31,4,1,4,8
6589516,1610,1625,364,186810,2021-01-03 16:30:00,17,1,3,5,3
8341158,5666,5660,255,187965,2022-05-09 23:00:00,5,2,1,5,7
11932988,5648,5659,255,189744,2024-09-21 21:30:00,27,0,1,5,4
10480090,1646,1610,364,188989,2023-10-07 14:00:00,8,1,4,7,3
8819416,1672,1640,346,188096,2022-08-27 14:00:00,6,3,2,3,4
10567117,3803,3797,412,189971,2023-12-03 14:00:00,14,3,0,4,2
10480430,1646,1629,364,188989,2024-04-02 18:45:00,31,1,1,7,4
6632771,675,802,795,186267,2020-10-31 13:00:00,8,4,1,6,3
7485306,1619,1612,364,187475,2022-05-17 18:45:00,37,1,2,1,9
10607732,3166,3161,524,188994,2024-03-09 17:00:00,28,0,1,7,2
6425487,3771,3774,412,186243,2021-03-10 18:00:00,22,1,0,3,4
10518352,1618,1619,346,188987,2024-03-02 15:00:00,35,3,4,6,16
7517705,3779,3775,412,187374,2022-02-26 16:00:00,26,0,0,8,2
7512458,1640,1637,346,187482,2021-08-21 14:00:00,4,2,1,10,2
8819358,1618,1673,346,188096,2022-08-05 18:45:00,2,2,1,6,7
6425316,3813,3771,412,186243,2020-12-04 20:00:00,13,0,2,1,8
6184953,5663,5644,255,186667,2020-09-20 19:00:00,11,1,0,3,6
8819887,1664,1638,346,188096,2023-04-28 19:00:00,45,2,3,7,3
6425508,3766,3777,412,186243,2021-01-17 20:00:00,20,0,1,9,2
7606803,3172,3178,524,187528,2022-05-21 18:45:00,38,0,1,15,2
8341255,5644,5638,255,187965,2022-07-20 23:30:00,18,3,3,4,3
10607834,3158,3161,524,188994,2024-02-10 17:00:00,24,2,4,3,8
7246176,5656,5653,255,187168,2021-07-17 22:00:00,12,1,2,2,5
8785830,3797,3795,412,188122,2022-09-18 13:00:00,8,1,3,5,1
11932865,5649,5640,255,189744,2024-07-10 21:30:00,16,0,2,1,5
7246123,5673,5685,255,187168,2021-08-23 23:00:00,17,0,2,9,0
10521344,680,692,795,189012,2024-03-17 13:00:00,29,1,2,3,8
6632600,680,676,795,186267,2021-02-27 15:15:00,25,0,2,3,3
6632736,679,690,795,186267,2020-12-05 17:30:00,12,2,0,4,4
10567082,3777,3793,412,189971,2023-10-29 14:00:00,10,0,0,5,6
6185087,5656,5638,255,186667,2020-12-13 21:15:00,25,1,0,4,5
7606968,3159,3178,524,187528,2021-08-28 18:45:00,2,0,1,8,9
7511936,1668,1642,346,187482,2022-04-23 14:00:00,44,0,1,6,5
10567264,3776,3797,412,189971,2024-02-04 14:00:00,20,4,0,12,1
7485443,1624,1614,364,187475,2021-10-03 13:00:00,7,2,1,5,8
10607530,3166,3187,524,188994,2023-09-24 16:00:00,5,0,0,5,5
6593930,1643,10531,346,186333,2021-01-30 15:00:00,27,1,3,7,7
7606886,3157,3185,524,187528,2021-10-26 18:45:00,10,1,0,2,5
7245998,5673,5663,255,187168,2021-10-31 01:00:00,29,2,1,7,5
7535908,687,695,795,187526,2021-08-28 17:30:00,3,1,0,2,2
7485128,1628,1630,364,187475,2022-04-25 19:00:00,34,0,0,6,3
10567227,3774,3775,412,189971,2024-01-13 20:00:00,18,2,0,6,6
10607825,3172,3162,524,188994,2024-02-04 17:00:00,23,3,1,6,1
7516727,2451,2445,426,187511,2021-12-11 17:30:00,15,0,2,5,3
12281099,5649,5685,255,189744,2024-06-01 19:00:00,7,0,2,6,0
10518347,1643,1644,346,188987,2024-02-17 15:00:00,33,0,1,7,6
8776921,1659,1642,364,188095,2023-01-21 15:00:00,21,1,1,4,6
8819699,1673,1655,346,188096,2023-03-07 19:45:00,29,0,0,6,4
8823153,702,713,795,188124,2023-04-29 14:15:00,32,4,0,3,8
6594184,1666,1669,346,186333,2020-10-21 18:45:00,6,1,2,3.8,4.4
10567087,3780,3802,412,189971,2023-10-22 13:00:00,9,1,1,5,7
11340316,5654,5653,255,188756,2023-11-29 22:30:00,36,0,3,10,1
7516629,2457,2462,426,187511,2022-03-05 14:30:00,25,1,4,3,8
8776856,1629,1642,364,188095,2022-10-15 14:00:00,11,1,0,4,5
10521454,708,678,795,189012,2024-02-12 20:00:00,24,0,0,4,10
8823164,691,676,795,188124,2023-05-14 19:00:00,34,2,4,4,3
7536100,687,680,795,187526,2021-09-19 14:15:00,5,0,0,5,6
7517907,3770,3771,412,187374,2021-12-01 20:00:00,16,0,1,4,6
7512402,1672,1659,346,187482,2021-08-28 14:00:00,5,0,0,2,6
7606737,3192,3162,524,187528,2022-01-15 17:00:00,22,0,3,3,7
6632473,682,680,795,186267,2021-05-16 16:30:00,37,4,0,3,6
10480245,1636,1612,364,188989,2023-12-06 19:30:00,15,0,2,2,12
6184892,5651,5648,255,186667,2020-08-22 19:00:00,5,0,1,7,2
8341272,5654,5812,255,187965,2022-07-30 23:30:00,20,4,1,6,3
7512411,1636,1647,346,187482,2021-09-25 14:00:00,9,1,0,11,1
6639476,3315,3205,524,186353,2021-02-06 14:00:00,21,1,2,5,5
6185116,5812,5657,255,186667,2021-01-08,28,0,0,3,4
6589407,1616,1628,364,186810,2020-10-24 14:00:00,6,1,2,4,4
6542754,2482,2457,426,186265,2021-05-22 13:30:00,34,2,1,4,3
7535895,684,675,795,187526,2021-08-28 20:00:00,3,0,1,3,7
6589717,1646,1612,364,186810,2021-05-19 19:15:00,37,0,3,7,7
7485307,1626,1624,364,187475,2022-05-22 15:00:00,38,0,5,3,2
8785961,3781,3766,412,188122,2023-01-29 16:05:00,20,0,2,5,1
8341375,5659,5644,255,187965,2022-10-16 21:00:00,32,0,1,3,4
6639677,3160,3187,524,186353,2020-09-20 10:30:00,1,0,2,4,2
12862268,5685,5644,255,189744,2024-09-25 22:00:00,16,2,2,1,9
8341341,5643,5812,255,187965,2022-08-27 19:30:00,24,2,1,3,3
7606697,3193,3161,524,187528,2022-02-25 20:00:00,27,0,0,0,14
7535907,684,700,795,187526,2021-08-20 19:00:00,2,1,1,4,5
6632803,681,692,795,186267,2020-10-04 10:00:00,5,2,0,6,5
10521148,678,698,795,189012,2023-09-27 17:00:00,7,2,2,5,4
6425424,3782,3773,412,186243,2021-03-03 18:00:00,28,2,3,13,3
7246122,5669,5654,255,187168,2021-08-22 19:00:00,17,1,1,4,5
6632562,675,701,795,186267,2021-04-03 14:15:00,29,2,0,6,9
7606929,3192,3172,524,187528,2021-09-18 18:45:00,4,0,1,6,4
7517771,19830,3766,412,187374,2022-02-05 20:00:00,23,2,0,3,4
7512316,1638,1639,346,187482,2021-10-23 14:00:00,14,2,1,0,10
7511948,1627,1640,346,187482,2022-04-23 14:00:00,44,0,0,7,3
6542800,2975,2482,426,186265,2021-04-16 18:30:00,29,0,0,4,1
6425364,3774,3799,412,186243,2020-10-23 19:00:00,8,1,2,5,4
7512217,1636,1650,346,187482,2022-04-05 18:45:00,22,1,0,5,5
10521387,678,681,795,189012,2024-05-11 19:00:00,35,2,2,8,6
10567143,3767,3774,412,189971,2024-02-25 16:00:00,23,1,1,4,0
6543025,2500,2453,426,186265,2020-10-24 13:30:00,5,1,1,4,2
10518332,1632,10531,346,188987,2024-02-24 15:00:00,34,1,2,4,11
10572007,2447,2658,426,188974,2023-09-01 18:30:00,3,2,2,3,6
7606720,3161,3157,524,187528,2022-02-05 17:00:00,24,1,2,6,4
7512028,1616,1642,346,187482,2022-04-26 18:45:00,39,0,1,8,5
7512409,1636,1673,346,187482,2021-08-21 14:00:00,4,1,2,6,4
8823169,682,678,795,188124,2023-05-13 16:30:00,34,5,1,7,5
10607795,3157,3161,524,188994,2024-04-22 18:45:00,33,1,2,5,3
10567046,3780,3788,412,189971,2023-12-03 14:00:00,14,1,1,3,4
8826919,3235,3176,524,188160,2023-03-12 14:00:00,26,0,2,1,6
6593846,1666,1643,346,186333,2021-03-03 19:45:00,34,1,2,6,4
6632626,701,690,795,186267,2021-02-13 17:30:00,23,1,1,7,3
6185120,5669,5644,255,186667,2021-01-07 22:00:00,28,0,2,7,4
7485275,1633,1619,364,187475,2021-12-26 15:00:00,19,2,3,10,2
7246012,5644,5673,255,187168,2021-10-14 00:30:00,26,3,1,4,6
9967486,5640,5643,255,188756,2023-07-23 19:00:00,16,0,1,13,1
10572218,2482,2454,426,188974,2024-04-20 13:30:00,30,4,3,6,5
10572085,2463,2444,426,188974,2023-11-24 19:30:00,12,0,1,3,12
8776746,1628,1614,364,188095,2022-08-20 14:00:00,3,3,1,4,2
8786155,3770,3802,412,188122,2023-04-02 13:00:00,29,0,3,3,4
6425439,3776,3779,412,186243,2021-02-28 16:05:00,27,1,1,9,2
7245984,5651,5655,255,187168,2021-10-30 20:00:00,29,0,1,8,2
8819506,1618,1655,346,188096,2022-10-08 14:00:00,14,3,0,7,4
9967583,5656,5659,255,188756,2023-09-22 23:00:00,24,1,0,6,1
10607607,3158,3172,524,188994,2024-01-07 19:45:00,19,1,1,6,5
10567237,3771,3787,412,189971,2024-02-25 19:45:00,23,4,1,7,4
6184912,5651,5685,255,186667,2020-09-02 23:30:00,7,1,1,2,8
8823036,698,686,795,188124,2022-12-30 16:00:00,15,2,0,4,2
6185097,5644,5646,255,186667,2020-12-20,26,2,0,4,8
7246210,5685,5669,255,187168,2021-07-01 19:00:00,8,0,0,6,6
6639631,3161,3160,524,186353,2020-10-31 17:00:00,6,2,2,15,2
8776860,1616,1612,364,188095,2022-08-06 11:30:00,1,2,2,4,4
6639585,3163,3172,524,186353,2021-01-20 14:00:00,10,1,1,2,7
7517695,3771,19830,412,187374,2022-03-06 19:45:00,27,0,1,10,3
12281105,5654,5649,255,189744,2024-06-13 23:00:00,8,2,1,4,6
6639421,3219,3176,524,186353,2021-03-13 17:00:00,27,1,4,8,3
7517616,3774,3782,412,187374,2022-04-30 19:00:00,35,2,0,4,3
6425372,3773,3770,412,186243,2020-11-25 18:00:00,8,1,1,6,2
7485474,1628,1669,364,187475,2021-08-21 14:00:00,2,0,0,3,5
8341192,5646,5812,255,187965,2022-06-16 21:00:00,12,4,2,12,4
7485328,1623,1613,364,187475,2022-03-17 19:45:00,20,1,0,5,7
8823216,676,686,795,188124,2023-05-28 17:00:00,37,3,0,14,3
6639401,3193,3176,524,186353,2021-04-03 13:00:00,29,1,1,4,2
6632529,702,695,795,186267,2021-04-24 12:00:00,32,1,0,4,2
11932959,5638,5642,255,189744,2024-08-25 21:30:00,24,2,1,4,3
9967668,5655,5638,255,188756,2023-11-12 21:30:00,34,0,0,1,4
8819483,1632,1641,346,188096,2022-10-01 14:00:00,12,0,0,4,8
8785828,3799,3771,412,188122,2022-09-30 19:00:00,9,0,3,6,3
10518575,1672,1632,346,188987,2023-12-26 15:00:00,24,0,1,3,7
7536081,700,684,795,187526,2022-04-09 12:00:00,31,1,2,8,4
6632650,680,700,795,186267,2021-01-23 15:15:00,20,3,0,7,6
6589401,1624,1633,364,186810,2020-10-18 15:30:00,5,3,3,3,7
8823123,686,681,795,188124,2023-03-31 19:00:00,27,0,0,2,3
10480215,1613,1616,364,188989,2023-12-16 15:00:00,17,3,0,5,1
8341276,5646,5644,255,187965,2022-07-24 19:00:00,19,2,1,12,5
7512068,10529,1616,346,187482,2022-02-26 15:00:00,35,0,1,8,9
7536176,676,678,795,187526,2022-02-27 20:00:00,26,4,0,5,0
8776817,1624,1623,364,188095,2022-10-15 16:30:00,11,2,0,7,1
7512426,1627,1638,346,187482,2021-09-11 14:00:00,6,1,1,3,5
6632757,678,684,795,186267,2020-11-23 20:00:00,10,4,0,6,3
8785916,3781,3799,412,188122,2022-12-28 14:00:00,16,1,0,3,5
8785115,2448,2460,426,188082,2022-08-06 13:30:00,1,1,2,3,5
7485457,1669,1612,364,187475,2021-09-25 16:30:00,6,3,3,2,11
6542965,2462,2454,426,186265,2020-12-15 17:30:00,12,3,3,4,5
11340317,5707,5644,255,188756,2023-11-29 23:00:00,36,0,2,2,5
10607668,3173,3236,524,188994,2023-11-26 11:30:00,13,1,1,10,11
10517801,1630,1620,346,188987,2023-12-02 15:00:00,19,3,2,6,3
6593778,1626,1673,346,186333,2021-04-06 18:45:00,40,7,0,7,3
8819842,1672,1638,346,188096,2023-04-10 14:00:00,41,1,0,7,5
10572244,2444,2454,426,188974,2024-02-03 14:30:00,20,3,1,6,5
7517685,3797,3788,412,187374,2022-03-13 14:00:00,28,0,2,2,2
10518605,1643,1649,346,188987,2024-04-05 19:00:00,41,0,1,4,9
7246271,5649,5654,255,187168,2021-11-24,2,2,2,5,4
9967562,5644,5649,255,188756,2023-10-08 19:00:00,26,3,2,4,1
10572104,2482,2462,426,188974,2023-10-21 13:30:00,8,1,3,6,3
8785095,2453,2443,426,188082,2022-10-22 13:30:00,11,2,0,6,2
6594098,10531,1666,346,186333,2020-11-25 19:45:00,13,1,1,6,3
7512319,1637,1663,346,187482,2021-10-16 14:00:00,12,1,0,4,6
7485133,1646,1629,364,187475,2022-04-24 13:00:00,34,1,0,3,6
10517771,1673,1655,346,188987,2023-12-09 15:00:00,20,1,1,2,9
8785208,2444,2481,426,188082,2023-03-11 14:30:00,24,5,3,8,5
8823341,690,681,795,188124,2023-02-12 17:30:00,21,0,0,10,4
8341156,5655,5707,255,187965,2022-05-08 21:00:00,5,4,1,NA,NA
10521464,687,700,795,189012,2024-03-15 20:00:00,29,2,0,8,2
10480293,1651,1642,364,188989,2024-03-10 14:00:00,28,1,0,6,3
10517449,1673,1631,346,188987,2023-08-12 14:00:00,2,0,1,5,4
6632741,674,679,795,186267,2020-11-28 15:15:00,11,0,1,2,7
8776738,1651,1613,364,188095,2022-08-13 14:00:00,2,0,0,7,3
7606764,3185,3176,524,187528,2022-01-10 16:00:00,21,4,0,1,5
7606674,3192,3315,524,187528,2022-03-12 14:00:00,29,2,2,5,5
10517803,1620,1641,346,188987,2023-11-28 19:45:00,18,4,0,7,3
7512064,1660,1647,346,187482,2022-02-26 15:00:00,35,1,0,7,4
8819713,10529,1620,346,188096,2023-02-11 15:00:00,31,1,3,7,4
8785860,3771,3773,412,188122,2022-10-22 19:00:00,12,0,1,7,3
6425473,3779,3803,412,186243,2021-02-03 18:00:00,23,2,2,3,3
8819895,1660,1620,346,188096,2023-04-24 19:00:00,44,2,1,4,5
7516805,2447,2445,426,187511,2021-11-20 14:30:00,12,2,1,2,3
11932910,5649,5657,255,189744,2024-07-28 22:00:00,20,1,0,8,3
9967625,5657,5644,255,188756,2023-10-26 22:00:00,29,1,2,7,1
8786312,3771,3799,412,188122,2023-05-14 18:45:00,35,3,1,7,0
7485266,1619,1613,364,187475,2022-03-10 19:30:00,21,1,2,12,5
11932855,5653,5654,255,189744,2024-07-04 00:30:00,14,2,4,4,4
8341357,5673,5655,255,187965,2022-08-14 21:00:00,22,1,0,6,6
10517800,1649,1639,346,188987,2023-12-02 15:00:00,19,2,1,7,8
7485369,1669,1626,364,187475,2021-11-06 15:00:00,11,1,2,6,2
8786153,3788,3771,412,188122,2023-04-09 18:45:00,30,0,0,3,6
7606824,3172,3191,524,187528,2021-11-30 17:30:00,15,4,0,4,2
7512093,1620,1647,346,187482,2022-02-12 15:00:00,32,4,1,6,7
6632515,681,702,795,186267,2021-04-18 12:00:00,33,2,0,4,5
6594224,1678,10531,346,186333,2020-09-26 11:30:00,3,0,2,5,7
7516856,2481,2446,426,187511,2021-08-28 13:30:00,3,1,4,4,4
10607666,3178,3315,524,188994,2023-11-26 14:00:00,13,3,4,6,5
10567018,3773,3776,412,189971,2023-10-08 15:05:00,8,1,1,8,5
8341395,5644,5643,255,187965,2022-10-09 14:00:00,31,4,2,6,6
8819881,1655,1646,346,188096,2023-04-29 14:00:00,45,1,2,3,3
7512292,10531,1668,346,187482,2021-10-30 14:00:00,15,3,0,7,3
7516660,2462,2451,426,187511,2022-02-12 14:30:00,22,0,2,10,1
7517665,3774,3777,412,187374,2022-03-20 14:00:00,29,6,1,10,1
8341494,5685,5673,255,187965,2022-11-05 22:00:00,36,1,4,5,3
11340331,5643,5640,255,188756,2023-11-28,35,0,1,4,5
9967602,5660,5677,255,188756,2023-09-14 23:00:00,23,2,4,7,2
7517921,3803,3773,412,187374,2021-11-21 12:00:00,14,4,0,5,5
6639328,3219,3173,524,186353,2021-05-09 13:00:00,35,1,3,4,5
8785771,3795,3780,412,188122,2022-08-14 13:00:00,2,0,3,6,6
6542961,2443,2447,426,186265,2020-12-15 19:30:00,12,1,2,4,4
8819826,1660,1644,346,188096,2023-04-01 11:30:00,39,2,0,9,3
7536152,702,674,795,187526,2022-03-19 15:15:00,29,0,1,4,2
11932997,5644,5642,255,189744,2024-09-29 21:30:00,28,3,1,2,6
6632568,696,692,795,186267,2021-04-04 12:00:00,29,1,3,6,2
6589422,1629,1628,364,186810,2020-10-30 20:00:00,7,2,0,7,6
8823061,708,691,795,188124,2023-01-27 20:00:00,19,3,1,2,2
10521173,676,696,795,189012,2023-11-12 15:15:00,13,2,1,2,1
7512138,1637,1673,346,187482,2022-01-22 15:00:00,28,3,4,4,4
7485468,1610,1614,364,187475,2021-09-11 16:30:00,4,3,0,4,11
7517992,3779,3795,412,187374,2021-08-22 13:00:00,3,1,1,6,3
6542978,2443,2445,426,186265,2020-12-06 14:30:00,10,1,2,2,4
7485305,1626,1633,364,187475,2022-05-08 13:00:00,36,0,4,9,5
7485344,1613,1625,364,187475,2021-12-19 14:00:00,18,0,4,3,6
7512008,1641,1664,346,187482,2022-04-05 18:45:00,39,1,0,3,3
7246005,5648,5654,255,187168,2021-10-23 22:00:00,28,3,1,5,7
8786123,3788,3795,412,188122,2023-03-12 14:00:00,27,2,0,1,4
6639578,3162,3194,524,186353,2020-12-12 19:45:00,11,1,2,5,3
6184865,5648,5644,255,186667,2020-08-16 21:00:00,3,2,1,1,4
8785898,3795,3769,412,188122,2022-11-04 20:00:00,14,1,1,10,5
6425219,3774,3787,412,186243,2020-08-29 15:00:00,2,2,1,2,1
10607763,3178,3158,524,188994,2024-05-26 18:45:00,38,2,1,4,5
10480071,1624,1611,364,188989,2023-08-19 16:30:00,2,2,0,5,6
11873049,5656,5707,255,189744,2024-06-26 23:00:00,12,1,1,13,1
8785805,3766,3769,412,188122,2022-08-31 17:00:00,5,2,1,9,3
6185171,5657,5677,255,186667,2021-01-31 19:00:00,33,0,0,6,6
7536207,684,682,795,187526,2022-02-06 17:30:00,23,0,2,6,6
11873122,5642,5638,255,189744,2024-05-05 19:00:00,5,1,3,3,8
8776923,1625,1629,364,188095,2023-01-22 14:00:00,21,3,0,5,7
6593781,1640,1655,346,186333,2021-04-05 14:00:00,40,3,1,2,0
8819491,1641,1636,346,188096,2022-09-17 14:00:00,11,0,2,7,5
8822971,702,686,795,188124,2022-10-10 19:00:00,8,1,1,5,7
8785836,3787,3779,412,188122,2022-09-17 15:00:00,8,2,1,8,6
6632838,678,676,795,186267,2021-01-06 20:00:00,2,2,3,3,4
7536076,682,676,795,187526,2021-11-27 20:00:00,15,1,3,4,4
7485152,1631,1628,364,187475,2022-04-10 13:00:00,32,2,1,3,4
8785991,3781,3770,412,188122,2023-02-05 14:00:00,22,0,2,2,1
10521213,682,696,795,189012,2023-10-22 16:30:00,10,1,1,8,3
7512425,1618,1616,346,187482,2021-09-15 18:45:00,7,1,4,9,2
7536012,702,681,795,187526,2022-05-01 12:00:00,34,1,1,7,4
7606791,3185,3158,524,187528,2022-05-20 18:45:00,38,0,3,5,6
7536229,684,713,795,187526,2021-10-24 16:30:00,10,3,2,4,4
11873146,5707,5653,255,189744,2024-04-27 21:30:00,4,0,3,3,10
8341388,5685,5655,255,187965,2022-10-17 23:00:00,32,0,2,15,2
7517895,3802,3797,412,187374,2021-11-28 14:00:00,15,1,0,4,1
7517710,3788,3766,412,187374,2022-03-04 20:00:00,27,1,4,8,3
6543051,2460,2445,426,186265,2020-09-26 13:30:00,2,1,4,3,9
7512062,1668,1672,346,187482,2022-02-26 15:00:00,35,0,3,5,1
10607599,3173,3158,524,188994,2023-10-08 16:00:00,8,1,4,4,3
10607560,3315,3162,524,188994,2023-10-21 18:45:00,9,0,2,5,7
6542939,2454,2444,426,186265,2021-01-08 19:30:00,15,3,2,3,8
8341294,5646,5707,255,187965,2022-07-18 23:00:00,17,1,0,11,4
6542792,2444,2446,426,186265,2021-04-20 18:30:00,30,2,0,7,3
7512051,1627,10531,346,187482,2022-02-28 20:00:00,35,0,2,4,7
9967600,5655,5640,255,188756,2023-09-14 22:00:00,23,0,3,8,9
6425501,3804,3779,412,186243,2021-01-24 14:00:00,21,1,1,3,4
11933033,5651,5640,255,189744,2024-10-26 21:30:00,31,3,0,7,1
6542927,2451,2975,426,186265,2021-01-16 14:30:00,16,2,2,6,6
6593736,1639,1640,346,186333,2021-04-21 18:00:00,43,2,3,6,2
6425331,3766,3802,412,186243,2020-11-29 12:00:00,12,3,0,4,2
11873075,5656,5638,255,189744,2024-06-16 19:00:00,9,2,2,9,5
7516776,2500,2975,426,187511,2021-12-03 19:30:00,14,2,1,5,7
8819458,1635,1621,346,188096,2022-10-11 18:45:00,9,1,0,2,1
6639636,3157,3158,524,186353,2020-10-26 19:45:00,5,3,3,7,7
10517583,1655,1634,346,188987,2023-10-25 18:45:00,13,0,1,5,1
7485180,1631,1669,364,187475,2022-03-20 14:00:00,30,2,1,2,5
7516862,2444,2448,426,187511,2021-09-18 13:30:00,5,7,0,2,2
8777065,1651,1629,364,188095,2023-04-29 14:00:00,34,6,0,2,5
9967566,5659,5651,255,188756,2023-10-22 18:00:00,28,1,1,6,3
7536109,692,700,795,187526,2021-09-17 19:00:00,5,1,2,7,1
6185201,5653,5677,255,186667,2021-02-13 22:00:00,36,1,1,6,2
8785814,3779,3797,412,188122,2022-09-11 11:00:00,7,0,0,3,5
9967439,5643,5707,255,188756,2023-06-04 21:30:00,9,0,1,4,5
7512348,1641,1640,346,187482,2021-10-20 18:45:00,13,2,1,9,3
10521440,713,680,795,189012,2024-02-05 20:00:00,23,1,2,6,0
7516684,2445,2462,426,187511,2022-02-05 14:30:00,21,2,3,3,14
6639444,3185,3315,524,186353,2021-03-17 14:00:00,24,3,2,6,3
10521131,686,676,795,189012,2023-09-26 19:30:00,7,2,2,7,2
6594096,1618,1638,346,186333,2020-11-28 15:00:00,14,0,0,3,6
8785817,3803,3779,412,188122,2022-09-04 13:00:00,6,1,1,7,3
7485221,1630,1611,364,187475,2022-02-20 14:00:00,26,2,4,3,3
6593717,1641,1663,346,186333,2021-05-01 14:00:00,45,2,0,6,4
7485148,1644,1669,364,187475,2022-04-16 14:00:00,33,1,2,6,5
10518404,1672,10531,346,188987,2024-02-10 15:00:00,31,0,1,2,4
9967457,5685,5651,255,188756,2023-05-20 21:30:00,7,2,0,6,5
7517781,3772,3803,412,187374,2021-11-28 14:00:00,15,1,2,5,2
6639647,3205,3176,524,186353,2020-10-18 13:00:00,4,2,2,5,5
7246009,5707,5638,255,187168,2021-10-11 23:00:00,25,0,0,4,2
7516831,2448,2445,426,187511,2021-09-26 13:30:00,6,0,0,7,2
7512276,1664,1627,346,187482,2021-11-23 19:45:00,19,0,0,1,8
7517872,3788,3795,412,187374,2022-05-21 19:00:00,38,1,1,6,4
7485330,1624,1646,364,187475,2022-05-15 11:00:00,37,1,0,8,2
8785010,2447,2443,426,188082,2022-08-20 13:30:00,3,2,3,3,6
8341258,5644,5653,255,187965,2022-07-31 19:00:00,20,3,0,1,7
9967577,5685,5646,255,188756,2023-10-01 21:30:00,25,2,1,6,4
8823103,680,681,795,188124,2023-02-26 20:00:00,23,2,3,10,2
7516652,2447,2454,426,187511,2022-02-20 16:30:00,23,6,0,5,5
6632501,684,846,795,186267,2021-05-10 19:00:00,35,2,1,9,2
7536101,686,681,795,187526,2021-09-26 12:00:00,7,2,3,5,5
6639354,3193,3205,524,186353,2021-04-24 13:00:00,33,2,0,0,3
7511899,1647,1673,346,187482,2021-08-07 14:00:00,1,1,1,4,6
6639485,3205,3163,524,186353,2021-01-31 11:30:00,20,0,1,2,2
6589543,1633,1646,364,186810,2021-01-16 15:00:00,19,1,0,7,4
8785865,3767,3771,412,188122,2022-10-16 18:45:00,11,1,0,7,6
8819812,1621,1637,346,188096,2023-03-15 19:45:00,37,2,1,6,4
7516657,2445,2448,426,187511,2022-02-19 14:30:00,23,1,1,6,0
8819839,1673,1621,346,188096,2023-04-10 11:30:00,41,2,2,5,10
7485143,1651,1619,364,187475,2022-04-24 13:00:00,34,2,2,6,6
7245941,5648,5673,255,187168,2021-11-21 20:00:00,34,2,0,2,1
7536089,676,684,795,187526,2021-12-04 15:15:00,16,0,1,6,1
6594022,1673,1644,346,186333,2020-12-19 15:00:00,20,2,0,5,7
10567251,3797,3771,412,189971,2024-03-02 20:00:00,24,1,5,7,4
7536173,698,695,795,187526,2022-02-04 20:00:00,23,3,0,2,8
11318012,3771,3766,412,189971,2023-12-06 20:00:00,10,3,0,10,3
8827025,3164,3315,524,188160,2023-05-26 18:45:00,37,2,2,8,4
10572175,2446,2448,426,188974,2023-12-20 19:30:00,16,4,0,4,3
8826867,3236,3164,524,188160,2023-02-06 19:45:00,21,2,2,9,3
8785122,2463,2449,426,188082,2022-08-07 15:30:00,1,3,1,9,1
10521110,756,698,795,189012,2023-08-20 17:00:00,2,3,0,3,2
10521467,682,674,795,189012,2024-03-17 15:15:00,29,1,0,5,2
7606827,3191,3161,524,187528,2021-11-27 19:45:00,14,0,2,3,9
8819612,1632,1627,346,188096,2022-12-12 20:00:00,22,1,2,5,5
10607700,3178,3236,524,188994,2024-01-21 14:00:00,21,3,0,1,7
7536253,679,681,795,187526,2021-11-20 17:30:00,14,1,0,7,4
6593984,1638,1640,346,186333,2021-01-02 15:00:00,23,1,2,3,9
8819776,1643,1641,346,188096,2023-03-14 19:45:00,37,1,2,3,5
6425266,3802,3804,412,186243,2021-01-06 20:00:00,18,0,0,7,5
8776883,1613,1610,364,188095,2022-11-12 17:30:00,16,1,0,5,3
6184965,5654,5651,255,186667,2020-10-04 19:00:00,13,3,1,4,5
7536025,713,687,795,187526,2022-05-01 16:30:00,34,1,1,8,5
10607759,3176,3187,524,188994,2024-05-17 18:45:00,37,2,2,5,3
6639499,3162,3315,524,186353,2021-01-24 17:00:00,19,2,1,9,6
8341200,5707,5656,255,187965,2022-06-08 00:30:00,10,1,0,4,3
8786140,3781,19830,412,188122,2023-03-19 12:00:00,28,0,2,1,4
8776902,1659,1628,364,188095,2022-12-31 15:00:00,18,0,2,2,7
6425494,3774,3776,412,186243,2021-01-24 16:00:00,21,0,1,2,2
6632715,692,696,795,186267,2020-12-20 13:00:00,14,2,0,3,5
8819641,1655,1627,346,188096,2022-12-26 15:00:00,24,0,2,8,6
8819891,1673,1636,346,188096,2023-05-04 18:45:00,44,1,0,9,3
6589518,1628,1636,364,186810,2021-01-02 15:00:00,17,2,0,3,6
11873097,5651,5654,255,189744,2024-06-16 19:00:00,9,1,1,5,9
12281091,5656,5659,255,189744,2024-06-02,7,0,1,2,5
8822935,678,674,795,188124,2022-08-21 15:30:00,2,1,0,6,3
10517853,1640,1627,346,188987,2023-10-30 20:00:00,14,0,2,5,5
10572277,2447,2520,426,188974,2024-05-18 13:30:00,34,4,0,7,3
11873121,5707,5646,255,189744,2024-05-05 21:30:00,5,0,2,6,6
7535915,696,675,795,187526,2021-08-14 20:00:00,1,1,4,0,4
10480163,1613,1610,364,188989,2023-11-25 15:00:00,13,4,1,4,2
8826921,3158,3164,524,188160,2023-04-02 16:00:00,28,3,0,10,3
10567130,3788,3766,412,189971,2024-03-09 16:00:00,25,0,2,4,7
8777099,1623,1625,364,188095,2023-05-14 13:00:00,36,0,3,8,6
7536019,696,682,795,187526,2022-04-30 12:00:00,34,2,1,5,8
6632667,676,687,795,186267,2020-12-16 20:00:00,19,2,1,2,3
6632580,675,702,795,186267,2021-03-13 15:15:00,27,2,1,7,1
11932919,5685,5648,255,189744,2024-07-28 14:00:00,20,0,1,5,6
6589673,1619,1628,364,186810,2021-05-11 19:15:00,32,3,1,12,8
6639433,3161,3172,524,186353,2021-03-08 19:45:00,26,1,0,7,7
11340313,5655,5648,255,188756,2023-11-29 22:00:00,36,0,3,5,3
6593830,1618,1655,346,186333,2021-03-13 15:00:00,36,0,3,5,2
10567212,3766,3779,412,189971,2024-05-19 19:00:00,34,2,1,7,2
8785843,3769,3803,412,188122,2022-10-02 13:00:00,9,1,1,0,6
10607630,3194,3192,524,188994,2023-12-30 17:00:00,18,0,1,7,6
6589688,1610,1616,364,186810,2021-05-01 16:30:00,34,2,0,1,8
10572245,2447,2453,426,188974,2024-02-09 19:30:00,21,3,0,5,3
6639381,3315,3176,524,186353,2021-04-17 16:00:00,31,3,1,3,4
6639576,3187,3164,524,186353,2020-12-13 14:00:00,11,2,1,7,5
7516700,2462,2447,426,187511,2022-01-08 17:30:00,18,2,3,4,11
7246013,5685,5812,255,187168,2021-10-12 22:00:00,26,1,0,5,4
7606955,3162,3173,524,187528,2021-09-19 16:00:00,4,2,2,10,1
9967584,5657,5660,255,188756,2023-09-21 22:00:00,24,5,1,6,0
8341146,5646,5685,255,187965,2022-05-14 19:30:00,6,2,0,7,4
7516572,2500,2469,426,187511,2022-04-29 18:30:00,32,1,1,2,4
10567226,19830,3797,412,189971,2024-05-04 15:00:00,32,4,1,4,4
7536208,682,686,795,187526,2022-01-22 15:15:00,22,3,0,10,6
7516639,2463,2482,426,187511,2022-03-06 16:30:00,25,0,1,4,1
10567025,3787,3774,412,189971,2023-09-24 15:05:00,6,0,0,3,5
6425181,3775,3770,412,186243,2020-10-03 19:00:00,6,2,1,9,2
10572248,2462,2500,426,188974,2024-03-30 14:30:00,27,0,0,6,2
10607782,3193,3173,524,188994,2024-04-29 18:45:00,34,3,0,2,4
7512298,10529,1620,346,187482,2021-10-23 11:30:00,14,0,2,4,14
9967567,5649,5651,255,188756,2023-10-18 22:00:00,27,1,2,4,8
8341135,5812,5659,255,187965,2022-04-24 21:30:00,3,1,1,2,7
7516595,2457,2445,426,187511,2022-04-24 15:30:00,31,2,0,4,6
6639307,3159,3161,524,186353,2021-05-15 16:00:00,37,3,2,4,3
10607865,3254,3168,524,188994,2024-03-03 14:00:00,27,1,1,12,8
6589553,1624,1612,364,186810,2021-01-28 20:00:00,20,1,3,1,2
6543035,2449,2500,426,186265,2020-10-18 16:00:00,4,1,1,5,7
10480226,1628,1651,364,188989,2023-12-21 20:00:00,18,1,1,3,1
8776743,1613,1642,364,188095,2022-08-06 14:00:00,1,2,0,11,1
6185208,5643,5685,255,186667,2021-02-21 23:30:00,37,0,0,3,11
6632492,692,698,795,186267,2021-05-12 18:00:00,36,1,0,1,5
8341407,5663,5654,255,187965,2022-09-28 22:00:00,28,3,2,7,3
6639439,3176,3158,524,186353,2021-03-03 19:45:00,25,1,2,2,3
8826831,3161,3194,524,188160,2023-01-14 19:45:00,18,1,0,3,4
6425338,19830,3767,412,186243,2020-11-20 20:00:00,11,3,2,2,1
10521407,700,698,795,189012,2024-05-12 12:00:00,35,1,0,6,2
10480175,1614,1660,364,188989,2023-10-29 14:00:00,10,3,1,6,4
6542963,2449,2453,426,186265,2020-12-16 17:30:00,12,0,2,2,3
7606756,3158,3159,524,187528,2022-01-09 17:30:00,21,3,4,8,1
8826669,3172,3157,524,188160,2022-08-21 18:45:00,2,1,1,4,6
8341325,5707,5638,255,187965,2022-09-04 22:00:00,25,1,1,7,5
8785943,3780,3803,412,188122,2023-01-15 14:00:00,19,1,1,10,5
12684507,5640,5644,255,189744,2024-08-28 22:30:00,5,0,0,10,3
8341355,5654,5651,255,187965,2022-08-14 19:00:00,22,5,0,12,4
6425492,3799,3813,412,186243,2021-01-31 14:00:00,22,3,1,4,8
11933025,5653,5644,255,189744,2024-10-26 22:00:00,31,1,3,3,3
10567103,3780,3774,412,189971,2023-12-17 14:00:00,16,0,0,4,4
8785296,2453,2481,426,188082,2023-01-28 14:30:00,18,3,1,3,7
7485198,1629,1630,364,187475,2022-03-18 20:00:00,30,2,3,2,5
6594181,1655,10531,346,186333,2020-10-24 14:00:00,7,1,1,6,4
8819780,1627,1673,346,188096,2023-03-11 15:00:00,36,1,0,9,2
7485232,1646,1611,364,187475,2022-02-08 20:00:00,24,1,1,2,10
9967472,5644,5646,255,188756,2023-07-16 21:30:00,15,0,0,4,7
9967501,5677,5646,255,188756,2023-06-22 00:30:00,11,1,0,6,8
7606860,3162,3163,524,187528,2021-12-02 19:45:00,15,4,4,5,4
8785770,3787,3769,412,188122,2022-08-21 13:00:00,3,1,2,7,2
8819474,1643,1635,346,188096,2022-10-01 14:00:00,12,0,2,8,4
8785200,2457,2460,426,188082,2023-03-11 14:30:00,24,1,1,7,8
6185070,5812,5644,255,186667,2020-11-29,23,0,0,8,9
7606975,3178,3162,524,187528,2021-08-21 18:45:00,1,1,3,5,3
6589375,1628,1623,364,186810,2020-09-26 14:00:00,3,1,2,7,6
6632516,695,682,795,186267,2021-04-18 19:00:00,33,1,5,4,5
8819702,1655,1626,346,188096,2023-02-11 15:00:00,31,1,0,8,8
10480332,1623,1669,364,188989,2024-04-27 16:30:00,35,1,0,6,6
11933049,5642,5656,255,189744,2024-11-09 19:30:00,33,1,2,14,4
6425342,3803,3782,412,186243,2020-11-21 16:00:00,11,4,1,5,6
11276370,1651,1624,364,188989,2023-12-28 19:30:00,19,4,2,7,6
8823246,674,681,795,188124,2023-03-11 20:00:00,25,1,0,12,3
6185214,5646,5812,255,186667,2021-02-22 21:00:00,37,1,1,9,6
10518333,1638,1644,346,188987,2024-03-02 15:00:00,35,1,0,4,3
11933013,5707,5638,255,189744,2024-10-05 22:00:00,29,2,0,3,7
7512322,1618,1655,346,187482,2021-11-02 19:45:00,16,3,0,6,2
6632555,701,695,795,186267,2021-04-10 16:30:00,30,0,1,6,3
7512038,1621,1647,346,187482,2022-03-15 19:45:00,38,3,1,9,1
10607864,3161,3173,524,188994,2024-04-14 18:45:00,32,2,2,7,0
8341378,5656,5707,255,187965,2022-10-02,29,2,0,7,4
8785795,3781,3776,412,188122,2022-08-26 19:00:00,4,1,3,6,0
7511974,1637,10531,346,187482,2022-04-18 14:00:00,43,4,4,5,3
6632753,846,690,795,186267,2020-11-22 17:30:00,10,1,3,5,3
7516725,2445,2463,426,187511,2022-05-14 13:30:00,34,2,1,8,10
8819762,1621,1636,346,188096,2023-03-04 12:30:00,35,1,0,3,8
10521279,708,686,795,189012,2023-12-17 13:00:00,17,0,0,4,4
6639659,3159,3187,524,186353,2021-04-07 16:45:00,3,2,1,2,6
10607586,3193,3192,524,188994,2023-10-27 18:45:00,10,1,0,7,0
7516619,2469,2454,426,187511,2022-04-09 13:30:00,29,0,2,3,5
9967344,5659,5638,255,188756,2023-04-15 21:30:00,1,2,1,3,7
6594078,1621,1638,346,186333,2020-12-02 19:45:00,15,2,1,2,8
10572026,2447,2463,426,188974,2023-08-19 16:30:00,1,1,0,6,3
10518303,1632,1631,346,188987,2024-03-05 19:45:00,36,0,1,6,5
7512341,1660,1672,346,187482,2021-10-23 14:00:00,14,1,0,6,7
8822956,675,686,795,188124,2022-09-11 12:00:00,5,4,1,4,3
9967351,5648,5657,255,188756,2023-05-07,4,1,1,9,1
12337155,5812,5641,255,189744,2024-06-19 22:00:00,10,1,2,5,1
6589626,1609,1624,364,186810,2021-03-14 16:30:00,28,2,1,6,3
6632776,684,702,795,186267,2020-11-01 13:00:00,8,3,1,1,1
7246185,5646,5655,255,187168,2021-07-10 19:30:00,11,3,2,6,5
10480087,1610,1612,364,188989,2023-08-13 15:30:00,1,1,1,4,4
7485125,1631,1623,364,187475,2022-05-08 13:00:00,36,1,2,6,1
8776732,1609,1631,364,188095,2022-08-13 14:00:00,2,4,2,6,2
7535891,674,696,795,187526,2021-08-27 20:15:00,3,3,0,4,4
11932956,5654,5685,255,189744,2024-08-25 23:00:00,24,2,1,6,10
10572181,2444,2445,426,188974,2023-12-17 18:30:00,15,3,0,6,2
6639553,3166,3172,524,186353,2020-12-23 19:45:00,14,2,2,1,5
11720183,1618,1620,346,188987,2024-03-12 19:45:00,29,0,1,3,4
7516704,2453,2446,426,187511,2021-12-19 14:30:00,17,2,1,4,8
6594179,1640,1621,346,186333,2020-10-24 14:00:00,7,0,4,0,5
8341199,5707,5669,255,187965,2022-06-18 22:00:00,13,0,0,7,6
10517791,1666,1631,346,188987,2023-11-29 19:45:00,18,1,1,5,4
11467179,3315,3176,524,188994,2024-01-06 19:45:00,19,1,0,1,8
7485430,1631,1646,364,187475,2021-09-25 14:00:00,6,2,2,8,3
8819488,1621,1638,346,188096,2022-10-01 14:00:00,12,2,1,4,4
6185187,5660,5646,255,186667,2021-02-17 22:30:00,35,1,0,5,4
7606666,3194,3193,524,187528,2022-04-04 16:30:00,31,1,0,2,5
7516782,2975,2469,426,187511,2021-10-23 13:30:00,9,4,1,3,4
6639398,3219,3160,524,186353,2021-04-03 13:00:00,29,2,2,3,3
8341264,5707,5659,255,187965,2022-07-10 22:00:00,16,2,0,5,2
6632723,675,679,795,186267,2020-12-12 20:00:00,13,2,0,3,6
7517691,3799,3803,412,187374,2022-03-20 14:00:00,29,1,0,6,11
7485233,1624,1619,364,187475,2022-02-09 19:45:00,24,2,3,2,8
7246274,5673,5656,255,187168,2021-06-06 19:00:00,2,0,1,6,4
7517645,3774,19830,412,187374,2022-04-15 19:00:00,32,2,3,6,0
6185014,5812,5651,255,186667,2020-10-17 22:00:00,17,1,1,2,11
10480425,1642,1633,364,188989,2024-02-17 15:00:00,25,2,0,5,2
6425199,3775,3767,412,186243,2020-09-20 11:00:00,4,0,3,4,7
6632503,696,695,795,186267,2021-05-08 12:00:00,35,2,2,8,3
8785055,2443,2481,426,188082,2022-09-09 18:30:00,6,0,1,3,7
6542862,2457,2975,426,186265,2021-02-21 14:30:00,22,0,3,3,4
6593804,1640,1678,346,186333,2021-03-20 15:00:00,38,0,0,1,2
9967483,5656,5649,255,188756,2023-09-19,15,4,4,6,4
6542921,2975,2500,426,186265,2021-01-20 19:30:00,17,1,0,5,1
8819724,1639,1672,346,188096,2023-02-11 15:00:00,31,0,0,7,2
7536145,687,681,795,187526,2022-02-27 17:30:00,26,1,0,6,5
10607754,3168,3172,524,188994,2024-05-18 16:00:00,37,0,2,2,5
10480141,1612,1616,364,188989,2023-12-03 14:00:00,14,4,3,3,4
6425279,3766,3770,412,186243,2020-12-23 20:00:00,17,3,0,9,7
10521150,684,713,795,189012,2023-09-02 19:00:00,4,1,0,2,3
6632499,698,701,795,186267,2021-05-09 12:00:00,35,0,1,4,2
6589532,1629,1623,364,186810,2021-01-12 20:15:00,18,1,2,6,5
10572091,2446,2453,426,188974,2023-10-29 16:30:00,9,2,1,11,4
7516590,2444,2445,426,187511,2022-05-08 15:30:00,33,2,2,7,4
6425369,3777,3782,412,186243,2020-10-25 14:00:00,8,2,0,5,3
7245974,5654,5677,255,187168,2021-11-11 22:00:00,31,3,0,8,3
6542928,2482,2459,426,186265,2021-01-16 14:30:00,16,0,0,5,3
9967473,5648,5644,255,188756,2023-07-09 19:00:00,14,2,0,7,4
7606800,3205,3187,524,187528,2022-05-22 10:30:00,38,0,3,4,2
11933039,5656,5646,255,189744,2024-11-04 23:00:00,32,2,0,2,9
6589484,1651,1636,364,186810,2020-12-20 12:00:00,14,1,1,14,2
8776760,1613,1625,364,188095,2022-08-21 15:30:00,3,3,3,5,5
8819720,1641,1660,346,188096,2023-02-15 19:45:00,32,1,1,2,10
10517448,1643,1621,346,188987,2023-08-12 14:00:00,2,2,2,5,9
11933036,5648,5649,255,189744,2024-11-02,32,2,2,8,2
6185129,5685,5653,255,186667,2021-01-11 23:00:00,29,2,2,6,6
10480164,1609,1646,364,188989,2023-11-11 15:00:00,12,3,1,13,3
7512215,1616,1636,346,187482,2021-12-20 19:45:00,23,0,1,7,2
7485454,1613,1619,364,187475,2021-08-28 14:00:00,3,2,2,4,4
7517687,3776,3782,412,187374,2022-03-11 20:00:00,28,0,0,2,3
10521285,680,682,795,189012,2023-12-03 17:30:00,15,1,1,8,4
10572070,2975,2481,426,188974,2023-09-16 13:30:00,4,3,0,1,6
8826925,3185,3187,524,188160,2023-03-19 14:00:00,27,0,4,5,4
6593796,1644,1618,346,186333,2021-03-20 15:00:00,38,3,0,5,5
8819411,1664,1621,346,188096,2022-08-31 19:00:00,7,0,1,7,5
10480384,1612,1624,364,188989,2024-05-05 15:30:00,36,4,2,8,3
6639473,3173,3172,524,186353,2021-02-14 14:00:00,22,0,1,6,6
6589395,1623,1612,364,186810,2020-10-17 11:30:00,5,2,2,2,5
6589681,1612,1613,364,186810,2021-04-24 11:30:00,33,1,1,6,3
8826736,3205,3235,524,188160,2022-10-16 13:00:00,10,2,2,6,8
10521361,680,700,795,189012,2024-05-15 17:30:00,36,0,1,1,9
8776768,1619,1611,364,188095,2022-08-27 11:30:00,4,0,1,5,3
10517519,1641,1649,346,188987,2023-09-16 14:00:00,6,2,1,4,14
8776891,1625,1669,364,188095,2022-11-12 12:30:00,16,1,2,10,2
10480111,1628,1629,364,188989,2023-09-03 13:00:00,4,3,2,4,2
8823305,692,681,795,188124,2022-11-05 17:30:00,13,1,2,2,3
7485436,1628,1651,364,187475,2021-09-27 19:00:00,6,1,1,6,5
10607508,3158,3254,524,188994,2023-10-01 18:45:00,7,2,0,7,3
6632799,702,802,795,186267,2020-10-03 16:30:00,5,0,0,0,5
10567012,3797,3767,412,189971,2023-09-30 15:00:00,7,0,0,6,9
8341338,5669,5651,255,187965,2022-08-28,24,0,0,8,3
7536332,695,674,795,187526,2021-12-20 20:00:00,18,3,4,5,4
8776881,1609,1633,364,188095,2022-12-26 20:00:00,17,3,1,7,5
7606778,3176,3163,524,187528,2022-04-27 16:00:00,20,0,4,14,2
11340309,5638,5707,255,188756,2023-11-26 21:30:00,35,0,0,5,1
10521254,713,674,795,189012,2023-12-19 18:00:00,18,0,1,7,1
7245951,5673,5649,255,187168,2021-11-13 21:30:00,32,3,1,3,9
10521143,675,698,795,189012,2023-09-02 14:15:00,4,2,1,11,1
7516803,2457,2454,426,187511,2021-10-23 16:30:00,9,1,0,2,6
8341422,5638,5656,255,187965,2022-09-11 19:00:00,26,1,1,3,7
6593773,1639,1638,346,186333,2021-04-05 14:00:00,40,1,2,5,4
8785251,2500,2445,426,188082,2023-04-01 13:30:00,26,3,0,3,5
8776870,1628,1619,364,188095,2022-10-29 14:00:00,14,1,0,8,4
6593768,1655,1642,346,186333,2021-04-10 14:00:00,41,0,0,3,8
10572231,2481,2500,426,188974,2024-04-12 18:30:00,29,2,0,5,4
10567148,3780,3770,412,189971,2024-02-11 14:00:00,21,1,2,12,0
10518327,1641,1620,346,188987,2024-02-14 19:45:00,32,2,1,2,7
8819635,10529,1650,346,188096,2022-12-26 17:15:00,24,0,0,1,6
10567257,3777,3780,412,189971,2024-01-14 14:00:00,18,0,1,5,2
10480161,1669,1609,364,188989,2023-11-25 17:30:00,13,0,1,1,8
8777032,1628,1623,364,188095,2023-04-22 14:00:00,32,0,0,8,1
6593888,1673,10531,346,186333,2021-02-20 15:00:00,31,4,1,4,4
7536043,686,696,795,187526,2022-04-19 17:00:00,33,2,1,0,6
6425355,3774,3803,412,186243,2020-10-31 16:00:00,9,2,1,8,1
6589509,1611,1629,364,186810,2020-12-29 20:00:00,16,1,0,2,2
6594057,10531,1659,346,186333,2020-12-08 19:45:00,17,0,0,1,3
10518574,1641,1630,346,188987,2023-12-26 12:30:00,24,2,1,5,6
7485484,1611,1630,364,187475,2021-08-14 11:30:00,1,5,1,5,4
6589653,1613,1624,364,186810,2021-04-04 13:05:00,30,2,2,7,3
6589651,1631,1625,364,186810,2021-04-03 16:30:00,30,0,2,1,1
10480348,1624,1642,364,188989,2024-04-07 17:00:00,32,3,1,12,2
7516723,2451,2444,426,187511,2022-05-14 13:30:00,34,2,2,2,12
7535968,678,681,795,187526,2022-05-15 17:30:00,37,2,0,10,6
10521352,678,676,795,189012,2024-03-03 20:00:00,27,0,0,4,4
8823062,698,684,795,188124,2023-01-28 20:00:00,19,0,1,6,1
7606640,3158,3192,524,187528,2022-04-10 16:00:00,32,2,1,9,2
6589481,1629,1610,364,186810,2020-12-15 18:00:00,13,2,1,5,6
8341142,5644,5656,255,187965,2022-05-14 22:00:00,6,2,2,5,6
7485286,1623,1609,364,187475,2021-12-06 20:00:00,15,2,1,3,3
7606924,3192,3193,524,187528,2021-10-02 13:00:00,7,1,0,9,8
7517725,3803,3788,412,187374,2022-02-27 14:00:00,26,0,1,5,6
7606793,3164,3191,524,187528,2021-12-19 17:00:00,18,1,1,4,3
6589529,1631,1610,364,186810,2021-01-19 20:15:00,18,2,0,6,3
10521198,681,756,795,189012,2023-11-04 13:00:00,12,2,4,2,7
8786169,3770,3795,412,188122,2023-04-23 13:00:00,32,2,2,13,4
6593916,1678,1642,346,186333,2021-02-06 15:00:00,28,0,3,3,6
11467178,3161,3194,524,188994,2024-01-06 11:30:00,19,2,1,7,0
8819848,1664,1635,346,188096,2023-04-15 14:00:00,42,1,0,3,7
8341498,5655,5663,255,187965,2022-11-13 19:00:00,38,0,2,5,7
7517661,3777,19830,412,187374,2022-04-03 13:00:00,30,1,2,3,6
10480244,1633,1628,364,188989,2023-12-03 14:00:00,14,1,1,2,3
8823350,681,702,795,188124,2023-04-08 12:00:00,28,2,1,9,2
7516760,2457,2481,426,187511,2021-11-27 14:30:00,13,1,1,5,6
6639347,3161,3163,524,186353,2021-05-23 13:00:00,38,5,1,3,2
10567270,3780,3776,412,189971,2024-02-25 14:00:00,23,3,1,5,8
7485299,1631,1644,364,187475,2021-11-28 14:00:00,13,4,2,8,6
7512415,1655,1616,346,187482,2021-09-25 14:00:00,9,1,1,3,7
7517626,3782,19830,412,187374,2022-04-23 17:00:00,34,1,4,1,1
8776913,1623,1629,364,188095,2022-12-26 15:00:00,17,1,2,2,2
8819578,1643,1626,346,188096,2022-11-05 15:00:00,20,1,2,2,9
8776978,1631,1609,364,188095,2023-02-25 15:00:00,25,0,1,0,8
10567040,3802,3766,412,189971,2023-10-01 11:00:00,7,2,0,1,5
7517623,3802,3771,412,187374,2022-04-24 18:45:00,34,0,1,3,4
6185073,5657,5669,255,186667,2020-11-30 21:00:00,23,1,4,9,3
6589686,1651,1630,364,186810,2021-05-01 14:00:00,34,2,0,2,9
8785951,3799,3797,412,188122,2023-01-15 14:00:00,19,1,2,3,1
7536242,702,691,795,187526,2021-10-23 16:30:00,10,2,2,3,7
6425299,19830,3773,412,186243,2020-12-16 20:00:00,15,0,3,3,3
7246092,5819,5648,255,187168,2021-09-08 00:30:00,19,1,2,8,4
7512299,1668,1650,346,187482,2021-10-23 14:00:00,14,2,1,1,4
7517868,3799,3787,412,187374,2022-05-21 19:00:00,38,2,0,4,3
8819492,1664,1626,346,188096,2022-10-01 14:00:00,12,0,1,9,6
8785265,2460,2449,426,188082,2023-05-05 18:30:00,31,2,3,7,6
7246052,5651,5649,255,187168,2021-09-26 21:15:00,22,4,2,3,7
10521323,686,846,795,189012,2024-03-16 13:00:00,29,1,0,10,2
7516624,2451,2446,426,187511,2022-03-20 16:30:00,27,0,2,7,7
7512077,1621,1638,346,187482,2022-03-08 19:45:00,33,0,0,10,2
9967421,5707,5660,255,188756,2023-05-27 21:30:00,8,1,1,2,6
6589474,1614,1646,364,186810,2020-12-17 18:00:00,13,0,0,10,1
6184872,5660,5654,255,186667,2020-08-15 22:30:00,3,0,1,5,5
8822976,686,680,795,188124,2022-10-15 16:30:00,9,0,1,1,3
9967549,5659,5660,255,188756,2023-07-30 19:00:00,17,4,1,5,3
6594007,1640,1639,346,186333,2020-12-26 15:00:00,21,0,0,7,6
8785300,2448,2446,426,188082,2023-05-27 13:30:00,34,3,0,2,5
7518022,3787,3771,412,187374,2021-08-08 18:45:00,1,2,3,6,11
6632791,802,690,795,186267,2020-10-18 16:30:00,6,2,2,3,1
10480157,1611,1625,364,188989,2023-10-29 15:30:00,10,0,3,7,12
6184923,5669,5655,255,186667,2020-09-06 00:30:00,8,0,1,7,5
6184878,5685,5648,255,186667,2020-08-19 22:15:00,4,2,1,6,4
7516696,2453,2459,426,187511,2022-01-08 14:30:00,18,2,2,7,12
10607824,3163,3236,524,188994,2024-02-03 14:00:00,23,0,0,7,4
7485360,1651,1629,364,187475,2021-12-15 19:30:00,17,0,1,7,4
7512016,1664,1636,346,187482,2022-03-16 19:45:00,38,0,0,2,5
10521367,708,676,795,189012,2024-05-16 19:30:00,36,0,2,4,7
6425401,3772,3779,412,186243,2021-04-04 13:00:00,31,2,3,6,5
7516630,2445,2454,426,187511,2022-03-05 17:30:00,25,3,2,5,2
7516851,2444,2457,426,187511,2021-08-28 16:30:00,3,5,0,8,3
6589410,1619,1623,364,186810,2020-10-25 14:00:00,6,2,0,4,5
7606945,3162,3158,524,187528,2021-09-26 16:00:00,6,3,2,1,9
7518024,3797,3795,412,187374,2021-08-15 13:00:00,2,2,0,9,2
6185117,5685,5638,255,186667,2021-01-07 00:30:00,28,4,2,4,5
8341219,5654,5663,255,187965,2022-06-05 19:00:00,9,1,2,9,3
8826711,3157,3187,524,188160,2022-09-18 18:45:00,7,1,2,9,4
7536040,687,691,795,187526,2022-04-04 19:00:00,30,1,0,6,0
6543046,2975,2449,426,186265,2020-10-03 16:30:00,3,4,0,8,1
12408273,5648,5644,255,189744,2024-07-04 23:00:00,14,1,1,3,4
6589621,1625,1611,364,186810,2021-03-07 16:30:00,27,0,2,6,2
10517512,1644,1618,346,188987,2023-09-16 14:00:00,6,2,0,8,1
7516866,2975,2444,426,187511,2021-09-11 16:30:00,4,1,4,2,6
10480127,1628,1616,364,188989,2023-09-23 14:00:00,6,0,0,3,2
8826691,3178,3158,524,188160,2022-09-12 18:45:00,6,1,2,7,7
7246269,5812,5638,255,187168,2021-06-05 22:00:00,2,2,0,3,13
6593774,1666,10529,346,186333,2021-04-05 16:30:00,40,5,0,4,7
8819480,1644,1632,346,188096,2022-09-17 14:00:00,11,2,2,8,3
10480093,1629,1614,364,188989,2023-10-08 13:00:00,8,1,1,2,10
7517680,3777,3797,412,187374,2022-04-17 13:00:00,32,1,1,0,9
10521151,696,678,795,189012,2023-09-22 19:00:00,6,0,2,3,4
7516691,2457,2463,426,187511,2022-01-09 14:30:00,18,1,3,10,4
7512384,1637,1620,346,187482,2021-09-25 11:30:00,9,1,0,2,4
6543005,2443,2463,426,186265,2020-11-06 19:30:00,7,1,1,1,3
10521445,714,678,795,189012,2024-03-10 15:15:00,28,0,2,10,3
11932985,5650,5648,255,189744,2024-09-15 19:00:00,26,2,1,8,5
8822954,687,691,795,188124,2022-09-18 16:30:00,6,2,1,4,2
6425255,3799,3767,412,186243,2021-01-16 20:00:00,20,0,1,5,7
8785251,2500,2445,426,188082,2023-04-01 13:30:00,26,3,0,3,5
7517789,19830,3773,412,187374,2021-08-21 15:00:00,3,0,2,13,3
10521406,696,756,795,189012,2024-05-10 19:00:00,35,2,2,5,3
9967369,5654,5643,255,188756,2023-05-10 23:00:00,5,2,0,8,7
10518714,1649,1641,346,188987,2024-03-16 15:00:00,38,0,1,6,5
8776958,1633,1610,364,188095,2023-02-11 12:30:00,23,1,1,5,6
8786181,3773,3775,412,188122,2023-02-01 20:00:00,21,0,1,5,3
7606618,3166,3163,524,187528,2022-04-24 13:00:00,34,2,2,2,4
8785816,3767,3803,412,188122,2022-09-10 15:00:00,7,1,0,3,5
6589425,1610,1636,364,186810,2020-11-07 17:30:00,8,4,1,6,7
8823122,682,687,795,188124,2023-04-02 16:30:00,27,2,0,4,4
7512268,1642,1636,346,187482,2021-11-02 19:45:00,16,1,1,6,4
7516597,2447,2451,426,187511,2022-04-16 13:30:00,30,6,1,4,6
8341203,5651,5655,255,187965,2022-06-04 22:00:00,9,2,2,7,6
7606811,3178,3192,524,187528,2022-05-14 13:00:00,37,1,1,3,11
10607683,3158,3192,524,188994,2023-08-20 16:30:00,1,2,2,9,1
11340509,5643,5673,255,188756,2023-12-06 22:00:00,38,1,0,8,7
10607808,3163,3157,524,188994,2024-01-20 19:45:00,21,2,3,5,7
7485284,1613,1646,364,187475,2021-12-04 15:00:00,15,1,0,10,3
10567134,3803,3793,412,189971,2024-03-03 14:00:00,24,1,0,0,2
8819820,1641,1664,346,188096,2023-04-01 11:30:00,39,3,1,6,8
6632497,675,680,795,186267,2021-05-09 19:00:00,35,2,2,7,3
7512287,1647,1659,346,187482,2021-11-21 12:00:00,18,3,2,3,4
8785107,2447,2445,426,188082,2022-10-22 13:30:00,11,5,0,9,2
8785021,2443,2462,426,188082,2022-08-28 15:30:00,4,3,4,5,7
9967629,5663,5654,255,188756,2023-11-05 19:00:00,32,0,2,4,3
8785008,2446,2482,426,188082,2022-08-20 13:30:00,3,0,3,3,1
8341372,5643,5656,255,187965,2022-10-29 22:30:00,32,0,0,2,4
8785928,3773,3767,412,188122,2023-01-01 19:45:00,17,3,1,3,7
7245942,5644,5654,255,187168,2021-11-21 00:30:00,34,1,2,8,5
10607544,3158,3178,524,188994,2023-09-17 18:45:00,4,7,0,2,6
6184897,5638,5656,255,186667,2020-08-30 14:00:00,6,2,1,7,4
6594120,1663,1642,346,186333,2020-11-21 15:00:00,12,2,0,4,8
10521307,714,674,795,189012,2024-02-10 20:00:00,24,2,0,5,0
8785011,2481,2460,426,188082,2022-08-20 13:30:00,3,1,2,3,3
6594024,1618,1620,346,186333,2020-12-19 15:00:00,20,1,4,4,2
7512158,1673,10531,346,187482,2022-01-15 15:00:00,27,1,1,4,7
6589601,1612,1623,364,186810,2021-02-20 17:30:00,25,0,2,7,2
6632611,674,692,795,186267,2021-02-20 17:30:00,24,2,0,6,1
7606650,3178,3185,524,187528,2022-05-01 13:00:00,35,1,3,5,4
7246157,5638,5646,255,187168,2021-07-31 22:00:00,14,0,0,7,2
8786114,3799,3780,412,188122,2023-03-12 14:00:00,27,0,2,6,8
9967552,5649,5653,255,188756,2023-07-23,16,1,0,3,8
7535970,692,702,795,187526,2022-05-15 17:30:00,37,1,0,8,5
10567078,3803,3767,412,189971,2023-10-29 12:00:00,10,2,3,9,5
6594208,1621,1642,346,186333,2020-10-17 14:00:00,5,0,1,5,3
8819708,1641,1655,346,188096,2023-02-04 15:00:00,30,1,2,5,3
7536161,846,682,795,187526,2022-02-19 13:00:00,25,1,4,9,2
10517627,10529,1643,346,188987,2023-09-30 14:00:00,9,2,0,6,5
7245910,5656,5649,255,187168,2021-12-05 19:00:00,37,1,1,2,5
6185178,5649,5655,255,186667,2021-02-03 19:00:00,34,3,3,5,3
10607654,3194,3168,524,188994,2023-11-27 17:30:00,13,2,2,4,2
7246055,5663,5812,255,187168,2021-10-02 20:00:00,23,0,3,10,4
11932960,5644,5640,255,189744,2024-08-25 22:00:00,24,1,0,12,3
10567177,3793,3787,412,189971,2024-03-31 13:00:00,27,0,2,6,6
6543017,2457,2451,426,186265,2020-11-01 17:00:00,6,1,1,8,6
10607873,3193,3236,524,188994,2024-03-09 19:45:00,28,2,3,10,1
7485184,1619,1644,364,187475,2022-03-13 14:00:00,29,1,2,11,3
6425431,3803,3804,412,186243,2021-03-03 18:00:00,28,3,1,3,5
6542787,2463,2975,426,186265,2021-04-20 16:30:00,30,2,1,0,8
7606946,3205,3159,524,187528,2021-09-22 16:30:00,5,2,3,5,15
7517724,3774,3803,412,187374,2022-02-06 16:00:00,23,2,0,6,1
7606851,3164,3166,524,187528,2021-11-07 14:00:00,12,1,2,6,5
10607519,3176,3172,524,188994,2023-09-17 16:00:00,4,3,2,3,4
6542933,2460,2462,426,186265,2021-01-09 14:30:00,15,0,2,3,7
7516678,2482,2447,426,187511,2022-01-22 14:30:00,20,2,3,7,3
6593971,1640,1666,346,186333,2021-01-27 19:00:00,24,2,0,5,7
8823172,684,713,795,188124,2023-05-15 19:00:00,34,3,1,6,5
9967603,5653,5655,255,188756,2023-08-27 19:00:00,21,2,0,5,2
6594132,1621,1650,346,186333,2020-11-07 15:00:00,11,3,1,12,7
6639384,3219,3315,524,186353,2021-04-12 18:45:00,30,0,1,3,8
8819561,1646,1637,346,188096,2022-10-29 14:00:00,18,2,1,12,9
10480097,1613,1646,364,188989,2023-09-30 14:00:00,7,2,0,5,2
8819760,10531,1643,346,188096,2023-02-27 20:00:00,34,1,1,3,6
11932990,5641,5651,255,189744,2024-09-22 21:30:00,27,0,0,12,1
7606636,3173,3315,524,187528,2022-04-16 10:30:00,33,1,0,3,3
6542891,2975,2446,426,186265,2021-01-30 17:30:00,19,1,0,6,6
10480092,1659,1629,364,188989,2023-10-21 14:00:00,9,1,2,3,12
8785234,2482,2449,426,188082,2023-04-09 17:30:00,27,2,0,9,8
10567149,3773,3779,412,189971,2024-02-10 16:00:00,21,3,1,4,5
8341231,5648,5812,255,187965,2022-06-11 22:00:00,11,0,2,10,6
10567245,3771,19830,412,189971,2024-01-27 20:00:00,19,2,2,10,1
7485293,1610,1611,364,187475,2021-11-28 16:30:00,13,1,1,15,2
6425563,3799,19830,412,186243,2021-04-25 15:05:00,34,0,1,4,1
10480132,1616,1660,364,188989,2023-09-16 14:00:00,5,1,0,6,2
7606708,3157,3164,524,187528,2022-02-13 11:30:00,25,1,0,4,0
8786167,3769,3776,412,188122,2023-04-22 15:00:00,32,1,1,4,4
7518031,3802,3787,412,187374,2021-08-15 13:00:00,2,3,3,8,7
9967522,5638,5660,255,188756,2023-09-27 22:00:00,22,2,1,4,3
8819630,1636,1640,346,188096,2022-12-26 15:00:00,24,3,1,2,7
7535994,674,684,795,187526,2022-05-10 17:00:00,36,0,3,7,3
7536020,692,696,795,187526,2022-05-07 16:30:00,35,4,0,7,1
10434066,3205,3194,524,188160,2023-06-11 18:45:00,1,1,3,9,5
11340329,5673,5677,255,188756,2023-12-03 21:30:00,37,3,2,2,10
6185198,5674,5685,255,186667,2021-02-15 23:00:00,36,0,0,1,15
6639682,3176,3185,524,186353,2020-09-19 16:00:00,1,1,0,4,1
10521419,675,684,795,189012,2024-05-25 19:00:00,38,0,0,4,5
7606733,3159,3194,524,187528,2022-02-06 19:45:00,24,2,0,6,5
7511964,10531,1663,346,187482,2022-04-15 14:00:00,42,1,1,6,8
6425420,3773,3777,412,186243,2021-03-14 14:00:00,29,2,2,6,1
7485432,1619,1629,364,187475,2021-09-26 13:00:00,6,0,1,5,5
10572153,2453,2482,426,188974,2024-01-20 14:30:00,18,3,2,2,2
6589670,1630,1612,364,186810,2021-04-19 19:00:00,32,1,1,10,8
10480415,1628,1625,364,188989,2024-04-06 11:30:00,32,2,4,2,9
10518350,1626,1644,346,188987,2024-02-13 19:45:00,32,4,2,4,4
10518619,1619,1644,346,188987,2024-04-13 14:00:00,43,3,2,6,3
8822996,692,698,795,188124,2022-10-24 19:00:00,11,1,1,10,0
6589491,1619,1625,364,186810,2020-12-19 15:00:00,14,0,1,6,6
10607646,3157,3176,524,188994,2023-11-25 19:45:00,13,1,0,3,11
7606876,3162,3176,524,187528,2021-10-27 18:45:00,10,1,0,3,6
7246132,5663,5655,255,187168,2021-08-15 21:15:00,16,1,1,6,2
10572276,2481,2445,426,188974,2024-05-10 18:30:00,33,0,1,5,5
6589661,1625,1630,364,186810,2021-04-10 11:30:00,31,1,2,9,3
7536210,702,684,795,187526,2021-11-21 17:30:00,14,0,3,10,1
8341172,5651,5654,255,187965,2022-04-23 19:30:00,3,1,0,6,5
6639549,3187,3185,524,186353,2020-12-23 19:45:00,14,1,1,4,3
7516634,2453,2457,426,187511,2022-02-26 14:30:00,24,3,0,6,6
6594082,10529,1673,346,186333,2020-12-01 19:00:00,15,3,0,4,2
7536053,700,678,795,187526,2022-04-21 18:00:00,33,2,3,4,1
6639526,3164,3161,524,186353,2021-01-06 14:00:00,16,2,1,4,10
7246236,5656,5674,255,187168,2021-06-24 22:00:00,6,2,1,4,5
7485231,1626,1628,364,187475,2022-02-09 19:45:00,24,1,1,4,6
7606852,3315,3178,524,187528,2021-10-31 14:00:00,11,1,2,4,6
7535916,692,679,795,187526,2021-08-15 15:30:00,1,1,2,2,5
10521393,713,846,795,189012,2024-05-15 17:30:00,36,2,1,6,6
6593737,1678,1655,346,186333,2021-04-21 18:00:00,43,2,1,5,2
9967456,5677,5654,255,188756,2023-05-13 19:00:00,6,2,3,10,4
10480419,1614,1669,364,188989,2024-04-06 14:00:00,32,3,3,11,3
6632804,695,675,795,186267,2020-10-04 14:00:00,5,0,2,4,6
11873102,5663,5640,255,189744,2024-04-17 23:00:00,2,1,1,7,5
8826701,3176,3159,524,188160,2022-09-03 13:00:00,5,1,1,10,2
8826938,3159,3194,524,188160,2023-04-01 18:45:00,28,1,0,3,5
7485137,1625,1644,364,187475,2022-04-23 14:00:00,34,5,1,11,4
10521286,680,698,795,189012,2023-12-16 17:30:00,17,0,3,4,2
9967479,5638,5648,255,188756,2023-07-01 19:00:00,13,1,0,12,2
8785797,3766,3795,412,188122,2022-08-19 19:00:00,3,4,1,4,5
6632808,696,678,795,186267,2020-10-04 12:00:00,5,1,0,0,6
6542839,2447,2457,426,186265,2021-03-13 17:30:00,25,2,0,7,0
10518403,1627,1618,346,188987,2024-02-03 15:00:00,30,1,0,4,8
10572077,2446,2447,426,188974,2023-12-03 16:30:00,13,1,1,16,1
8785057,2481,2444,426,188082,2022-09-17 13:30:00,7,1,0,2,8
10607549,3168,3193,524,188994,2023-09-22 18:45:00,5,1,0,4,3
8819592,10529,1636,346,188096,2022-11-12 15:00:00,21,0,1,5,4
8826953,3158,3163,524,188160,2023-04-16 18:45:00,30,3,0,6,2
10518669,1639,1673,346,188987,2024-04-01 14:00:00,40,1,1,6,7
6594142,1673,1655,346,186333,2020-11-03 19:00:00,10,1,2,3,4
10518585,10531,1643,346,188987,2024-04-13 14:00:00,43,1,0,12,0
7511950,1636,10529,346,187482,2022-04-23 14:00:00,44,1,0,5,4
8827038,3157,3194,524,188160,2023-06-04 19:00:00,38,3,1,7,1
7246287,5654,5646,255,187168,2021-05-30 19:00:00,1,1,0,3,4
11933096,5641,5656,255,189744,2024-11-30 22:30:00,36,2,4,3,7
8785983,3802,3788,412,188122,2023-02-01 18:00:00,21,4,2,5,7
10572184,2520,2481,426,188974,2024-03-02 14:30:00,24,0,6,3,6
10518596,1634,1620,346,188987,2024-04-13 14:00:00,43,1,1,6,4
6542820,2459,2975,426,186265,2021-03-19 19:30:00,26,0,1,1,7
6589391,1619,1627,364,186810,2020-10-04 11:00:00,4,2,0,5,1
10521321,714,680,795,189012,2024-04-14 12:00:00,31,0,2,6,2
7512019,10529,1639,346,187482,2022-03-16 19:45:00,38,2,1,9,8
8785313,2444,2975,426,188082,2023-05-20 16:30:00,33,1,3,7,2
6542926,2462,2449,426,186265,2021-01-17 17:00:00,16,3,1,8,2
7246021,5653,5655,255,187168,2021-10-13 22:00:00,26,3,1,4,2
7245991,5653,5707,255,187168,2021-10-24 19:00:00,28,2,1,7,2
6632589,702,680,795,186267,2021-03-06 15:15:00,26,2,1,6,3
7516807,2463,2469,426,187511,2021-10-01 18:30:00,7,3,1,8,1
8786244,3779,3766,412,188122,2023-04-28 19:00:00,33,1,2,5,4
10521193,675,713,795,189012,2023-11-05 20:00:00,12,0,0,11,1
6632652,681,846,795,186267,2021-01-24 13:00:00,20,3,1,1,5
7246158,5650,5819,255,187168,2021-07-26 21:00:00,13,1,0,3,1
8776818,1609,1612,364,188095,2022-10-09 15:30:00,10,3,2,4,3
7485348,1611,1651,364,187475,2022-02-15 20:15:00,18,2,0,10,2
8826988,3163,3187,524,188160,2023-05-04 18:45:00,33,1,1,2,6
8823188,686,674,795,188124,2023-05-25 17:30:00,36,1,0,2,4
8819359,1644,1636,346,188096,2022-08-01 19:00:00,1,1,0,5,4
6542850,2443,2462,426,186265,2021-02-26 19:30:00,23,2,1,2,8
8341382,5666,5648,255,187965,2022-10-16 22:00:00,32,0,3,9,5
7517993,3771,3782,412,187374,2021-08-28 19:00:00,4,3,1,5,4
7536027,680,700,795,187526,2022-04-29 19:00:00,34,1,1,5,6
8785066,2500,2451,426,188082,2022-09-18 13:30:00,7,2,0,4,1
8341140,5659,5663,255,187965,2022-05-15 21:00:00,6,3,1,5,1
6593985,1660,1650,346,186333,2021-01-12 19:00:00,23,0,2,2,6
7246039,5819,5638,255,187168,2021-10-03 19:00:00,23,1,1,7,7
9967669,5651,5663,255,188756,2023-11-08 23:00:00,33,1,1,15,2
11873150,5656,5653,255,189744,2024-04-14 19:00:00,1,0,0,3,3
6632532,674,696,795,186267,2021-04-24 16:30:00,32,1,1,7,2
7517650,3772,3775,412,187374,2022-05-01 15:05:00,35,0,1,2,5
10607564,3254,3178,524,188994,2023-11-06 17:30:00,11,2,1,9,2
7246207,5654,5648,255,187168,2021-07-04 19:00:00,9,0,1,6,5
10521124,687,756,795,189012,2023-08-12 15:00:00,1,1,1,4,1
10521389,696,698,795,189012,2024-05-18 19:00:00,37,1,0,2,1
8822936,681,700,795,188124,2022-08-20 15:30:00,2,2,0,2,2
6543584,2460,2457,426,186265,2021-05-03 16:00:00,29,1,1,6,4
7536393,687,692,795,187526,2022-01-08 15:15:00,20,1,0,6,4
11873133,5642,5646,255,189744,2024-04-14 21:30:00,1,0,1,3,9
6589460,1636,1631,364,186810,2020-12-06 14:15:00,11,1,2,6,6
7246209,5650,5649,255,187168,2021-07-01 00:30:00,8,2,0,3,6
7512139,1673,1639,346,187482,2022-01-28 19:45:00,29,1,1,3,5
7535900,679,682,795,187526,2021-08-29 20:00:00,3,2,2,16,0
7511978,1663,1641,346,187482,2022-04-30 11:30:00,45,1,3,3,10
8341242,5655,5646,255,187965,2022-05-29 19:00:00,8,0,1,3,4
9967635,5651,5673,255,188756,2023-10-25 22:00:00,29,3,2,14,5
7536055,684,681,795,187526,2022-04-03 14:15:00,30,4,1,11,7
8819684,1638,1646,346,188096,2023-02-21 19:45:00,29,1,1,3,6
8826985,3185,3172,524,188160,2023-04-29 18:45:00,32,1,2,3,3
6542808,2462,2451,426,186265,2021-04-10 13:30:00,28,4,3,3,7
7517900,3779,3802,412,187374,2021-11-21 14:00:00,14,1,1,5,4
10480206,1660,1625,364,188989,2023-12-10 14:00:00,16,1,2,6,3
7517892,3774,3787,412,187374,2021-11-20 20:00:00,14,2,0,8,2
8826876,3168,3158,524,188160,2023-02-11 17:00:00,22,1,1,3,7
8786108,3770,3774,412,188122,2023-02-26 14:00:00,25,0,1,12,4
10480333,1614,1610,364,188989,2024-04-27 19:00:00,35,2,2,2,4
8822939,678,686,795,188124,2022-08-15 15:30:00,1,0,0,6,2
7516618,2481,2457,426,187511,2022-04-16 13:30:00,30,0,1,1,7
8776795,1611,1609,364,188095,2022-09-04 15:30:00,6,3,1,2,5
7511897,1650,1638,346,187482,2021-08-07 14:00:00,1,1,1,7,5
6425290,3771,3802,412,186243,2020-12-19 18:00:00,16,1,1,7,3
6639317,3185,3157,524,186353,2021-05-12 18:45:00,36,0,7,2,3
8823298,690,702,795,188124,2022-11-05 15:15:00,13,2,1,8,4
7512373,1638,1655,346,187482,2021-09-29 18:45:00,10,1,0,4,6
10521162,713,682,795,189012,2023-09-24 14:15:00,6,1,1,2,8
10521103,682,684,795,189012,2023-08-13 17:30:00,1,1,2,9,4
8785190,2460,2481,426,188082,2023-02-11 14:30:00,20,3,1,4,12
6589359,1628,1619,364,186810,2020-09-12 14:00:00,1,1,0,7,3
6589388,1631,1633,364,186810,2020-10-04 11:00:00,4,0,3,6,4
7246144,5673,5648,255,187168,2021-08-08 19:00:00,15,1,0,4,8
8341429,5650,5663,255,187965,2022-09-18 21:00:00,27,1,1,14,2
7512006,1647,1640,346,187482,2022-03-19 12:30:00,39,1,1,7,10
8819819,10529,10531,346,188096,2023-04-01 14:00:00,39,2,3,1,3
10521404,687,714,795,189012,2024-05-04 12:00:00,34,2,0,7,2
10518610,1618,1640,346,188987,2024-04-13 14:00:00,43,3,0,3,6
10521295,674,708,795,189012,2024-02-03 13:00:00,23,2,1,0,6
8776915,1651,1609,364,188095,2022-12-31 17:30:00,18,2,4,7,4
10572293,2453,2451,426,188974,2024-04-27 13:30:00,31,1,2,3,6
7536244,846,698,795,187526,2021-10-28 18:00:00,11,1,1,5,0
6639648,3164,3162,524,186353,2020-10-17 16:00:00,4,3,0,4,3
6184863,5669,5649,255,186667,2020-08-13 00:30:00,2,1,1,1,7
10480320,1628,1669,364,188989,2023-12-30 15:00:00,20,3,1,7,4
7516852,2454,2459,426,187511,2021-09-12 17:30:00,4,3,1,3,4
10607813,3173,3185,524,188994,2024-01-26 19:45:00,22,1,2,9,2
8341209,5659,5638,255,187965,2022-06-16 19:00:00,12,1,0,3,3
7485434,1623,1644,364,187475,2021-10-23 14:00:00,9,2,5,3,5
10607741,3158,3185,524,188994,2024-02-26 17:30:00,26,3,2,0,4
10521199,692,680,795,189012,2023-11-04 17:30:00,12,1,1,4,6
6594127,1626,10531,346,186333,2020-11-07 15:00:00,11,1,0,4,11
8826675,3187,3168,524,188160,2022-08-31 18:45:00,4,1,1,6,4
11873142,5641,5650,255,189744,2024-04-13 21:30:00,1,1,1,0,4
10567052,3776,3780,412,189971,2023-11-12 14:00:00,12,1,1,11,1
10480223,1616,1642,364,188989,2023-12-06 19:30:00,15,5,0,6,1
10518017,1649,10529,346,188987,2024-01-20 15:00:00,28,3,1,5,5
7512133,1639,1616,346,187482,2022-01-22 15:00:00,28,2,3,3,5
8341212,5656,5650,255,187965,2022-06-11 19:30:00,11,2,0,4,5
6639453,3164,3172,524,186353,2021-02-28 11:30:00,24,0,2,5,6
8777102,1669,1625,364,188095,2023-05-28 15:30:00,38,1,0,3,4
8827002,3162,3168,524,188160,2023-05-12 18:45:00,35,2,2,2,3
6639665,3185,3172,524,186353,2020-09-26 13:00:00,2,2,4,2,6
8785281,2448,2447,426,188082,2023-04-28 18:30:00,30,1,1,4,11
8823031,687,681,795,188124,2022-12-31 15:15:00,15,2,0,3,2
9967524,5654,5644,255,188756,2023-08-26 21:30:00,21,0,0,6,3
6593974,1621,1639,346,186333,2021-01-16 15:00:00,24,1,1,2,7
7485239,1628,1612,364,187475,2022-01-23 14:00:00,23,1,3,2,5
7518013,3766,3779,412,187374,2021-09-12 18:45:00,5,3,1,4,6
8341112,5654,5638,255,187965,2022-04-17 19:00:00,2,3,1,2,3
6639311,3193,3172,524,186353,2021-05-15 13:00:00,37,3,4,2,4
8819734,1646,1644,346,188096,2023-02-14 20:00:00,32,1,1,5,1
7516835,2453,2481,426,187511,2021-09-26 15:30:00,6,3,0,6,3
6593978,10531,1644,346,186333,2021-01-02 15:00:00,23,2,1,6,8
6594159,1641,1638,346,186333,2020-10-28 19:00:00,8,0,2,2,7
6589572,1611,1619,364,186810,2021-02-02 20:15:00,22,9,0,5,3
8341428,5644,5685,255,187965,2022-09-29 00:45:00,28,0,0,6,3
8786310,3779,3775,412,188122,2023-05-13 15:00:00,35,2,0,2,3
6185090,5643,5649,255,186667,2020-12-13,25,0,0,4,9
6632553,802,702,795,186267,2021-04-09 19:00:00,30,3,1,6,6
8826912,3172,3178,524,188160,2023-03-17 19:45:00,27,2,1,13,2
8776876,1609,1642,364,188095,2022-10-30 14:00:00,14,5,0,9,4
7485119,1633,1609,364,187475,2022-05-01 15:30:00,35,1,2,3,7
10518601,1631,1618,346,188987,2024-04-06 14:00:00,41,2,1,10,0
10521395,674,713,795,189012,2024-05-12 16:30:00,35,0,0,6,3
7517668,3802,3766,412,187374,2022-03-20 16:05:00,29,0,0,7,3
6632700,682,678,795,186267,2020-12-22 21:00:00,15,1,1,6,4
6589424,1651,1646,364,186810,2020-11-06 17:30:00,8,0,0,5,3
8819672,1641,1626,346,188096,2023-01-14 15:00:00,27,0,4,4,7
10480366,1633,1616,364,188989,2024-04-14 13:00:00,33,0,2,8,3
6589647,1614,1616,364,186810,2021-04-04 15:30:00,30,3,1,4,4
7517933,3779,3782,412,187374,2021-10-17 13:00:00,10,5,1,7,4
7245965,5656,5663,255,187168,2021-11-06 20:00:00,30,1,0,8,4
7517904,3777,3772,412,187374,2021-11-21 14:00:00,14,3,3,2,4
6185164,5655,5643,255,186667,2021-01-24 21:15:00,32,3,4,11,3
7536122,674,713,795,187526,2021-11-27 15:15:00,15,1,1,3,9
8827014,3235,3166,524,188160,2023-05-20 13:00:00,36,1,5,3,9
8785215,2481,2482,426,188082,2023-02-17 19:30:00,21,1,0,6,1
8823183,679,700,795,188124,2023-05-03 20:00:00,33,5,1,5,2
7606644,3157,3166,524,187528,2022-04-04 18:45:00,31,0,0,9,2
7512190,1621,1663,346,187482,2021-12-29 19:45:00,25,2,1,4,1
11932875,5642,5659,255,189744,2024-07-12 00:30:00,16,0,1,4,5
8776905,1624,1614,364,188095,2023-01-01 14:00:00,18,0,2,5,3
7512387,1620,1636,346,187482,2021-09-28 18:45:00,10,2,0,4,7
7516787,2454,2445,426,187511,2021-10-16 16:30:00,8,1,1,9,1
8341174,5655,5660,255,187965,2022-04-17 14:00:00,2,2,1,4,7
8819537,1640,1636,346,188096,2022-10-19 18:45:00,16,1,0,4,10
8341290,5643,5648,255,187965,2022-07-20 22:00:00,18,2,3,2,3
7606850,3192,3187,524,187528,2021-10-31 17:00:00,11,0,1,4,3
6185206,5656,5657,255,186667,2021-02-21 19:00:00,37,0,0,7,4
6184848,5655,5685,255,186667,2020-08-09 19:00:00,1,1,1,4,2
6425550,3776,3775,412,186243,2021-05-01 19:00:00,35,2,0,5,1
11933105,5650,5640,255,189744,2024-12-08 19:00:00,38,0,1,8,1
7516738,2454,2482,426,187511,2022-05-14 13:30:00,34,5,1,6,2
10521212,700,756,795,189012,2023-10-07 12:00:00,9,0,1,5,5
8819638,1635,1636,346,188096,2022-12-19 20:00:00,23,1,2,8,4
7536023,691,681,795,187526,2022-05-08 16:30:00,35,1,1,6,6
8786143,3775,3788,412,188122,2023-03-19 14:00:00,28,1,1,10,2
8776918,1613,1616,364,188095,2023-01-15 14:00:00,20,1,0,10,5
8341194,5659,5666,255,187965,2022-06-13 22:00:00,11,0,1,7,1
6593842,1669,1643,346,186333,2021-04-27 18:00:00,35,1,0,2,4
8776971,1629,1624,364,188095,2023-03-04 15:00:00,26,1,0,4,8
8785873,3769,3781,412,188122,2022-10-30 12:00:00,13,1,0,5,5
10517445,1638,1639,346,188987,2023-08-26 14:00:00,4,1,0,6,7
10607817,3194,3178,524,188994,2024-01-13 17:00:00,20,2,1,5,9
9967345,5656,5640,255,188756,2023-04-16 19:00:00,1,2,1,7,4
6589587,1651,1614,364,186810,2021-02-13 20:00:00,24,0,0,9,2
7535913,681,691,795,187526,2021-08-14 20:00:00,1,0,0,4,6
7512230,1638,1641,346,187482,2022-02-01 19:45:00,23,0,0,2,3
7517745,3802,3777,412,187374,2022-01-16 14:00:00,21,0,1,11,4
10521430,679,756,795,189012,2024-04-13 12:00:00,31,3,1,2,0
8819435,1641,1618,346,188096,2022-09-03 14:00:00,8,0,1,4,6
10521182,676,675,795,189012,2023-10-28 14:15:00,11,1,2,6,3
6632794,701,681,795,186267,2020-10-18 10:00:00,6,0,0,6,7
8785031,2481,2457,426,188082,2022-09-04 13:30:00,5,0,2,5,1
8826832,3168,3157,524,188160,2023-01-14 17:00:00,18,2,2,8,4
11932952,5812,5644,255,189744,2024-08-18 19:00:00,23,1,0,4,7
6185048,5659,5685,255,186667,2020-11-16 23:00:00,21,1,2,7,3
7517916,3787,3770,412,187374,2021-10-31 14:00:00,12,2,0,4,5
12281092,5707,5644,255,189744,2024-06-01 21:30:00,7,0,1,0,2
6542879,2449,2975,426,186265,2021-02-06 14:30:00,20,0,3,1,7
7511907,1620,1655,346,187482,2021-08-14 14:00:00,2,2,1,1,1
6632705,802,695,795,186267,2020-12-22 18:45:00,15,1,1,10,3
10567286,3777,3776,412,189971,2024-04-28 11:00:00,31,1,2,2,4
6542956,2446,2444,426,186265,2020-12-19 17:30:00,13,1,2,5,7
7517875,3766,3770,412,187374,2022-05-14 19:00:00,37,3,2,5,6
8819555,1640,1664,346,188096,2022-10-29 14:00:00,18,1,2,3,5
10607742,3193,3163,524,188994,2024-02-24 19:45:00,26,2,0,8,3
6639399,3185,3159,524,186353,2021-04-03 16:00:00,29,2,2,5,6
6542803,2459,2453,426,186265,2021-04-09 18:30:00,28,1,0,4,2
7485431,1623,1626,364,187475,2021-09-25 14:00:00,6,2,0,6,4
10517799,1641,1650,346,188987,2023-12-01 20:00:00,19,0,2,6,4
6542777,2449,2457,426,186265,2021-05-12 16:00:00,31,1,2,1,7
10518026,1619,1666,346,188987,2024-01-13 15:00:00,27,4,0,14,3
10518636,1638,10529,346,188987,2024-04-13 14:00:00,43,3,1,6,4
10517845,1643,1650,346,188987,2023-11-04 15:00:00,15,1,1,5,6
6425437,19830,3803,412,186243,2021-02-28 12:00:00,27,2,0,4,2
7516625,2469,2975,426,187511,2022-03-13 18:30:00,26,1,6,0,2
10518348,1626,10529,346,188987,2024-02-17 15:00:00,33,4,1,8,0
10480121,1669,1646,364,188989,2023-10-21 14:00:00,9,3,0,5,5
8785934,3779,3795,412,188122,2023-01-02 14:00:00,17,2,3,3,1
7511900,1655,1664,346,187482,2021-08-07 14:00:00,1,1,1,2,4
6632762,680,681,795,186267,2020-11-07 17:30:00,9,1,0,3,0
10567173,3771,3775,412,189971,2024-04-24 19:00:00,29,2,2,3,2
6425263,3772,3788,412,186243,2021-01-09 20:00:00,19,2,1,5,3
6594042,1620,1638,346,186333,2020-12-12 15:00:00,18,3,0,7,0
10518654,1630,1672,346,188987,2024-04-01 19:00:00,40,3,1,4,3
10518068,1644,1639,346,188987,2023-12-29 19:45:00,25,1,1,5,4
6594237,1639,1655,346,186333,2020-09-20 13:00:00,2,0,2,7,4
8822972,687,682,795,188124,2022-10-09 16:30:00,8,1,0,9,3
7536167,695,684,795,187526,2022-02-13 15:15:00,24,2,4,5,7
9967585,5643,5654,255,188756,2023-09-20 22:00:00,24,0,0,3,2
10521441,708,696,795,189012,2024-01-26 20:00:00,22,0,3,11,3
9967538,5659,5677,255,188756,2023-08-27 19:00:00,21,3,0,4,7
10521328,698,756,795,189012,2024-03-16 17:30:00,29,1,0,2,5
6594060,1640,1660,346,186333,2020-12-08 19:45:00,17,0,0,4,7
7606685,3161,3192,524,187528,2022-03-04 19:45:00,28,5,0,10,3
6632522,701,676,795,186267,2021-05-22 16:00:00,38,0,1,6,3
9967405,5644,5654,255,188756,2023-04-23 14:00:00,2,2,1,6,2
8819714,1621,1635,346,188096,2023-02-06 20:00:00,30,0,0,7,7
7536394,681,700,795,187526,2022-01-09 17:30:00,20,2,0,5,7
8785289,2453,2451,426,188082,2023-05-19 18:30:00,33,2,0,4,4
7536389,676,713,795,187526,2022-04-24 19:00:00,21,0,1,9,1
7606849,3185,3164,524,187528,2021-10-30 18:45:00,11,3,0,4,5
8826939,3161,3176,524,188160,2023-04-01 16:00:00,28,0,1,10,8
8827011,3315,3236,524,188160,2023-05-19 18:45:00,36,1,2,6,3
9967352,5685,5640,255,188756,2023-04-29 21:30:00,3,0,3,5,9
6425319,3777,3766,412,186243,2020-12-06 20:00:00,13,1,3,5,6
7512020,1627,1673,346,187482,2022-03-11 20:00:00,37,2,2,6,7
10518045,1666,1672,346,188987,2024-01-01 17:15:00,26,3,1,10,4
9967420,5673,5651,255,188756,2023-06-11 14:00:00,10,2,2,7,3
7376399,10531,1663,346,186333,2021-05-22 17:30:00,2,1,1,2,5
6632833,802,700,795,186267,2020-09-20 14:00:00,2,0,2,2,1
6184868,5655,5651,255,186667,2020-08-16 22:45:00,3,3,1,2,6
7511943,1668,1664,346,187482,2022-05-07 11:30:00,46,5,0,4,4
7516687,2500,2482,426,187511,2022-01-15 14:30:00,19,2,1,0,8
8819703,1664,1643,346,188096,2023-02-11 15:00:00,31,0,0,4,0
7536009,691,687,795,187526,2021-11-28 15:15:00,15,1,0,2,9
8776950,1669,1619,364,188095,2023-02-04 15:00:00,22,3,0,4,4
8822984,680,678,795,188124,2022-10-08 16:30:00,8,1,1,5,7
8819717,1626,1646,346,188096,2023-02-04 12:30:00,30,0,3,5,3
7536085,684,698,795,187526,2021-09-26 19:00:00,7,2,0,3,3
10518020,1650,1638,346,188987,2024-01-20 15:00:00,28,2,0,2,3
8776864,1651,1610,364,188095,2022-10-29 14:00:00,14,4,1,8,7
7246007,5669,5685,255,187168,2021-10-17 21:15:00,27,2,2,11,1
7516756,2469,2482,426,187511,2021-11-27 14:30:00,13,3,6,4,10
6425483,3779,3802,412,186243,2021-01-31 14:00:00,22,0,1,4,3
8785054,2445,2462,426,188082,2022-09-17 13:30:00,7,1,3,7,4
6425427,3787,3788,412,186243,2021-03-03 20:00:00,28,1,1,5,3
6425237,3804,3774,412,186243,2020-10-16 17:00:00,7,1,1,3,5
10521233,756,679,795,189012,2024-01-03 20:30:00,19,4,3,7,8
8786238,3769,3797,412,188122,2023-05-07 13:00:00,34,1,1,2,2
10518572,1644,1655,346,188987,2023-12-26 15:00:00,24,1,4,6,6
8819360,1660,1618,346,188096,2022-07-30 14:00:00,1,0,0,9,6
10517625,1619,1630,346,188987,2023-09-30 11:30:00,9,3,1,5,6
10517496,1649,1626,346,188987,2023-09-23 14:00:00,8,6,2,3,6
7517639,3802,3774,412,187374,2022-04-09 15:00:00,31,2,3,2,6
6589539,1631,1619,364,186810,2021-01-16 20:00:00,19,2,0,2,5
7517958,3775,3766,412,187374,2021-10-24 11:00:00,11,3,2,3,2
10572020,2520,2500,426,188974,2023-08-26 13:30:00,2,1,4,3,5
6542979,2463,2451,426,186265,2020-12-05 14:30:00,10,2,2,3,8
8776956,1614,1609,364,188095,2023-02-18 12:30:00,24,2,4,2,9
8822962,681,698,795,188124,2022-09-18 12:00:00,6,0,2,8,1
8776929,1651,1612,364,188095,2023-01-14 15:00:00,20,3,0,7,1
8823060,681,679,795,188124,2023-01-29 15:15:00,19,0,1,5,4
7606885,3176,3205,524,187528,2021-10-31 14:00:00,11,3,0,7,4
7516662,2500,2447,426,187511,2022-02-13 14:30:00,22,0,3,2,5
7606801,3163,3192,524,187528,2022-04-20 16:45:00,19,0,1,9,3
10517470,1638,1655,346,188987,2023-08-12 14:00:00,2,0,1,1,5
6593822,1643,1640,346,186333,2021-04-15 18:00:00,36,0,1,4,5
11932871,5654,5707,255,189744,2024-07-06 23:00:00,15,1,1,7,0
6639342,3172,3157,524,186353,2021-05-23 18:45:00,38,0,2,3,0
10518635,1630,1621,346,188987,2024-04-13 11:30:00,43,0,1,12,1
8819559,1635,1644,346,188096,2022-10-29 14:00:00,18,0,1,3,4
7512078,1639,1618,346,187482,2022-02-19 15:00:00,33,2,2,5,2
10572166,2454,2445,426,188974,2024-01-14 16:30:00,17,3,1,0,3
7485311,1610,1644,364,187475,2022-05-22 15:00:00,38,2,1,3,3
7536286,682,684,795,187526,2021-10-03 16:30:00,8,2,0,4,6
10480160,1646,1633,364,188989,2023-11-25 15:00:00,13,1,2,4,5
7246135,5638,5649,255,187168,2021-08-15,16,2,1,6,2
10567138,3766,3775,412,189971,2024-02-16 20:00:00,22,1,0,4,9
7536275,695,698,795,187526,2021-10-16 16:30:00,9,0,0,3,11
8819631,1618,1672,346,188096,2022-12-30 19:45:00,25,0,1,4,7
10572230,2482,2481,426,188974,2024-04-07 13:30:00,28,3,1,11,6
11340325,5654,5707,255,188756,2023-12-03 19:00:00,37,2,1,6,2
11932849,5641,5644,255,189744,2024-06-30 21:30:00,13,1,1,5,5
11873043,5644,5653,255,189744,2024-06-27 00:30:00,12,1,2,4,9
7606754,3205,3194,524,187528,2022-01-06 13:30:00,20,1,2,6,7
7511985,1620,1672,346,187482,2022-04-09 14:00:00,41,0,1,7,1
6594186,1673,1647,346,186333,2020-10-20 18:45:00,6,1,0,6,5
7516868,2448,2457,426,187511,2021-09-12 15:30:00,4,1,3,7,2
6593994,1641,1640,346,186333,2020-12-29 19:45:00,22,2,0,3,8
8776792,1624,1616,364,188095,2022-09-03 14:00:00,6,2,1,10,3
8785221,2443,2448,426,188082,2023-02-25 14:30:00,22,3,0,2,0
6542750,2463,2449,426,186265,2021-05-22 13:30:00,34,1,0,8,4
8341282,5643,5651,255,187965,2022-07-09 23:30:00,16,2,1,2,2
7245936,5663,5646,255,187168,2021-11-20 22:00:00,34,1,0,2,6
10607767,3315,3168,524,188994,2024-04-21 10:30:00,33,0,3,9,4
7606889,3172,3163,524,187528,2021-10-24 10:30:00,9,1,1,6,3
10567250,3787,3776,412,189971,2024-01-28 12:00:00,19,0,0,5,2
8785287,2451,2444,426,188082,2023-02-05 16:30:00,19,2,4,7,4
6185138,5669,5685,255,186667,2021-01-17 23:30:00,30,1,2,6,9
10572098,2463,2481,426,188974,2023-11-04 14:30:00,10,1,1,10,2
7485399,1613,1610,364,187475,2021-10-30 14:00:00,10,0,3,0,2
7485200,1628,1625,364,187475,2022-03-14 20:00:00,29,0,0,2,6
10607711,3236,3161,524,188994,2024-01-13 19:45:00,20,1,5,4,5
10518119,1619,1621,346,188987,2023-12-16 15:00:00,22,4,0,15,1
7246000,5644,5656,255,187168,2021-10-24 19:00:00,28,2,2,3,2
8785034,2460,2446,426,188082,2022-08-27 13:30:00,4,0,3,3,4
10567066,3787,3775,412,189971,2023-11-10 20:00:00,12,0,0,3,7
8819856,10531,1640,346,188096,2023-04-07 14:00:00,40,0,0,5,5
6589547,1623,1631,364,186810,2021-01-27 20:15:00,20,1,1,5,11
7246145,5646,5663,255,187168,2021-08-08,15,2,3,6,2
7516673,2482,2445,426,187511,2022-02-25 19:30:00,24,2,1,10,3
10567062,3767,3779,412,189971,2023-10-21 15:00:00,9,3,0,1,6
7606949,3176,3185,524,187528,2021-08-28 18:45:00,2,2,1,3,3
6632750,680,692,795,186267,2020-11-21 17:30:00,10,4,2,3,2
7485453,1611,1614,364,187475,2021-09-25 11:30:00,6,0,1,5,5
8819422,1650,1672,346,188096,2022-08-30 18:45:00,7,3,1,2,7
7536321,682,675,795,187526,2022-02-12 15:15:00,24,0,0,3,3
8341145,5669,5654,255,187965,2022-05-14 19:30:00,6,2,2,8,3
10572246,2462,2448,426,188974,2024-02-10 14:30:00,21,1,1,8,3
6593931,1637,1659,346,186333,2021-01-29 20:00:00,27,3,1,2,12
8823056,690,674,795,188124,2023-01-29 13:00:00,19,1,0,4,7
8785153,2462,2449,426,188082,2023-01-21 14:30:00,16,3,0,5,4
10521418,756,700,795,189012,2024-04-20 19:00:00,32,4,1,2,4
8822989,687,686,795,188124,2022-10-19 18:00:00,10,1,0,10,7
11933068,5677,5651,255,189744,2024-11-24 19:00:00,35,1,1,11,1
6593831,1659,1663,346,186333,2021-03-13 15:00:00,36,2,3,6,6
8823205,674,691,795,188124,2023-05-28 17:00:00,37,2,2,10,3
6594036,1659,1678,346,186333,2020-12-15 19:45:00,19,1,0,8,4
10480368,1629,1609,364,188989,2024-04-20 18:30:00,34,0,2,1,2
8826830,3164,3187,524,188160,2023-01-08 17:00:00,17,0,2,2,5
8819629,1644,1638,346,188096,2022-12-26 12:00:00,24,0,2,4,9
6425295,3802,3770,412,186243,2020-12-16 18:00:00,15,3,2,3,6
7606605,3159,3162,524,187528,2022-05-16 18:45:00,37,2,2,0,9
10480238,1628,1612,364,188989,2023-12-09 12:30:00,16,1,2,6,5
10517798,1666,1638,346,188987,2023-11-11 15:00:00,16,0,4,8,4
8785176,2443,2447,426,188082,2023-02-11 14:30:00,20,0,2,3,7
7606900,3193,3315,524,187528,2021-10-17 13:00:00,8,2,2,6,1
7512338,1636,1638,346,187482,2021-10-19 18:45:00,13,1,2,5,4
8776813,1623,1633,364,188095,2022-09-18 13:15:00,8,1,0,5,14
10521296,681,698,795,189012,2024-01-21 13:00:00,21,3,2,1,4
7606732,3163,3185,524,187528,2022-02-06 17:00:00,24,2,0,8,3
6542772,2482,2449,426,186265,2021-05-08 13:30:00,32,4,2,9,3
6632647,684,681,795,186267,2021-02-01 20:00:00,21,1,0,3,4
8341190,5654,5707,255,187965,2022-06-15 23:30:00,12,2,0,4,3
6594209,1618,1666,346,186333,2020-10-17 14:00:00,5,0,1,5,4
6639591,3161,3166,524,186353,2020-12-05 19:45:00,10,3,1,7,3
8786149,3775,3767,412,188122,2023-04-08 19:00:00,30,0,2,10,5
7516676,2460,2482,426,187511,2022-02-05 14:30:00,21,2,0,5,3
10572284,2446,2481,426,188974,2024-05-18 13:30:00,34,2,1,4,4
7511927,1618,1621,346,187482,2022-05-07 11:30:00,46,1,2,8,1
6593840,1640,1647,346,186333,2021-03-06 15:00:00,35,1,0,5,7
8819799,1632,1660,346,188096,2023-03-18 15:00:00,38,1,1,6,2
6632592,687,695,795,186267,2021-03-07 17:30:00,26,1,0,7,5
6639352,3161,3194,524,186353,2021-04-25 13:00:00,33,1,0,3,8
7606790,3172,3158,524,187528,2021-12-18 14:00:00,18,1,4,10,0
8819383,1650,1664,346,188096,2022-08-16 19:00:00,4,0,1,2,2
10521152,676,692,795,189012,2023-09-23 16:30:00,6,3,2,2,3
10480177,1651,1616,364,188989,2023-10-29 14:00:00,10,1,1,7,3
8776802,1613,1659,364,188095,2022-09-17 14:00:00,8,1,1,8,1
12337164,5651,5656,255,189744,2024-06-23 19:00:00,11,1,1,11,2
7485225,1610,1609,364,187475,2022-04-20 18:45:00,25,2,4,6,1
7517678,3788,3782,412,187374,2022-04-08 19:00:00,31,6,2,2,3
12281094,5641,5646,255,189744,2024-06-02 19:00:00,7,1,2,4,6
8819369,1660,1641,346,188096,2022-08-13 14:00:00,3,0,1,8,3
7516749,2462,2446,426,187511,2021-12-12 16:30:00,15,5,2,7,4
8819645,1650,1636,346,188096,2023-01-02 20:00:00,26,1,1,8,6
7516659,2462,2444,426,187511,2022-02-26 17:30:00,24,0,1,2,8
8776973,1610,1630,364,188095,2023-03-04 15:00:00,26,1,0,5,7
8776911,1629,1611,364,188095,2022-12-31 12:30:00,18,0,1,7,5
9967575,5649,5646,255,188756,2023-09-22 00:30:00,24,1,0,2,11
8823160,698,708,795,188124,2023-04-26 17:30:00,31,1,2,4,6
10480067,1610,1642,364,188989,2023-09-02 14:00:00,4,0,1,7,0
6425380,3803,3773,412,186243,2021-04-18 13:00:00,33,1,1,2,4
8776828,1613,1669,364,188095,2022-10-08 14:00:00,10,5,1,9,5
8785083,2460,2975,426,188082,2022-10-08 13:30:00,9,1,1,4,2
7245959,5650,5644,255,187168,2021-11-11 00:30:00,31,2,1,2,3
8341484,5651,5643,255,187965,2022-11-02 19:00:00,35,3,2,5,6
6593902,1660,10529,346,186333,2021-02-16 20:15:00,30,0,2,9,5
7606917,3192,3194,524,187528,2021-09-22 16:30:00,5,2,2,4,5
10567175,3780,3779,412,189971,2024-04-07 13:00:00,28,0,0,4,3
6639611,3161,3185,524,186353,2020-11-22 14:00:00,8,4,2,1,1
7517717,3787,3776,412,187374,2022-02-12 16:00:00,24,0,1,6,4
6185114,5649,5812,255,186667,2020-12-27 23:30:00,27,2,1,5,9
10517605,1632,1620,346,188987,2023-10-07 11:30:00,11,0,4,4,8
8819574,1641,10531,346,188096,2022-11-01 19:45:00,19,1,0,2,7
10517793,1632,1618,346,188987,2023-11-11 12:30:00,16,3,1,10,5
11873059,5648,5812,255,189744,2024-06-16,9,1,2,3,3
6589372,1629,1625,364,186810,2020-09-21 19:15:00,2,1,3,4,6
6632782,687,802,795,186267,2020-10-25 20:00:00,7,4,1,4,5
8341443,5643,5673,255,187965,2022-10-27 00:45:00,34,2,2,3,8
10521127,686,682,795,189012,2023-08-18 17:30:00,2,0,1,6,5
6543003,2444,2443,426,186265,2020-11-21 14:30:00,8,1,1,7,3
8785101,2454,2462,426,188082,2022-10-22 16:30:00,11,1,3,3,2
6639583,3172,3176,524,186353,2020-12-13 14:00:00,11,3,0,11,2
9967557,5659,5644,255,188756,2023-08-13,19,3,1,7,3
6639313,3187,3163,524,186353,2021-05-11 18:45:00,36,5,1,8,3
10480112,1660,1624,364,188989,2023-10-07 11:30:00,8,0,1,5,6
8785912,3769,19830,412,188122,2022-12-28 16:00:00,16,2,3,1,3
7485298,1614,1625,364,187475,2021-12-01 20:15:00,14,1,2,4,10
6593837,1626,1660,346,186333,2021-03-06 15:00:00,35,3,0,6,1
7606709,3185,3173,524,187528,2022-02-27 11:30:00,27,1,2,4,3
7512109,1636,1627,346,187482,2022-02-09 19:45:00,31,2,0,3,2
8785166,2453,2462,426,188082,2023-01-25 19:30:00,17,1,1,4,3
8823083,691,686,795,188124,2023-02-25 13:00:00,23,2,1,0,4
6543042,2463,2454,426,186265,2020-10-03 13:30:00,3,1,3,4,10
6185204,5651,5812,255,186667,2021-02-14 21:15:00,36,2,1,7,4
8819520,1636,1664,346,188096,2022-10-15 14:00:00,15,3,3,13,4
6594257,1655,1640,346,186333,2020-09-12 14:00:00,1,2,1,5,7
7606935,3205,3157,524,187528,2021-09-25 13:00:00,6,1,2,2,4
10517436,1621,1627,346,188987,2023-08-05 14:00:00,1,2,1,6,5
8785780,3788,3766,412,188122,2022-09-07 17:00:00,2,3,1,1,6
6594113,1650,1644,346,186333,2020-11-21 15:00:00,12,1,1,7,7
8823109,681,682,795,188124,2023-03-19 15:15:00,26,0,3,7,1
10607705,3192,3159,524,188994,2024-01-07 17:00:00,19,1,2,2,8
6632643,846,692,795,186267,2021-01-31 17:30:00,21,0,0,6,5
8785268,2482,2462,426,188082,2023-05-06 13:30:00,31,3,1,1,11
7485429,1633,1611,364,187475,2021-09-19 13:00:00,5,1,2,2,11
8819545,1638,1644,346,188096,2022-10-19 19:00:00,16,3,0,2,5
11933042,5812,5653,255,189744,2024-11-07,32,1,0,4,7
7516836,2459,2482,426,187511,2021-09-18 13:30:00,5,0,0,5,6
7485285,1629,1612,364,187475,2021-12-04 15:00:00,15,0,1,2,8
7485383,1629,1633,364,187475,2021-11-20 15:00:00,12,1,0,7,3
10607588,3176,3178,524,188994,2023-10-23 18:45:00,9,0,2,13,3
7512296,1650,1642,346,187482,2021-10-29 18:45:00,15,1,1,5,8
6594156,1663,1644,346,186333,2020-10-31 15:00:00,9,1,0,2,3
10521311,675,708,795,189012,2024-01-21 15:15:00,21,3,2,6,3
8341473,5663,5812,255,187965,2022-11-06 19:00:00,36,1,1,11,3
9967528,5653,5677,255,188756,2023-08-13 14:00:00,19,1,0,2,9
8776778,1642,1624,364,188095,2022-08-28 15:30:00,4,0,2,6,1
8826748,3172,3315,524,188160,2022-10-15 18:45:00,10,2,1,3,3
8823186,713,691,795,188124,2023-05-21 12:00:00,35,1,2,4,4
10517842,1630,1673,346,188987,2023-10-28 11:30:00,14,4,1,4,2
10517442,1634,1639,346,188987,2023-08-12 14:00:00,2,2,0,7,3
10572188,2658,2462,426,188974,2024-03-02 14:30:00,24,1,2,7,3
7512172,1639,1647,346,187482,2021-12-30 19:45:00,25,1,2,5,5
10480376,1628,1614,364,188989,2024-05-19 15:00:00,38,5,0,2,4
7246058,5653,5674,255,187168,2021-09-18 22:00:00,21,3,0,6,4
7246035,5648,5812,255,187168,2021-10-09 19:30:00,25,0,0,3,6
7485326,1609,1623,364,187475,2022-05-22 15:00:00,38,5,1,12,2
8785091,2445,2481,426,188082,2022-10-29 13:30:00,12,2,1,10,3
10517608,1631,1641,346,188987,2023-10-04 18:45:00,10,3,0,4,4
11932926,5640,5653,255,189744,2024-08-11 00:30:00,22,0,0,4,4
6639514,3194,3197,524,186353,2021-01-10 14:00:00,17,2,1,6,4
7485314,1630,1651,364,187475,2022-05-15 13:00:00,37,1,1,8,1
10607766,3168,3236,524,188994,2024-04-27 13:00:00,34,1,1,0,5
6632474,674,701,795,186267,2021-05-16 16:30:00,37,4,1,2,11
10480212,1624,1623,364,188989,2023-12-23 15:00:00,18,2,1,3,8
8819844,1641,1637,346,188096,2023-04-10 14:00:00,41,2,1,9,2
8819713,10529,1620,346,188096,2023-02-11 15:00:00,31,1,3,7,4
10480365,1660,1659,364,188989,2024-04-06 14:00:00,32,2,1,7,2
6589377,1612,1609,364,186810,2020-09-28 19:00:00,3,3,1,7,3
9967374,5644,5677,255,188756,2023-05-28 19:00:00,8,2,0,2,7
6632554,698,700,795,186267,2021-04-10 12:00:00,30,0,1,10,4
7485401,1651,1625,364,187475,2021-10-23 16:30:00,9,1,4,7,6
6184979,5656,5655,255,186667,2020-10-07 22:00:00,14,1,1,6,3
6589446,1628,1613,364,186810,2020-11-27 20:00:00,10,0,2,7,3
10521222,680,713,795,189012,2023-10-07 19:00:00,9,2,2,12,2
8819903,1673,1637,346,188096,2023-05-08 14:00:00,46,2,0,4,6
6593995,1626,1650,346,186333,2020-12-29 19:45:00,22,1,1,8,7
7516830,2444,2462,426,187511,2021-10-03 15:30:00,7,1,2,10,1
7246004,5651,5648,255,187168,2021-10-17 19:00:00,27,0,1,6,1
7512134,1668,1640,346,187482,2022-01-15 15:00:00,27,1,4,3,7
10517586,1618,1672,346,188987,2023-10-25 18:45:00,13,0,2,6,5
11932945,5642,5640,255,189744,2024-08-19 23:00:00,23,2,2,4,7
7246221,5674,5707,255,187168,2021-06-27 23:30:00,7,0,0,3,7
6639455,3160,3163,524,186353,2021-02-21 11:30:00,23,2,2,3,2
7485325,1612,1624,364,187475,2022-05-07 18:45:00,36,1,1,11,5
6594039,1643,1655,346,186333,2020-12-12 15:00:00,18,2,0,6,3
10517827,1626,1621,346,188987,2023-11-05 12:00:00,15,1,3,8,2
7517735,3770,3788,412,187374,2022-01-23 14:00:00,22,4,2,7,6
10572073,2448,2451,426,188974,2023-12-02 14:30:00,13,3,1,6,6
10567214,3776,3766,412,189971,2024-05-06 19:00:00,32,3,4,4,4
10517461,10529,1666,346,188987,2023-08-26 14:00:00,4,2,1,5,10
10480393,1651,1611,364,188989,2024-05-19 15:00:00,38,0,2,7,5
6425514,3779,3788,412,186243,2021-05-23 19:00:00,38,1,1,2,3
7485301,1611,1628,364,187475,2021-12-05 14:00:00,15,1,0,9,6
6542801,2447,2443,426,186265,2021-04-18 13:30:00,29,4,1,7,4
9967355,5660,5663,255,188756,2023-04-23 21:30:00,2,0,3,3,7
7512060,1636,1642,346,187482,2022-03-04 19:45:00,36,1,1,6,12
6425539,3770,3772,412,186243,2021-05-08 11:00:00,36,3,0,5,2
10518059,1650,10529,346,188987,2024-01-01 15:00:00,26,1,2,1,6
9967626,5656,5655,255,188756,2023-10-29 21:30:00,30,1,1,10,3
10567030,3776,3787,412,189971,2023-09-03 13:00:00,4,1,0,5,5
7246261,5677,5644,255,187168,2021-06-13 23:30:00,3,0,1,6,5
6594006,1647,1641,346,186333,2020-12-26 15:00:00,21,0,1,2,7
7245921,5649,5638,255,187168,2021-12-02 23:00:00,35,3,0,6,0
8826855,3157,3315,524,188160,2023-01-29 11:30:00,20,2,5,2,3
10480197,1616,1609,364,188989,2023-12-31 14:00:00,20,2,1,5,4
6542994,2447,2463,426,186265,2020-11-28 14:30:00,9,1,2,6,2
8785811,3773,3788,412,188122,2022-08-31 19:00:00,5,5,2,4,5
7606880,3187,3194,524,187528,2021-11-07 17:00:00,12,1,1,3,2
7245999,5673,5677,255,187168,2021-10-17,27,0,0,8,7
7606829,3163,3157,524,187528,2021-12-11 19:45:00,17,1,1,3,5
7536106,682,702,795,187526,2021-09-22 20:00:00,6,4,1,8,7
7606820,3185,3166,524,187528,2021-12-12 11:30:00,17,2,1,5,0
8826799,3168,3172,524,188160,2022-11-09 17:30:00,14,2,1,4,3
6185192,5656,5651,255,186667,2021-02-11 00:30:00,35,3,3,3,2
6594148,1639,1643,346,186333,2020-10-31 15:00:00,9,1,0,7,2
6632613,681,680,795,186267,2021-02-22 20:00:00,24,0,2,3,5
10521391,698,679,795,189012,2024-05-15 20:00:00,36,0,3,6,3
8819675,1655,1618,346,188096,2023-01-14 15:00:00,27,4,2,5,2
8823289,680,679,795,188124,2022-10-01 16:30:00,7,0,2,5,7
8785112,2444,2451,426,188082,2022-08-14 15:30:00,2,2,0,8,4
7245964,5669,5707,255,187168,2021-11-07 23:30:00,30,1,0,8,4
8823010,681,690,795,188124,2022-10-30 13:00:00,12,2,0,1,8
6542992,2454,2449,426,186265,2020-11-28 17:30:00,9,4,1,5,4
7517681,3797,3770,412,187374,2022-04-03 13:00:00,30,2,3,5,6
7536239,692,687,795,187526,2021-10-28 17:00:00,11,0,2,7,6
8785308,2481,2447,426,188082,2023-05-21 15:30:00,33,0,3,3,8
7512157,1664,1672,346,187482,2022-01-01 15:00:00,26,1,0,1,2
6594255,1647,1637,346,186333,2020-09-12 14:00:00,1,0,2,6,2
6589613,1636,1612,364,186810,2021-02-28 19:15:00,26,0,2,4,3
10518115,1621,1644,346,188987,2023-12-23 15:00:00,23,1,2,7,5
6593989,1639,1642,346,186333,2020-12-29 20:00:00,22,1,1,1,9
6639314,3164,3205,524,186353,2021-05-12 18:45:00,36,2,2,5,5
7606786,3166,3193,524,187528,2021-09-21 16:30:00,5,2,2,7,2
7511940,1655,1672,346,187482,2022-04-30 14:00:00,45,5,0,1,4
11932844,5649,5648,255,189744,2024-06-30 19:00:00,13,1,0,6,1
8819427,1638,1637,346,188096,2022-08-27 14:00:00,6,0,1,3,1
8786258,3775,3797,412,188122,2023-04-23 13:00:00,32,1,2,6,2
10521431,692,756,795,189012,2024-01-28 13:00:00,22,0,1,5,7
7516647,2500,2460,426,187511,2022-02-26 14:30:00,24,3,1,2,6
7516812,2462,2463,426,187511,2021-09-25 13:30:00,6,1,1,7,6
8786142,3767,3774,412,188122,2023-03-19 16:05:00,28,0,2,6,3
7516743,2463,2451,426,187511,2022-05-07 13:30:00,33,0,1,9,2
10572126,2462,2460,426,188974,2024-01-26 19:30:00,19,1,0,2,1
8823096,687,700,795,188124,2023-03-03 20:00:00,24,0,0,3,0
6639466,3194,3160,524,186353,2021-02-15 19:45:00,22,2,1,4,4
6589602,1611,1613,364,186810,2021-02-21 19:00:00,25,3,1,6,4
10521146,713,696,795,189012,2023-09-15 19:00:00,5,2,0,5,3
6425280,3787,3776,412,186243,2020-12-23 20:00:00,17,2,3,6,4
8823124,674,713,795,188124,2023-04-03 19:00:00,27,1,1,13,3
6589534,1625,1651,364,186810,2021-01-13 18:00:00,18,1,0,8,4
7606627,3163,3178,524,187528,2022-04-16 12:30:00,33,4,1,4,7
8827017,3176,3158,524,188160,2023-05-27 16:00:00,37,2,1,7,4
8786062,3780,3774,412,188122,2023-02-12 12:00:00,23,3,1,2,7
8827029,3178,3162,524,188160,2023-06-03 19:00:00,38,0,2,6,7
6632687,678,702,795,186267,2021-01-03 13:00:00,17,1,0,5,4
10480147,1625,1659,364,188989,2023-11-04 15:00:00,11,6,1,12,1
8341410,5669,5638,255,187965,2022-09-18 19:00:00,27,0,2,4,10
6184910,5649,5674,255,186667,2020-09-03 22:00:00,7,1,2,11,1
6185207,5659,5638,255,186667,2021-02-22 23:00:00,37,1,0,4,3
6632624,700,678,795,186267,2021-02-15 20:00:00,23,0,4,5,8
6589711,1610,1609,364,186810,2021-05-12 19:15:00,36,0,1,9,1
10572189,2481,2975,426,188974,2024-02-10 14:30:00,21,2,2,1,3
10567076,3787,3780,412,189971,2023-10-29 14:00:00,10,3,0,3,4
10480193,1624,1616,364,188989,2023-10-23 19:00:00,9,2,0,3,5
10572044,2453,2447,426,188974,2023-09-16 13:30:00,4,2,4,6,8
8341365,5651,5638,255,187965,2022-07-31 19:00:00,20,1,0,6,5
6589364,1610,1612,364,186810,2020-09-20 15:30:00,2,0,2,1,11
7246256,5648,5655,255,187168,2021-06-17 22:00:00,4,1,0,2,9
6589401,1624,1633,364,186810,2020-10-18 15:30:00,5,3,3,3,7
10607688,3236,3315,524,188994,2024-01-28 14:00:00,22,1,0,4,5
7246260,5685,5648,255,187168,2021-06-13 23:30:00,3,2,2,10,10
10480074,1616,1669,364,188989,2023-08-19 14:00:00,2,0,3,5,5
10521380,686,679,795,189012,2024-05-04 19:00:00,34,0,1,6,2
7606634,3187,3176,524,187528,2022-04-10 13:00:00,32,2,3,3,2
8823039,679,690,795,188124,2023-01-21 17:30:00,18,3,0,4,1
7517844,3803,3787,412,187374,2021-12-11 16:00:00,18,0,4,8,2
11933051,5646,5649,255,189744,2024-11-09 00:30:00,33,1,0,14,1
8785121,2463,2446,426,188082,2022-11-09 17:30:00,14,1,2,6,1
8826823,3185,3194,524,188160,2023-01-04 13:30:00,16,1,1,6,3
10572076,2447,2975,426,188974,2023-12-09 17:30:00,14,2,3,6,6
6184876,5659,5653,255,186667,2020-08-20 00:30:00,4,2,1,7,16
8341176,5643,5653,255,187965,2022-04-30 21:30:00,4,2,2,0,10
8785935,3776,3802,412,188122,2023-01-02 16:00:00,17,1,1,5,1
10518627,1632,1621,346,188987,2024-04-01 14:00:00,40,1,5,3,3
6594158,1643,1666,346,186333,2020-10-28 19:45:00,8,3,0,8,0
8341479,5660,5656,255,187965,2022-11-09 22:00:00,37,2,2,5,6
7512455,1627,1636,346,187482,2021-08-18 19:00:00,3,4,0,5,4
7511933,10531,1650,346,187482,2022-05-07 11:30:00,46,0,1,0,5
6542912,2449,2463,426,186265,2021-01-20 17:30:00,17,1,2,5,8
8341451,5685,5651,255,187965,2022-10-22 19:30:00,33,4,2,4,4
10480352,1659,1611,364,188989,2024-04-13 16:30:00,33,2,2,7,2
7536279,682,681,795,187526,2021-10-17 16:30:00,9,1,2,4,4
10521294,679,674,795,189012,2024-01-28 20:00:00,22,2,0,3,6
8776944,1619,1629,364,188095,2023-02-11 15:00:00,23,1,2,5,2
6632597,679,675,795,186267,2021-03-07 15:15:00,26,1,1,1,6
6185051,5660,5677,255,186667,2020-11-16 21:00:00,21,1,2,7,5
8823033,682,674,795,188124,2022-12-31 15:15:00,15,2,1,5,2
8819794,10531,1655,346,188096,2023-03-19 12:30:00,38,2,0,3,7
10567188,3773,3797,412,189971,2024-04-20 19:00:00,30,1,0,4,3
10607669,3193,3178,524,188994,2023-12-02 14:00:00,14,1,1,5,3
8823029,700,708,795,188124,2022-12-30 18:15:00,15,1,1,3,2
7485283,1624,1626,364,187475,2021-12-05 14:00:00,15,3,0,6,4
8819368,1627,1644,346,188096,2022-08-08 19:00:00,2,1,1,12,0
10567009,19830,3773,412,189971,2023-09-02 19:00:00,4,3,0,5,2
6425271,3788,19830,412,186243,2021-01-06 18:00:00,18,2,5,5,8
8819565,10531,10529,346,188096,2022-10-23 11:00:00,17,2,0,7,1
6425418,3771,3803,412,186243,2021-03-13 16:00:00,29,3,1,3,6
11873145,5650,5651,255,189744,2024-04-28 21:30:00,4,1,1,4,6
8819661,1626,1637,346,188096,2022-12-30 19:45:00,25,1,1,7,7
8819916,1618,1636,346,188096,2023-05-08 14:00:00,46,1,2,4,4
6589619,1610,1623,364,186810,2021-03-08 18:00:00,27,2,0,7,3
9967447,5646,5660,255,188756,2023-06-04 21:30:00,9,3,1,11,6
8819801,1632,1636,346,188096,2023-03-15 20:00:00,37,1,2,4,8
11932928,5641,5653,255,189744,2024-08-03 23:00:00,21,2,1,4,1
7245930,5651,5707,255,187168,2021-12-03 22:00:00,35,1,0,8,2
7246286,5638,5648,255,187168,2021-05-30,1,0,0,4,5
8826887,3176,3178,524,188160,2023-02-19 14:00:00,23,1,1,13,1
7606615,3193,3159,524,187528,2022-05-06 19:00:00,36,2,1,9,2
6639397,3315,3158,524,186353,2021-04-03 13:00:00,29,2,2,3,4
7512083,1668,1641,346,187482,2022-02-12 15:00:00,32,0,1,3,5
6185147,5654,5646,255,186667,2021-01-21 22:00:00,31,2,0,4,1
6632679,682,695,795,186267,2021-01-02 13:00:00,17,2,1,3,5
6639626,3185,3162,524,186353,2020-11-01 14:00:00,6,3,4,7,1
6632714,701,675,795,186267,2020-12-20 20:00:00,14,1,3,4,4
6632824,701,678,795,186267,2020-09-27 12:00:00,3,1,2,5,4
8819731,1621,10531,346,188096,2023-02-18 15:00:00,33,1,0,6,3
10607670,3192,3162,524,188994,2023-11-25 14:00:00,13,2,1,4,9
10517458,1627,10531,346,188987,2023-08-12 14:00:00,2,3,2,4,8
7485267,1625,1610,364,187475,2022-01-15 12:30:00,22,1,0,9,1
8776869,1613,1614,364,188095,2022-10-29 14:00:00,14,4,0,3,0
6589674,1613,1633,364,186810,2021-04-17 11:30:00,32,3,2,3,8
10521322,674,686,795,189012,2024-03-30 17:30:00,30,0,0,3,3
6425205,3773,3772,412,186243,2020-09-19 15:00:00,4,2,1,7,0
7517946,3772,3802,412,187374,2021-10-31 14:00:00,12,3,2,13,2
6632665,701,679,795,186267,2021-01-21 20:30:00,19,1,2,3,3
8777070,1633,1611,364,188095,2023-05-07 18:00:00,35,1,0,5,6
7516843,2462,2481,426,187511,2021-08-21 13:30:00,2,0,0,6,1
11932950,5653,5707,255,189744,2024-08-17 19:00:00,23,1,1,7,6
10607748,3162,3315,524,188994,2024-05-26 18:45:00,38,1,1,5,3
6589597,1614,1631,364,186810,2021-02-21 14:05:00,25,1,2,7,8
10521133,708,846,795,189012,2023-10-01 12:00:00,8,3,3,1,5
6425505,3770,3773,412,186243,2021-01-17 14:00:00,20,1,1,2,4
10607640,3185,3178,524,188994,2023-12-16 19:45:00,16,1,0,6,4
10572163,2520,2463,426,188974,2023-12-01 19:30:00,13,0,1,1,6
6425183,3777,3788,412,186243,2020-10-04 13:00:00,6,3,1,4,3
6425555,3782,3803,412,186243,2021-04-24 11:00:00,34,1,2,3,2
8823133,708,678,795,188124,2023-04-22 14:15:00,30,1,2,3,4
8785036,2445,2453,426,188082,2022-08-20 13:30:00,3,0,1,3,1
8776765,1629,1613,364,188095,2022-08-28 13:00:00,4,1,1,4,13
10567002,3776,3802,412,189971,2023-09-26 19:00:00,6,1,2,4,2
8819785,1640,1672,346,188096,2023-03-11 15:00:00,36,1,1,10,3
6542901,2446,2451,426,186265,2021-01-23 14:30:00,18,0,1,6,2
8822941,692,675,795,188124,2022-08-20 20:00:00,2,1,4,2,2
7516644,2482,2444,426,187511,2022-03-12 14:30:00,26,1,1,3,8
8777036,1642,1611,364,188095,2023-04-16 15:30:00,31,0,2,4,9
6425337,3787,3779,412,186243,2020-11-22 14:00:00,11,4,3,11,3
10480361,1616,1628,364,188989,2024-04-27 14:00:00,35,1,1,5,9
7516646,2481,2447,426,187511,2022-02-27 16:30:00,24,1,1,5,5
6593870,1669,1666,346,186333,2021-02-24 19:00:00,32,3,0,4,4
8819831,1655,1637,346,188096,2023-04-01 14:00:00,39,1,1,9,4
8777025,1612,1616,364,188095,2023-05-03 19:00:00,28,1,0,7,5
8819748,1672,1641,346,188096,2023-02-18 15:00:00,33,0,0,11,6
8786320,19830,3776,412,188122,2023-05-14 15:05:00,35,0,0,3,4
6425221,3770,3813,412,186243,2020-08-30 13:00:00,2,2,1,4,8
8826843,3163,3166,524,188160,2023-01-15 14:00:00,18,1,2,6,4
10572101,2454,2451,426,188974,2023-11-10 19:30:00,11,4,0,8,5
8786106,3797,3779,412,188122,2023-02-26 14:00:00,25,1,1,7,2
11985829,1651,1625,364,188989,2024-04-25 19:00:00,29,0,4,4,4
6593728,1620,1666,346,186333,2021-04-24 14:00:00,44,3,1,8,7
8786327,3775,3780,412,188122,2023-05-21 13:00:00,36,0,0,6,3
10480340,1642,1629,364,188989,2024-04-13 14:00:00,33,2,2,10,1
8826950,3157,3178,524,188160,2023-04-07 19:00:00,29,0,0,9,0
8785147,2463,2443,426,188082,2023-01-21 17:30:00,16,7,1,3,2
7512117,1627,1621,346,187482,2022-02-14 20:00:00,32,0,0,3,6
10572089,2451,2975,426,188974,2023-11-25 14:30:00,12,2,1,1,12
7246174,5673,5674,255,187168,2021-07-19 23:00:00,12,0,1,9,4
8777100,1628,1659,364,188095,2023-05-13 14:00:00,36,2,0,11,2
8777020,1625,1612,364,188095,2023-04-01 11:30:00,29,4,1,7,1
10518688,1655,1631,346,188987,2024-03-29 12:30:00,39,1,0,5,6
8826835,3164,3163,524,188160,2023-01-22 11:30:00,19,0,1,6,6
7606969,3163,3159,524,187528,2021-08-22 16:30:00,1,2,2,3,3
7516610,2444,2500,426,187511,2022-03-19 17:30:00,27,4,0,3,2
7485201,1625,1611,364,187475,2022-03-06 16:30:00,28,4,1,9,3
10572209,2445,2460,426,188974,2024-02-11 14:30:00,21,3,1,4,5
11291650,5663,5659,255,188756,2023-11-23 22:00:00,29,2,2,4,5
8785275,2447,2462,426,188082,2023-04-22 16:30:00,29,4,0,5,2
10567008,3803,3774,412,189971,2023-09-02 15:00:00,4,0,0,7,5
7536126,691,698,795,187526,2022-03-05 15:15:00,27,2,0,1,5
8823175,687,675,795,188124,2023-05-02 20:00:00,33,2,0,2,6
7516719,2460,2457,426,187511,2021-12-14 19:30:00,16,4,0,4,2
7517615,3803,3779,412,187374,2022-05-07 15:00:00,36,0,1,5,5
7606600,3157,3172,524,187528,2022-05-15 16:00:00,37,2,0,4,6
6639357,3185,3187,524,186353,2021-04-26 16:30:00,33,0,2,8,11
8776749,1642,1633,364,188095,2022-08-14 13:00:00,2,1,0,6,7
7536214,675,679,795,187526,2021-12-12 20:00:00,17,2,0,3,6
6639414,3193,3163,524,186353,2021-03-13 19:45:00,27,1,1,6,3
8826833,3192,3185,524,188160,2023-01-08 11:30:00,17,1,1,6,7
10521435,713,714,795,189012,2024-01-20 13:00:00,21,0,2,12,0
8786174,19830,3788,412,188122,2023-04-16 15:05:00,31,3,1,5,3
8826844,3158,3176,524,188160,2023-01-15 19:45:00,18,2,0,5,9
10518613,1630,1632,346,188987,2024-04-09 19:00:00,42,0,0,13,2
6184956,5657,5685,255,186667,2020-09-27 14:00:00,12,1,1,2,5
6589612,1613,1629,364,186810,2021-02-27 20:00:00,26,1,1,3,5
7517658,3775,3788,412,187374,2022-04-17 11:00:00,32,2,1,5,1
8777007,1629,1630,364,188095,2023-03-18 15:00:00,28,2,4,5,4
6184977,5638,5812,255,186667,2020-10-07 23:30:00,14,3,0,5,3
10518372,1627,10529,346,188987,2024-02-13 20:00:00,32,2,0,4,4
10521428,692,674,795,189012,2024-05-26 14:15:00,38,2,2,2,2
10521354,682,846,795,189012,2024-03-03 13:00:00,27,5,1,6,4
7517965,3771,3788,412,187374,2021-10-17 18:45:00,10,4,1,6,4
8823107,698,756,795,188124,2023-03-04 13:00:00,24,3,2,3,3
8776892,1612,1619,364,188095,2022-11-12 15:00:00,16,3,1,6,0
7512439,1618,1659,346,187482,2021-08-18 18:45:00,3,0,2,5,3
6639409,3205,3173,524,186353,2021-03-20 17:00:00,28,2,1,4,4
6593868,10531,1640,346,186333,2021-02-24 19:00:00,32,1,0,2,4
10518431,1632,1639,346,188987,2024-01-27 15:00:00,29,3,1,3,6
9967682,5654,5646,255,188756,2023-11-09 00:30:00,33,3,0,4,5
10518147,1630,1640,346,188987,2023-12-16 15:00:00,22,1,1,7,0
7485150,1619,1609,364,187475,2022-04-16 14:00:00,33,1,0,6,8
6593715,1666,1642,346,186333,2021-05-01 11:30:00,45,0,0,6,1
6425564,3802,3777,412,186243,2021-04-18 13:00:00,33,0,0,10,4
7516854,2481,2482,426,187511,2021-08-14 13:30:00,1,0,4,6,5
8819737,1639,1673,346,188096,2023-02-15 19:45:00,32,3,0,12,3
8819761,1672,1627,346,188096,2023-03-03 20:00:00,35,2,0,4,6
10480336,1611,1646,364,188989,2024-04-27 14:00:00,35,1,1,6,5
9967455,5646,5685,255,188756,2023-05-13 21:30:00,6,1,1,15,6
10572108,2447,2444,426,188974,2023-11-04 17:30:00,10,0,4,3,2
7512042,1640,1636,346,187482,2022-03-12 15:00:00,37,4,1,5,7
7245920,5648,5644,255,187168,2021-11-25 00:30:00,35,1,0,1,7
7606857,3173,3185,524,187528,2021-12-06 19:45:00,16,1,1,5,2
7512418,1647,1639,346,187482,2021-09-18 14:00:00,8,2,1,7,6
6589465,1628,1624,364,186810,2020-12-13 14:15:00,12,1,1,4,7
7246255,5638,5819,255,187168,2021-06-16 22:00:00,4,1,1,9,1
6425560,3766,3776,412,186243,2021-04-25 19:00:00,34,2,3,8,4
7517667,3771,3775,412,187374,2022-03-20 19:45:00,29,2,1,3,2
10517806,1644,1626,346,188987,2023-11-28 20:00:00,18,3,2,7,5
10521453,686,687,795,189012,2024-02-18 17:30:00,25,1,2,3,9
8819670,10529,1635,346,188096,2023-01-14 15:00:00,27,1,1,3,3
6639664,3194,3163,524,186353,2020-09-27 13:00:00,2,1,0,1,9
7512069,1636,1621,346,187482,2022-02-23 19:45:00,34,1,0,7,5
8819901,1650,1655,346,188096,2023-05-08 14:00:00,46,0,2,7,3
11933073,5648,5641,255,189744,2024-11-26 22:00:00,35,0,0,9,4
10480225,1669,1614,364,188989,2023-12-17 14:00:00,17,1,2,7,12
6185134,5644,5643,255,186667,2021-01-10 21:15:00,29,1,0,6,2
6589471,1613,1627,364,186810,2020-12-12 15:00:00,12,2,1,4,3
10517618,1621,10529,346,188987,2023-10-21 14:00:00,12,1,0,4,6
6425362,3804,3788,412,186243,2020-11-01 14:00:00,9,0,0,9,7
11340503,5644,5659,255,188756,2023-12-07 00:30:00,38,3,1,1,5
6639431,3187,3166,524,186353,2021-03-07 19:45:00,26,3,1,6,3
7246249,5812,5663,255,187168,2021-06-17 22:00:00,4,0,0,9,4
6594058,1638,1650,346,186333,2020-12-08 19:45:00,17,1,1,2,2
7512189,1660,1655,346,187482,2022-01-25 19:45:00,24,2,1,8,9
6425320,3776,19830,412,186243,2020-12-06 12:00:00,13,2,1,1,3
10567225,3773,3788,412,189971,2024-05-03 19:00:00,32,2,0,4,4
7536333,698,681,795,187526,2021-12-19 17:30:00,18,1,0,4,3
10480284,1633,1669,364,188989,2024-02-26 20:00:00,26,4,2,1,7
7246246,5646,5673,255,187168,2021-06-20 14:00:00,5,2,1,7,5
8826826,3236,3161,524,188160,2023-01-07 19:45:00,17,2,2,3,5
7516783,2469,2448,426,187511,2021-10-16 13:30:00,8,0,1,4,3
6632487,681,700,795,186267,2021-05-11 17:00:00,36,3,2,3,5
7516739,2460,2451,426,187511,2021-12-04 14:30:00,14,3,0,6,5
7536092,691,696,795,187526,2021-09-22 17:30:00,6,1,0,4,8
9967532,5663,5655,255,188756,2023-08-13 21:30:00,19,4,0,10,6
7485238,1609,1646,364,187475,2022-01-23 14:00:00,23,0,0,12,4
8785842,3803,3781,412,188122,2022-09-18 13:00:00,8,0,1,6,2
8341475,5707,5646,255,187965,2022-11-06 21:30:00,36,1,1,4,9
6589419,1613,1623,364,186810,2020-11-01 14:00:00,7,2,1,5,4
7517938,3797,3776,412,187374,2021-10-16 15:00:00,10,1,0,6,10
10480359,1613,1636,364,188989,2024-04-27 14:00:00,35,5,1,4,5
6184911,5677,5654,255,186667,2020-09-02 23:30:00,7,3,5,5,6
10607506,3157,3162,524,188994,2023-09-30 16:00:00,7,2,0,8,1
10517844,1641,1640,346,188987,2023-11-04 15:00:00,15,3,2,6,8
10518103,1630,1634,346,188987,2023-12-23 12:30:00,23,4,0,5,0
10567254,3770,3773,412,189971,2024-02-03 20:00:00,20,0,1,2,3
7512056,1655,1618,346,187482,2022-03-05 15:00:00,36,1,2,4,5
10518399,1639,1631,346,188987,2024-02-03 15:00:00,30,0,5,3,6
8819540,1664,1672,346,188096,2022-10-19 18:45:00,16,1,3,2,4
8826784,3194,3159,524,188160,2022-11-10 17:30:00,14,0,1,5,4
8819401,1626,1638,346,188096,2022-08-19 19:00:00,5,2,0,5,4
10521269,698,708,795,189012,2023-11-25 17:30:00,14,2,1,3,6
7246079,5654,5649,255,187168,2021-09-19 23:30:00,21,0,1,2,4
8785095,2453,2443,426,188082,2022-10-22 13:30:00,11,2,0,6,2
6639680,3159,3164,524,186353,2020-09-20 18:45:00,1,3,0,6,4
6639652,3197,3159,524,186353,2020-10-17 18:45:00,4,1,1,3,4
7516860,2462,2445,426,187511,2021-09-12 13:30:00,4,1,1,6,6
6632590,690,698,795,186267,2021-03-06 13:00:00,26,2,1,1,6
8785048,2447,2449,426,188082,2022-09-17 13:30:00,7,1,0,11,2
7512284,1627,1620,346,187482,2021-11-06 15:00:00,17,1,1,9,3
10572122,2453,2448,426,188974,2023-10-21 13:30:00,8,2,1,5,2
6425442,3799,3773,412,186243,2021-02-28 14:00:00,27,2,2,6,11
8785764,3787,3795,412,188122,2022-08-07 13:00:00,1,3,2,3,6
6425449,3787,3774,412,186243,2021-02-21 12:00:00,26,2,1,3,6
6593943,1650,1647,346,186333,2021-01-23 15:00:00,26,0,1,8,5
6632671,680,687,795,186267,2021-01-09 13:00:00,18,3,2,2,9
8776993,1616,1629,364,188095,2023-02-24 20:00:00,25,1,1,3,3
6639434,3219,3194,524,186353,2021-03-03 19:45:00,25,0,3,2,7
11932932,5642,5707,255,189744,2024-08-03 19:00:00,21,1,0,4,5
6425241,3766,3771,412,186243,2020-10-04 19:00:00,6,1,1,19,5
10607656,3163,3166,524,188994,2023-12-30 14:00:00,18,3,0,7,7
8826923,3315,3205,524,188160,2023-03-17 17:30:00,27,1,0,3,3
8785130,2500,2481,426,188082,2022-11-09 19:30:00,14,2,2,6,3
6542771,2451,2500,426,186265,2021-05-08 13:30:00,32,3,0,4,3
7517700,3776,3797,412,187374,2022-03-06 16:05:00,27,4,0,3,2
8785258,2462,2481,426,188082,2023-04-29 13:30:00,30,1,1,5,7
9967365,5646,5649,255,188756,2023-05-11 00:30:00,5,4,1,7,4
6632599,682,679,795,186267,2021-02-28 20:00:00,25,0,2,10,2
7516569,2448,2481,426,187511,2022-04-24 13:30:00,31,0,2,10,4
8819740,1638,1636,346,188096,2023-02-18 12:30:00,33,3,2,4,5
10607749,3161,3162,524,188994,2024-05-19 16:00:00,37,1,1,8,0
6593890,10529,1641,346,186333,2021-02-20 15:00:00,31,4,0,1,5
7485123,1613,1612,364,187475,2022-04-30 11:30:00,35,0,1,0,6
8822975,681,674,795,188124,2022-10-07 19:00:00,8,1,2,7,5
6425415,3767,3770,412,186243,2021-03-14 20:00:00,29,1,2,9,1
8786160,3776,3788,412,188122,2023-04-02 11:00:00,29,3,1,5,1
6593742,10531,1650,346,186333,2021-04-20 18:00:00,43,0,1,4,7
7512457,1668,1647,346,187482,2021-08-14 11:30:00,2,2,1,2,5
6425216,3799,3802,412,186243,2020-09-13 13:00:00,3,1,0,1,2
10567037,3771,3780,412,189971,2023-09-17 15:05:00,5,0,0,6,1
7485386,1630,1628,364,187475,2021-11-30 20:15:00,14,1,0,7,4
7536220,676,696,795,187526,2021-10-30 19:00:00,12,1,1,9,0
8776740,1611,1651,364,188095,2022-08-07 13:00:00,1,1,2,6,2
7245975,5638,5654,255,187168,2021-11-14 19:00:00,32,0,4,1,3
7246096,5648,5677,255,187168,2021-08-30 22:00:00,18,2,0,3,8
6632544,700,675,795,186267,2021-04-21 20:00:00,31,0,3,7,3
6632608,696,681,795,186267,2021-02-27 17:30:00,25,0,1,5,2
7245952,5819,5650,255,187168,2021-11-14 22:00:00,32,0,2,6,3
7517728,3802,3772,412,187374,2022-02-06 14:00:00,23,5,0,7,4
7606818,3191,3173,524,187528,2022-05-22 19:00:00,38,0,0,6,11
6425447,3775,3777,412,186243,2021-02-21 14:00:00,26,1,2,3,3
7512379,1640,1668,346,187482,2021-09-24 18:45:00,9,3,0,4,1
10480364,1624,1609,364,188989,2024-04-28 13:00:00,35,2,3,8,6
6639429,3158,3193,524,186353,2021-03-07 11:30:00,26,1,0,7,1
8819501,1640,1646,346,188096,2022-10-08 14:00:00,14,0,1,2,7
8786076,3776,3779,412,188122,2023-02-12 14:00:00,23,2,0,5,4
7485493,1610,1628,364,187475,2021-08-14 14:00:00,1,3,0,5,2
10518067,1643,1632,346,188987,2023-12-29 19:45:00,25,1,1,4,8
7511984,1659,1620,346,187482,2022-04-15 14:00:00,42,0,0,3,4
6589411,1633,1625,364,186810,2020-10-24 11:30:00,6,1,1,2,10
8823207,679,687,795,188124,2023-05-28 17:00:00,37,2,1,6,4
10607686,3176,3161,524,188994,2024-01-28 19:45:00,22,0,1,7,6
6542821,2443,2451,426,186265,2021-03-20 14:30:00,26,1,2,3,9
11932925,5644,5646,255,189744,2024-08-04 20:00:00,21,1,1,4,11
10607815,3192,3158,524,188994,2024-01-29 19:45:00,22,1,2,5,1
10572151,2451,2463,426,188974,2024-01-27 14:30:00,19,1,1,6,3
7246069,5648,5638,255,187168,2021-09-12 23:30:00,20,2,1,4,5
9967544,5663,5685,255,188756,2023-07-29 21:30:00,17,0,3,2,9
6632609,702,701,795,186267,2021-02-20 13:00:00,24,1,0,1,4
6425325,3782,3776,412,186243,2020-11-29 20:00:00,12,1,1,3,3
9967378,5638,5657,255,188756,2023-05-20 21:30:00,7,4,2,3,9
8785143,2447,2481,426,188082,2023-01-22 14:30:00,16,4,3,7,3
6632615,684,698,795,186267,2021-02-19 20:00:00,24,1,0,5,2
8823200,679,681,795,188124,2023-05-21 14:15:00,35,3,0,8,10
7485222,1628,1610,364,187475,2022-02-19 15:00:00,26,0,1,4,4
10521174,846,698,795,189012,2023-11-11 17:30:00,13,1,1,3,5
8776885,1624,1630,364,188095,2022-11-12 15:00:00,16,4,3,9,2
8341504,5660,5654,255,187965,2022-11-06 19:00:00,36,1,0,5,8
10480088,1613,1614,364,188989,2023-08-12 16:30:00,1,5,1,6,5
6185045,5646,5648,255,186667,2020-11-15 00:30:00,21,2,0,3,5
8776855,1609,1625,364,188095,2023-02-15 19:30:00,12,1,3,1,2
8785304,2457,2448,426,188082,2023-05-20 13:30:00,33,1,1,9,5
6639658,3162,3161,524,186353,2020-10-04 13:00:00,3,1,1,7,8
6639582,3166,3158,524,186353,2020-12-13 14:00:00,11,1,5,1,5
7516587,2451,2460,426,187511,2022-04-22 18:30:00,31,5,0,2,3
7606671,3172,3187,524,187528,2022-04-03 13:00:00,31,1,3,9,1
8826913,3159,3164,524,188160,2023-03-12 19:45:00,26,4,2,11,3
8819407,10531,1660,346,188096,2022-08-20 14:00:00,5,0,2,7,5
10566983,3774,3777,412,189971,2023-08-13 15:05:00,1,5,1,5,4
11340505,5707,5651,255,188756,2023-12-07 00:30:00,38,3,0,5,9
10607619,3254,3185,524,188994,2023-12-10 11:30:00,15,0,0,3,8
8777110,1609,1629,364,188095,2023-05-28 15:30:00,38,5,0,8,4
10517825,1640,1639,346,188987,2023-11-11 15:00:00,16,0,0,4,4
7512142,1650,1627,346,187482,2022-01-15 15:00:00,27,1,0,2,5
6543016,2449,2445,426,186265,2020-10-30 19:30:00,6,1,1,3,4
8819650,1640,1655,346,188096,2023-01-01 15:00:00,26,1,1,6,11
10517809,1619,1655,346,188987,2023-11-29 19:45:00,18,1,0,6,3
7485427,1625,1646,364,187475,2021-10-16 14:00:00,8,2,0,6,2
8826996,3235,3205,524,188160,2023-05-06 18:45:00,34,2,0,3,13
11873039,5648,5657,255,189744,2024-04-20 19:00:00,3,2,1,2,7
6589617,1651,1631,364,186810,2021-03-06 20:00:00,27,1,2,6,6
6632670,690,674,795,186267,2021-01-10 20:00:00,18,0,1,0,4
9967414,5651,5656,255,188756,2023-06-24 19:00:00,12,1,0,5,5
8822949,702,678,795,188124,2022-09-11 14:15:00,5,1,4,5,5
10521214,686,674,795,189012,2023-10-07 16:30:00,9,1,1,3,6
8776984,1623,1669,364,188095,2023-03-11 15:00:00,27,1,0,5,8
10517589,1641,1619,346,188987,2023-10-25 18:45:00,13,2,2,7,2
8819374,1664,10531,346,188096,2022-08-13 14:00:00,3,0,1,3,6
8341317,5655,5638,255,187965,2022-08-21 22:00:00,23,1,0,5,9
6639546,3205,3193,524,186353,2020-12-23 19:45:00,14,1,2,4,2
11340311,5677,5638,255,188756,2023-11-29 23:00:00,36,0,1,3,5
11340506,5638,5654,255,188756,2023-12-07 00:30:00,38,1,0,4,9
7512106,1641,1655,346,187482,2022-01-29 15:00:00,29,2,2,3,6
6593977,1678,1620,346,186333,2021-01-02 15:00:00,23,1,3,6,10
9967453,5673,5656,255,188756,2023-06-03 21:30:00,9,2,0,2,3
9967588,5659,5643,255,188756,2023-10-02 23:00:00,25,1,1,8,3
7518020,3788,19830,412,187374,2021-08-13 19:00:00,2,1,0,0,6
7512420,1660,10531,346,187482,2021-09-18 14:00:00,8,3,3,5,7
10521336,679,684,795,189012,2024-03-03 15:15:00,27,2,1,4,6
10567216,3788,3797,412,189971,2024-05-19 19:00:00,34,5,0,9,2
9967665,5653,5643,255,188756,2023-11-12 21:30:00,34,2,1,3,7
11932963,5649,5653,255,189744,2024-09-01 14:00:00,25,2,3,5,9
6185069,5660,5656,255,186667,2020-11-26 00:30:00,23,0,1,4,3
6542960,2459,2481,426,186265,2020-12-16 19:30:00,12,0,1,1,3
10480063,1629,1651,364,188989,2023-08-19 14:00:00,2,1,4,5,3
7536261,682,700,795,187526,2021-10-26 19:30:00,11,3,3,8,2
8341454,5707,5666,255,187965,2022-10-27 23:00:00,34,1,0,10,6
9967576,5651,5644,255,188756,2023-09-21 22:30:00,24,2,1,7,5
10607634,3168,3166,524,188994,2023-12-03 11:30:00,14,1,1,6,3
7246171,5677,5654,255,187168,2021-07-18 21:15:00,12,0,5,4,3
10567283,3770,3766,412,189971,2024-04-07 18:45:00,28,1,3,5,5
7536182,713,691,795,187526,2021-12-05 13:00:00,16,1,0,6,3
6632523,702,678,795,186267,2021-05-22 16:00:00,38,2,0,3,1
7606707,3178,3173,524,187528,2022-02-13 14:00:00,25,1,1,6,4
8819863,1632,1673,346,188096,2023-04-18 18:45:00,43,1,1,5,11
6589566,1614,1633,364,186810,2021-02-03 20:15:00,22,1,3,7,3
9967568,5663,5649,255,188756,2023-09-30 19:00:00,25,1,1,3,7
6425190,19830,3779,412,186243,2020-09-27 13:00:00,5,3,2,6,2
10480323,1646,1613,364,188989,2024-05-04 14:00:00,36,1,4,4,11
10607602,3159,3173,524,188994,2023-11-11 17:00:00,12,2,1,12,4
8823338,676,756,795,188124,2023-04-10 19:00:00,28,0,0,12,2
7485492,1614,1613,364,187475,2021-08-21 14:00:00,2,2,0,3,4
6639340,3197,3176,524,186353,2021-05-22 18:45:00,38,0,0,6,5
7512456,1668,10529,346,187482,2021-08-17 18:45:00,3,2,2,0,6
6594133,1618,1659,346,186333,2020-11-07 15:00:00,11,1,3,5,10
8785102,2481,2975,426,188082,2022-10-22 13:30:00,11,3,3,3,6
7516864,2469,2459,426,187511,2021-08-21 13:30:00,2,1,1,5,0
8785808,3766,3799,412,188122,2022-09-03 17:00:00,6,5,0,13,3
6185186,5663,5657,255,186667,2021-02-10 22:15:00,35,3,0,5,7
9967597,5707,5673,255,188756,2023-09-15 23:00:00,23,2,2,9,1
6542805,2463,2460,426,186265,2021-04-11 16:00:00,28,2,3,2,5
6594172,1666,1660,346,186333,2020-10-24 14:00:00,7,0,1,4,2
6589594,1627,1611,364,186810,2021-02-14 14:00:00,24,1,1,4,5
7517726,3771,3799,412,187374,2022-02-04 20:00:00,23,5,2,6,2
7246225,5812,5648,255,187168,2021-06-23 22:00:00,6,1,0,6,5
7606893,3185,3159,524,187528,2021-10-02 16:00:00,7,0,1,4,6
7517869,3771,3779,412,187374,2022-05-21 19:00:00,38,4,0,7,3
6632686,684,680,795,186267,2021-01-02 15:15:00,17,1,1,2,1
6593999,1669,1659,346,186333,2020-12-30 17:30:00,22,2,1,7,6
8341457,5707,5643,255,187965,2022-10-23 21:00:00,33,1,2,6,4
7511926,1642,10531,346,187482,2022-04-30 14:00:00,45,5,1,12,4
9967553,5646,5663,255,188756,2023-07-22 19:00:00,16,3,1,4,4
8785191,2462,2457,426,188082,2023-02-04 14:30:00,19,3,0,7,1
11618804,1625,1669,364,188989,2024-02-20 19:30:00,18,1,0,10,1
10517491,1650,10531,346,188987,2023-09-19 18:45:00,7,1,1,4,6
10607810,3161,3172,524,188994,2024-02-28 19:45:00,21,4,0,4,1
6542918,2453,2462,426,186265,2021-01-20 19:30:00,17,2,2,4,5
10480178,1646,1636,364,188989,2023-12-02 15:00:00,14,5,0,6,1
6593740,1660,1637,346,186333,2021-04-21 18:45:00,43,0,0,7,8
10480149,1612,1669,364,188989,2023-11-12 14:00:00,12,3,0,6,8
11933031,5640,5654,255,189744,2024-11-07,32,0,1,7,4
8777005,1614,1659,364,188095,2023-03-18 15:00:00,28,3,0,9,6
7246153,5644,5707,255,187168,2021-07-31 23:00:00,14,0,0,2,3
8819858,1644,1673,346,188096,2023-04-07 14:00:00,40,2,3,13,3
6639435,3157,3163,524,186353,2021-03-03 19:45:00,25,1,1,7,2
10480410,1614,1611,364,188989,2024-02-11 16:30:00,24,1,2,10,8
6594076,1620,10531,346,186333,2020-12-02 19:00:00,15,2,1,6,8
12337162,5677,5640,255,189744,2024-06-23 19:00:00,11,4,1,3,1
7606740,3172,3159,524,187528,2022-02-13 19:45:00,25,1,1,8,8
10607603,3185,3161,524,188994,2023-10-21 16:00:00,9,0,3,2,4
10480431,1609,1660,364,188989,2024-04-03 18:30:00,31,2,0,3,1
10572145,2481,2444,426,188974,2024-01-27 14:30:00,19,2,3,4,5
7246211,5677,5673,255,187168,2021-06-30 22:00:00,8,3,4,8,4
6185029,5656,5644,255,186667,2020-10-31 22:00:00,19,1,0,2,4
7517727,3788,3787,412,187374,2022-02-20 14:00:00,25,0,1,8,5
10480145,1614,1625,364,188989,2023-12-06 20:15:00,15,1,0,6,0
8823221,686,713,795,188124,2023-06-04 16:30:00,38,3,0,2,6
7512229,1672,1655,346,187482,2021-12-11 15:00:00,22,2,2,1,5
10521461,713,675,795,189012,2024-02-18 13:00:00,25,1,1,4,10
8819622,1673,1644,346,188096,2022-12-17 15:00:00,23,0,2,7,11
9967656,5685,5648,255,188756,2023-10-22 21:30:00,28,1,0,7,3
7606624,3194,3157,524,187528,2022-05-08 18:45:00,36,1,3,5,8
6543046,2975,2449,426,186265,2020-10-03 16:30:00,3,4,0,8.8,1.7
6594166,1620,1640,346,186333,2020-10-27 19:45:00,8,2,0,1,2
11603821,1634,1643,346,188987,2024-02-20 19:45:00,29,4,3,2,6
6639656,3160,3194,524,186353,2020-10-04 13:00:00,3,1,0,6,6
9967451,5663,5677,255,188756,2023-06-03 19:00:00,9,0,0,8,4
8786323,3773,3771,412,188122,2023-05-06 19:00:00,34,2,1,7,7
6632665,701,679,795,186267,2021-01-21 20:30:00,19,1,2,3,3
11933021,5656,5651,255,189744,2024-10-17 23:00:00,30,5,2,3,8
7536149,691,680,795,187526,2022-02-20 13:00:00,25,1,1,3,7
11932968,5685,5677,255,189744,2024-09-01 21:30:00,25,2,1,5,10
8819475,1627,10531,346,188096,2022-10-01 14:00:00,12,2,3,8,6
8819689,10531,1639,346,188096,2023-02-21 19:45:00,29,1,3,5,4
10567205,3803,3802,412,189971,2024-05-10 19:00:00,33,1,1,3,4
8341387,5666,5659,255,187965,2022-10-06 23:00:00,30,1,2,3,5
6632485,690,682,795,186267,2021-05-13 17:00:00,36,0,2,3,6
7536065,675,698,795,187526,2022-04-09 19:00:00,31,2,0,10,2
11932854,5656,5642,255,189744,2024-07-04 23:00:00,14,3,2,9,9
6594090,1626,1640,346,186333,2020-11-28 15:00:00,14,1,1,1,8
7246217,5648,5651,255,187168,2021-06-30 19:00:00,8,1,4,9,2
6632749,682,675,795,186267,2020-11-21 15:15:00,10,1,1,4,2
7485350,1651,1624,364,187475,2022-03-16 19:30:00,16,0,2,6,3
9967622,5654,5655,255,188756,2023-11-01 23:00:00,31,1,2,1,6
8776961,1630,1611,364,188095,2023-02-12 14:00:00,23,0,2,7,3
11932857,5646,5656,255,189744,2024-07-01 23:00:00,13,2,0,7,3
7516808,2469,2462,426,187511,2021-11-07 18:30:00,11,1,2,6,3
9967415,5663,5653,255,188756,2023-06-24 21:30:00,12,2,1,3,8
10517592,10531,1631,346,188987,2023-10-21 14:00:00,12,1,3,3,3
11932992,5707,5640,255,189744,2024-09-22 21:30:00,27,0,0,4,5
6632545,684,678,795,186267,2021-04-21 18:00:00,31,0,0,5,4
6639492,3185,3176,524,186353,2021-01-29 19:45:00,20,1,1,7,2
7606744,3187,3192,524,187528,2022-01-23 14:00:00,23,4,1,10,0
8341324,5646,5654,255,187965,2022-08-21 19:00:00,23,1,1,10,4
6639510,3197,3219,524,186353,2021-01-17 14:00:00,18,4,1,4,13
6639619,3193,3158,524,186353,2020-11-08 14:00:00,7,1,3,1,8
10521438,698,692,795,189012,2024-02-11 13:00:00,24,3,2,0,4
11932891,5656,5641,255,189744,2024-07-17,17,2,1,5,5
10607802,3159,3163,524,188994,2024-02-12 19:45:00,24,0,1,8,4
8777047,1630,1612,364,188095,2023-04-17 19:00:00,31,1,6,4,2
8786124,3771,3779,412,188122,2023-03-12 19:45:00,27,2,2,1,8
8341362,5663,5644,255,187965,2022-08-07 21:00:00,21,3,0,7,5
6639462,3159,3197,524,186353,2021-02-22 19:45:00,23,3,0,7,3
7485185,1613,1651,364,187475,2022-03-05 15:00:00,28,2,1,4,7
10567224,3779,3777,412,189971,2024-05-12 19:00:00,33,2,1,3,6
6184886,5657,5649,255,186667,2020-08-23 19:00:00,5,0,0,6,4
6632692,695,684,795,186267,2020-12-29 20:30:00,16,4,3,3,6
6543022,2445,2463,426,186265,2020-10-23 18:30:00,5,1,1,3,5
6185154,5659,5812,255,186667,2021-01-20 20:00:00,31,1,3,3,6
8819553,1672,1621,346,188096,2022-10-29 14:00:00,18,0,1,6,3
7511956,1642,1627,346,187482,2022-04-18 19:00:00,43,4,0,8,0
6589634,1619,1651,364,186810,2021-03-14 12:00:00,28,1,2,4,5
6593704,1620,1678,346,186333,2021-05-08 11:30:00,46,0,3,6,6
11932880,5640,5685,255,189744,2024-07-13 19:00:00,17,2,1,1,8
8785263,2448,2451,426,188082,2023-04-22 13:30:00,29,1,5,10,3
10567193,3797,3780,412,189971,2024-03-31 13:00:00,27,0,3,12,3
7246053,5674,5663,255,187168,2021-09-26 21:15:00,22,0,1,3,3
8785128,2443,2457,426,188082,2022-10-28 18:30:00,12,1,0,4,5
7517847,3767,3777,412,187374,2022-05-21 19:00:00,38,5,0,4,2
10518022,1634,1632,346,188987,2024-01-13 17:30:00,27,2,1,3,1
6594080,1650,1655,346,186333,2020-12-01 19:45:00,15,1,2,9,2
7512372,1640,10529,346,187482,2021-09-15 18:45:00,7,1,0,7,6
7517761,3772,3771,412,187374,2022-01-07 20:00:00,20,0,1,3,9
6593913,1669,1663,346,186333,2021-02-14 13:00:00,29,0,2,7,5
6593755,1620,1650,346,186333,2021-04-17 11:30:00,42,1,2,9,4
6185001,5674,5644,255,186667,2020-10-15 00:30:00,16,3,5,2,7
8785790,3787,3781,412,188122,2022-08-31 17:00:00,5,2,0,3,8
6632831,687,675,795,186267,2020-09-20 19:00:00,2,0,0,1,11
10517497,1641,1618,346,188987,2023-09-19 18:45:00,7,2,1,5,2
9967653,5656,5673,255,188756,2023-10-22 21:30:00,28,1,1,4,4
7512226,1663,1627,346,187482,2021-12-17 19:45:00,23,0,0,3,11
7485397,1646,1669,364,187475,2021-10-30 14:00:00,10,3,1,4,2
7606921,3185,3193,524,187528,2021-10-22 16:30:00,9,3,2,2,4
8826963,3192,3315,524,188160,2023-04-22 13:00:00,31,3,0,4,8
8822973,690,684,795,188124,2022-10-09 12:00:00,8,0,0,3,1
6593905,1666,10531,346,186333,2021-04-13 17:00:00,29,0,2,6,5
7246227,5819,5644,255,187168,2021-06-24 22:00:00,6,1,2,9,9
7516580,2975,2500,426,187511,2022-04-23 13:30:00,31,1,2,2,5
10567191,19830,3776,412,189971,2024-04-24 19:00:00,29,1,0,7,5
6639415,3172,3205,524,186353,2021-03-12 19:45:00,27,3,1,3,5
7485212,1631,1633,364,187475,2022-02-13 16:30:00,25,2,2,5,4
10480395,1614,1642,364,188989,2024-02-24 15:00:00,26,4,2,7,2
6184846,5659,5677,255,186667,2020-10-01 00:30:00,1,1,2,8,5
6632505,682,698,795,186267,2021-05-02 14:15:00,34,1,0,4,4
7512337,10529,1637,346,187482,2021-10-02 14:00:00,11,0,1,7,2
7516833,2446,2460,426,187511,2021-09-25 13:30:00,6,1,0,6,3
10607875,3166,3159,524,188994,2024-05-20 18:45:00,37,3,3,3,2
8819381,1641,1643,346,188096,2022-08-16 18:45:00,4,0,0,10,3
8826948,3192,3161,524,188160,2023-04-07 15:00:00,29,1,1,2,8
7536283,698,691,795,187526,2021-10-31 17:30:00,12,2,1,6,10
10572194,2658,2446,426,188974,2024-02-17 14:30:00,22,1,2,4,5
8826860,3176,3166,524,188160,2023-02-05 17:00:00,21,1,2,5,3
6632779,702,674,795,186267,2020-10-23 19:00:00,7,2,1,0,7
10607862,3163,3185,524,188994,2024-03-16 14:00:00,29,0,2,3,4
6589721,1611,1616,364,186810,2021-05-18 17:00:00,37,1,1,6,1
8776782,1614,1619,364,188095,2022-09-16 19:00:00,8,1,0,6,3
10607626,3178,3162,524,188994,2023-12-22 17:30:00,17,0,2,8,9
7512150,1663,1659,346,187482,2022-01-29 15:00:00,29,0,1,2,9
8341354,5644,5648,255,187965,2022-08-14 22:00:00,22,3,0,6,5
8776744,1651,1630,364,188095,2022-08-27 14:00:00,4,1,0,5,3
6425503,3779,3782,412,186243,2021-01-17 14:00:00,20,1,0,7,3
10607652,3162,3161,524,188994,2023-12-17 19:45:00,16,0,2,8,7
10518672,1626,1649,346,188987,2024-03-29 15:00:00,39,2,1,13,3
8785205,2443,2446,426,188082,2023-03-12 16:30:00,24,2,3,2,3
6542797,2451,2444,426,186265,2021-04-17 13:30:00,29,2,3,6,5
6425520,3766,3775,412,186243,2021-05-23 19:00:00,38,2,3,6,6
6639528,3157,3159,524,186353,2021-01-06 19:45:00,16,1,3,7,4
10521263,698,674,795,189012,2023-12-08 20:00:00,16,1,0,7,0
10521277,679,686,795,189012,2023-11-25 20:00:00,14,1,0,7,3
7512191,1650,1659,346,187482,2021-12-27 17:30:00,24,0,1,4,4
7536257,696,698,795,187526,2021-12-11 15:15:00,17,1,1,1,1
7535959,687,679,795,187526,2022-05-22 20:00:00,38,1,2,3,2
6542922,2445,2454,426,186265,2021-01-16 17:30:00,16,2,2,5,2
6589573,1613,1628,364,186810,2021-02-02 20:15:00,22,1,2,9,1
8823003,674,676,795,188124,2022-10-29 19:00:00,12,0,1,3,10
10607871,3193,3162,524,188994,2024-04-19 16:30:00,33,0,1,2,9
8819509,1673,1672,346,188096,2022-10-09 11:00:00,14,2,0,6,3
10567142,3779,19830,412,189971,2024-03-10 14:00:00,25,0,1,5,8
7516793,2481,2459,426,187511,2021-10-17 15:30:00,8,1,1,9,5
6425305,3779,3777,412,186243,2020-12-13 14:00:00,14,2,2,5,4
10572240,2500,2451,426,188974,2024-02-10 14:30:00,21,1,0,6,10
7512091,1664,1659,346,187482,2022-02-12 15:00:00,32,1,2,6,7
6594032,1650,1639,346,186333,2020-12-15 17:30:00,19,0,0,5,2
8826987,3187,3176,524,188160,2023-05-07 16:00:00,34,1,0,0,5
10607785,3176,3315,524,188994,2024-04-28 18:45:00,34,5,1,10,2
7536017,698,713,795,187526,2022-05-08 12:00:00,35,0,0,4,5
10517640,1649,10531,346,188987,2023-10-07 14:00:00,11,1,3,12,7
6632581,681,690,795,186267,2021-03-13 17:30:00,27,0,0,7,3
6632536,701,687,795,186267,2021-04-26 19:00:00,32,0,1,2,3
7485237,1614,1630,364,187475,2022-02-09 20:00:00,24,3,3,6,11
8819883,10529,1639,346,188096,2023-04-22 14:00:00,44,1,1,6,4
10567004,3780,3777,412,189971,2023-10-01 13:00:00,7,3,0,4,6
10518985,1638,1649,346,188987,2024-04-27 14:00:00,45,1,0,9,9
6185184,5685,5812,255,186667,2021-02-03 22:15:00,34,2,0,999,999
8826744,3168,3176,524,188160,2022-10-17 18:45:00,10,1,1,2,8
9967460,5643,5659,255,188756,2023-05-14 21:30:00,6,2,1,4,7
10517622,1618,1673,346,188987,2023-10-03 18:45:00,10,4,1,3,5
6632741,674,679,795,186267,2020-11-28 15:15:00,11,0,1,2,7
8776837,1631,1630,364,188095,2022-10-20 19:15:00,12,2,0,2,9
7512151,1638,1642,346,187482,2022-01-15 15:00:00,27,0,1,7,7
7516633,2446,2463,426,187511,2022-03-13 14:30:00,26,0,1,7,0
10518073,1631,1673,346,188987,2024-01-01 15:00:00,26,4,1,3,4
7535919,700,695,795,187526,2021-08-14 17:30:00,1,1,1,2,4
6594091,1673,1620,346,186333,2020-11-28 15:00:00,14,3,2,5,9
8823150,687,713,795,188124,2023-04-22 16:30:00,30,2,1,3,3
6594228,1638,1669,346,186333,2020-09-26 14:00:00,3,1,1,3,5
6632495,674,690,795,186267,2021-05-09 14:15:00,35,3,0,1,9
6594198,1620,1637,346,186333,2020-10-17 14:00:00,5,0,0,3,2
7606867,3187,3162,524,187528,2021-11-28 19:45:00,14,4,0,1,3
6542925,2500,2446,426,186265,2021-01-15 19:30:00,16,1,0,2,3
8776985,1631,1610,364,188095,2023-03-11 15:00:00,27,1,3,2,5
6632571,674,846,795,186267,2021-03-21 15:15:00,28,2,1,3,4
10607500,3166,3157,524,188994,2023-08-21 18:45:00,1,0,2,3,6
10607869,3157,3178,524,188994,2024-03-10 14:00:00,28,1,0,11,4
8341113,5660,5643,255,187965,2022-04-10 14:00:00,1,3,0,7,3
8819809,10529,1627,346,188096,2023-03-15 19:45:00,37,1,1,3,5
6542802,2445,2447,426,186265,2021-04-10 16:30:00,28,2,3,3,8
8341241,5673,5669,255,187965,2022-06-08 22:00:00,10,0,2,4,4
8826712,3205,3164,524,188160,2022-09-17 16:00:00,7,2,1,3,6
8776819,1633,1616,364,188095,2022-10-09 13:00:00,10,3,1,4,2
6639370,3193,3219,524,186353,2021-04-21 18:45:00,32,2,2,3,0
11873072,5641,5677,255,189744,2024-06-16 21:30:00,9,2,2,6,7
11985994,1640,1634,346,188987,2024-04-30 19:00:00,44,1,2,7,6
11932846,5654,5640,255,189744,2024-06-30 21:30:00,13,2,1,2,5
6639579,3193,3159,524,186353,2020-12-13 17:00:00,11,1,3,0,10
6593752,1637,10529,346,186333,2021-04-16 17:00:00,42,1,1,3,3
6632469,675,682,795,186267,2021-05-22 16:00:00,38,2,1,6,1
10607841,3159,3193,524,188994,2024-03-17 11:30:00,29,0,0,12,2
10521353,684,682,795,189012,2024-03-10 20:00:00,28,2,3,11,4
7512346,1639,1659,346,187482,2021-10-19 18:45:00,13,0,1,9,7
7606872,3161,3187,524,187528,2021-11-21 17:00:00,13,3,2,4,1
8341143,5812,5660,255,187965,2022-05-21 19:30:00,7,2,0,3,5
8785985,3803,3773,412,188122,2023-02-05 16:05:00,22,1,1,11,5
6184989,5653,5643,255,186667,2020-10-11,15,3,0,8,1
8785177,2444,2448,426,188082,2023-02-11 14:30:00,20,3,0,6,3
6594192,1640,10531,346,186333,2020-10-20 18:45:00,6,1,1,3,2
6589548,1611,1636,364,186810,2021-01-27 20:15:00,20,1,2,7,2
8826908,3164,3192,524,188160,2023-03-05 14:00:00,25,0,0,2,6
9967401,5649,5685,255,188756,2023-05-07 21:30:00,4,3,3,4,7
10607837,3236,3187,524,188994,2024-04-07 13:00:00,31,2,4,1,6
9967573,5660,5707,255,188756,2023-10-18 23:00:00,27,0,3,4,4
9967550,5707,5654,255,188756,2023-08-06 23:00:00,18,3,0,10,6
6185171,5657,5677,255,186667,2021-01-31 19:00:00,33,0,0,6,6
6425498,19830,3771,412,186243,2021-01-23 20:00:00,21,3,1,5,4
7512367,1620,1664,346,187482,2021-09-18 14:00:00,8,1,2,6,6
8776931,1616,1624,364,188095,2023-01-23 20:15:00,21,0,1,3,8
10521149,686,678,795,189012,2023-09-03 14:15:00,4,0,0,3,5
8341170,5653,5673,255,187965,2022-05-07 19:30:00,5,1,2,11,3
10518588,1655,1643,346,188987,2024-04-27 14:00:00,45,2,0,4,3
6593906,1643,1650,346,186333,2021-04-13 18:00:00,29,3,1,7,3
10518720,1634,1666,346,188987,2024-03-16 15:00:00,38,6,0,10,4
6632848,696,684,795,186267,2020-09-13 12:00:00,1,0,1,6,4
8827035,3158,3205,524,188160,2023-06-04 19:00:00,38,2,1,6,2
6632593,681,676,795,186267,2021-03-06 20:00:00,26,0,2,3,4
7536037,687,676,795,187526,2022-04-21 19:30:00,33,0,1,5,3
6594061,1644,10529,346,186333,2020-12-05 15:00:00,16,0,1,6,5
7517608,3772,3788,412,187374,2022-05-14 19:00:00,37,0,0,3,1
6589455,1651,1619,364,186810,2020-12-07 20:00:00,11,1,2,4,3
7485324,1625,1614,364,187475,2022-05-22 15:00:00,38,3,2,13,1
10567195,3773,3793,412,189971,2024-04-06 15:00:00,28,1,1,7,4
8785135,2451,2443,426,188082,2022-08-06 13:30:00,1,2,2,2,5
7246105,5655,5707,255,187168,2021-12-10 00:30:00,38,1,1,6,4
6589624,1627,1613,364,186810,2021-03-07 12:00:00,27,0,0,9,7
7517922,3774,3766,412,187374,2021-11-07 19:45:00,13,4,1,7,2
8819828,1627,1638,346,188096,2023-04-01 14:00:00,39,0,0,6,7
8785918,3802,3774,412,188122,2022-12-29 18:00:00,16,3,1,4,6
6589684,1633,1610,364,186810,2021-04-24 16:30:00,33,0,1,4,2
7517961,3782,3766,412,187374,2021-10-03 18:45:00,9,1,1,6,4
8785786,3769,3779,412,188122,2022-08-27 15:00:00,4,1,0,2,5
10518712,10531,10529,346,188987,2024-03-16 12:30:00,38,2,0,10,5
7245963,5654,5656,255,187168,2021-11-18 00:30:00,33,1,0,8,1
6639495,3163,3161,524,186353,2021-01-23 17:00:00,19,0,0,3,4
6425417,19830,3776,412,186243,2021-03-14 16:05:00,29,0,0,6,2
7517985,3788,3775,412,187374,2021-09-22 19:00:00,7,1,0,6,5
9967678,5657,5673,255,188756,2023-11-12 21:30:00,34,2,1,7,8
7536110,679,678,795,187526,2021-09-18 14:15:00,5,0,0,5,5
8819845,10529,1632,346,188096,2023-04-10 14:00:00,41,0,1,7,5
8341427,5660,5669,255,187965,2022-09-28 22:00:00,28,1,0,7,3
10517811,1627,1634,346,188987,2023-11-25 17:30:00,17,2,0,4,5
10480295,1628,1660,364,188989,2024-03-09 15:00:00,28,1,1,8,6
8819489,1626,1627,346,188096,2022-09-17 14:00:00,11,1,1,7,4
6632678,679,678,795,186267,2021-03-10 18:00:00,18,2,1,5,4
7245955,5653,5656,255,187168,2021-11-10 22:00:00,31,3,0,8,5
6639646,3185,3173,524,186353,2020-10-18 13:00:00,4,2,3,2,4
10517795,1620,1631,346,188987,2023-11-11 15:00:00,16,1,0,3,4
8826863,3205,3187,524,188160,2023-02-05 11:30:00,21,0,3,3,6
7516668,2448,2444,426,187511,2022-02-12 14:30:00,22,4,2,4,9
6632828,696,698,795,186267,2020-09-26 11:00:00,3,0,0,1,5
6639405,3158,3187,524,186353,2021-03-21 19:45:00,28,0,2,6,4
8823309,686,690,795,188124,2023-01-07 17:30:00,16,1,0,6,2
7516726,2454,2462,426,187511,2021-12-15 17:30:00,16,2,3,7,1
6594043,1660,1641,346,186333,2020-12-12 15:00:00,18,3,0,9,4
7517707,19830,3802,412,187374,2022-02-27 12:00:00,26,1,2,10,3
7516574,2454,2975,426,187511,2022-05-02 18:30:00,32,3,1,3,8
7246084,5656,5650,255,187168,2021-09-08 00:30:00,19,1,1,2,2
10480326,1660,1623,364,188989,2024-05-03 19:00:00,36,1,1,8,7
10567083,3779,3771,412,189971,2023-11-25 20:00:00,13,1,1,6,11
10518385,1632,1649,346,188987,2024-02-10 15:00:00,31,3,1,8,2
7536010,678,679,795,187526,2022-04-30 19:00:00,34,2,0,6,3
11932984,5653,5685,255,189744,2024-09-22 19:00:00,27,3,0,4,2
10572259,2451,2481,426,188974,2024-03-16 14:30:00,26,1,3,8,6
6594151,1638,1673,346,186333,2020-10-31 15:00:00,9,0,3,10,2
8822961,684,682,795,188124,2022-09-11 19:00:00,5,1,0,9,8
6425278,3775,3788,412,186243,2020-12-23 18:00:00,17,2,2,0,10
7485341,1631,1624,364,187475,2022-01-19 19:30:00,17,2,3,3,8
10521202,756,675,795,189012,2023-09-30 16:30:00,8,0,3,1,4
10572306,2443,2454,426,188974,2024-05-04 13:30:00,32,2,2,7,2
7606847,3163,3315,524,187528,2021-11-07 14:00:00,12,3,2,1,5
10518100,1620,1627,346,188987,2023-12-23 15:00:00,23,1,0,2,10
6185125,5656,5648,255,186667,2021-01-14 00:30:00,29,5,0,3,3
10572178,2451,2453,426,188974,2023-12-09 14:30:00,14,0,1,5,3
6639555,3315,3157,524,186353,2020-12-20 14:00:00,13,1,2,6,4
6543030,2444,2462,426,186265,2020-10-24 13:30:00,5,5,0,10,3
7516826,2451,2454,426,187511,2021-10-02 13:30:00,7,1,3,4,6
6632735,701,674,795,186267,2020-12-07 20:00:00,12,0,0,8,0
7485151,1611,1626,364,187475,2022-04-16 14:00:00,33,3,2,6,7
7517703,3803,3771,412,187374,2022-03-13 19:45:00,28,1,4,0,3
10517772,1632,1627,346,188987,2023-12-09 12:30:00,20,2,1,4,7
6589637,1646,1631,364,186810,2021-03-03 18:00:00,29,1,1,5,8
7485249,1623,1614,364,187475,2022-01-22 12:30:00,23,0,1,9,2
6639390,3161,3173,524,186353,2021-04-11 10:30:00,30,1,0,5,0
7512030,1664,1642,346,187482,2022-04-02 11:30:00,40,1,4,8,4
11932862,5640,5656,255,189744,2024-07-07 19:00:00,15,3,0,8,8
8819681,1636,1672,346,188096,2023-01-20 19:45:00,28,1,0,4,2
8819477,1672,1660,346,188096,2022-09-30 19:00:00,12,0,2,7,6
10567115,3797,3776,412,189971,2023-12-10 14:00:00,15,0,0,3,5
8819674,1644,1664,346,188096,2023-01-14 15:00:00,27,2,0,2,3
6594045,10529,10531,346,186333,2020-12-12 12:30:00,18,0,2,2,2
8823051,675,674,795,188124,2023-02-02 20:00:00,17,2,0,6,6
7512431,1639,1642,346,187482,2021-08-21 14:00:00,4,1,0,6,2
10572074,2462,2444,426,188974,2023-12-09 14:30:00,14,5,1,1,9
10480334,1623,1642,364,188989,2024-04-21 12:30:00,34,2,0,6,4
10521439,678,687,795,189012,2024-01-13 17:30:00,20,2,1,5,5
6594083,1618,1663,346,186333,2020-12-01 19:45:00,15,1,2,1,1
6589689,1628,1625,364,186810,2021-05-01 11:30:00,34,0,2,2,6
8819452,1640,1627,346,188096,2022-12-21 19:45:00,9,1,0,10,2
8785946,3795,3771,412,188122,2023-01-11 20:00:00,18,0,2,4,6
6639445,3205,3160,524,186353,2021-02-27 14:00:00,24,2,2,8,2
7512053,1621,1650,346,187482,2022-02-26 12:30:00,35,1,0,9,1
6425207,3767,3771,412,186243,2020-09-13 19:00:00,3,0,1,4,2
6542812,2481,2482,426,186265,2021-04-03 13:30:00,27,2,1,2,10
11873137,5651,5657,255,189744,2024-05-05 19:00:00,5,1,0,6,5
8826820,3168,3162,524,188160,2023-01-04 15:30:00,16,2,1,4,3
7511960,1641,1638,346,187482,2022-04-15 14:00:00,42,1,1,10,6
7512197,1647,1627,346,187482,2021-12-27 15:00:00,24,1,0,2,4
8785178,2457,2454,426,188082,2023-02-12 14:30:00,20,4,1,4,6
6425511,3803,3774,412,186243,2021-01-17 12:00:00,20,1,2,3,3
10572205,2447,2482,426,188974,2024-02-25 16:30:00,23,2,3,10,3
10518671,1673,1640,346,188987,2024-03-29 15:00:00,39,1,3,10,4
10607867,3185,3176,524,188994,2024-03-02 19:45:00,27,0,0,4,5
10517604,1620,10529,346,188987,2023-10-03 18:45:00,10,2,0,8,2
8826737,3164,3158,524,188160,2022-10-17 16:30:00,10,0,1,4,3
7516715,2448,2500,426,187511,2021-12-18 14:30:00,17,0,1,1,5
8819846,1632,1672,346,188096,2023-04-07 16:30:00,40,4,4,1,0
7606669,3185,3161,524,187528,2022-03-13 19:45:00,29,1,1,3,4
6593726,1650,1626,346,186333,2021-04-24 14:00:00,44,1,3,5,5
8826984,3158,3157,524,188160,2023-04-29 16:00:00,32,1,1,1,5
7512311,10529,1650,346,187482,2021-11-03 19:45:00,16,0,1,6,2
7512370,1672,1664,346,187482,2021-09-28 18:45:00,10,1,1,9,3
7246214,5653,5812,255,187168,2021-07-01 22:00:00,8,4,1,4,4
6589591,1631,1612,364,186810,2021-02-13 12:30:00,24,3,1,2,12
6589641,1625,1629,364,186810,2021-03-02 20:00:00,29,4,1,10,2
8786105,3780,3771,412,188122,2023-02-19 19:45:00,24,2,3,3,10
6542827,2482,2460,426,186265,2021-03-21 12:30:00,26,1,2,2,9
6632790,675,700,795,186267,2020-10-17 16:30:00,6,0,1,4,10
6425448,3770,3771,412,186243,2021-02-20 16:00:00,26,1,1,2,1
6589577,1646,1651,364,186810,2021-02-06 15:00:00,23,1,1,8,7
6425523,3799,3776,412,186243,2021-05-23 19:00:00,38,1,2,4,2
7511995,1618,1627,346,187482,2022-04-03 14:00:00,40,1,0,3,6
7245911,5654,5655,255,187168,2021-12-06 23:00:00,37,0,1,5,1
8341159,5660,5648,255,187965,2022-05-01 19:00:00,4,3,2,8,1
7485377,1623,1624,364,187475,2021-11-07 14:00:00,11,0,0,4,2
8776935,1623,1651,364,188095,2023-01-03 19:45:00,19,1,4,5,2
7485122,1629,1651,364,187475,2022-04-30 14:00:00,35,0,3,7,3
10572279,2448,2453,426,188974,2024-03-10 14:30:00,25,1,2,12,5
7516694,2453,2445,426,187511,2022-01-22 14:30:00,20,2,0,6,3
6639488,3166,3157,524,186353,2021-01-30 14:00:00,20,1,2,6,4
8777046,1631,1629,364,188095,2023-04-22 14:00:00,32,2,1,1,7
7536215,696,695,795,187526,2021-11-06 17:30:00,13,2,1,1,3
10607788,3185,3254,524,188994,2024-04-21 13:00:00,33,0,0,6,4
7485424,1626,1644,364,187475,2021-09-18 14:00:00,5,1,3,4,8
10518668,1643,1638,346,188987,2024-04-01 14:00:00,40,2,1,2,11
7485387,1629,1646,364,187475,2021-12-01 19:30:00,14,0,0,5,5
8776823,1614,1610,364,188095,2022-10-16 13:00:00,11,0,2,7,1
6593765,1673,1643,346,186333,2021-04-10 14:00:00,41,0,0,6,9
6425365,3767,3804,412,186243,2020-10-24 19:00:00,8,4,0,4,10
8341288,5669,5812,255,187965,2022-06-26 21:00:00,14,1,1,4,2
8776924,1631,1651,364,188095,2023-01-21 15:00:00,21,2,2,5,6
7512205,1642,1668,346,187482,2021-12-04 15:00:00,21,2,0,5,3
10567081,3767,3787,412,189971,2023-11-03 20:00:00,11,3,0,9,2
8341286,5651,5685,255,187965,2022-06-25 19:30:00,14,4,2,5,10
11467182,3185,3187,524,188994,2024-01-07 14:00:00,19,3,0,2,5
8785768,3797,3775,412,188122,2022-08-21 13:00:00,3,1,0,3,6
6632732,695,698,795,186267,2020-12-05 13:00:00,12,3,0,5,5
7606762,3194,3166,524,187528,2022-01-21 19:45:00,23,2,1,7,2
10567265,3774,3797,412,189971,2024-02-18 14:00:00,22,3,1,4,4
11873136,5685,5654,255,189744,2024-05-04 21:30:00,5,1,1,8,4
6425351,3773,3802,412,186243,2020-11-08 14:00:00,10,4,4,9,1
10517822,1639,10529,346,188987,2023-11-04 15:00:00,15,0,0,1,7
7246170,5685,5655,255,187168,2021-07-18 23:30:00,12,2,2,5,4
10521392,682,680,795,189012,2024-05-11 14:15:00,35,3,2,10,1
8785815,3774,3769,412,188122,2022-09-11 15:05:00,7,5,0,2,1
6594134,1637,1641,346,186333,2020-11-04 19:00:00,10,0,3,4,1
8819915,1636,1641,346,188096,2023-04-29 14:00:00,45,4,1,10,5
6185221,5651,5674,255,186667,2021-02-26 00:30:00,38,2,0,8,5
10480362,1614,1659,364,188989,2024-04-21 14:00:00,34,3,1,8,4
6593973,1655,1641,346,186333,2021-01-16 15:00:00,24,2,0,5,2
10572119,2462,2445,426,188974,2023-11-25 17:30:00,12,1,2,4,2
6632585,701,682,795,186267,2021-03-14 17:30:00,27,1,3,7,2
8777048,1625,1631,364,188095,2023-04-15 16:30:00,31,3,1,6,2
7516653,2463,2462,426,187511,2022-02-19 17:30:00,23,1,0,5,6
6589595,1633,1636,364,186810,2021-02-15 18:00:00,24,3,0,7,7
7485247,1633,1630,364,187475,2022-01-16 14:00:00,22,2,3,4,3
6425375,3771,3772,412,186243,2020-10-17 19:00:00,7,3,1,6,10
7485146,1619,1610,364,187475,2022-04-09 14:00:00,32,0,6,2,3
6639420,3185,3161,524,186353,2021-03-14 14:00:00,27,1,2,1,8
8823176,676,681,795,188124,2023-05-02 17:30:00,33,1,0,11,0
10517525,1630,1666,346,188987,2023-09-02 14:00:00,5,0,0,5,3
8341296,5654,5660,255,187965,2022-07-16 22:00:00,17,2,0,8,6
7511975,10531,1620,346,187482,2022-04-23 14:00:00,44,1,1,8,2
6589731,1612,1628,364,186810,2021-05-23 15:00:00,38,2,0,13,1
8819850,1635,10531,346,188096,2023-04-10 14:00:00,41,0,2,6,1
7485224,1611,1619,364,187475,2022-02-12 12:30:00,25,1,1,1,4
8823089,692,690,795,188124,2023-02-26 15:15:00,23,3,0,5,4
8785871,3779,3776,412,188122,2022-10-14 19:00:00,11,0,3,3,0
10480192,1610,1669,364,188989,2023-10-28 11:30:00,10,0,2,10,1
7246075,5650,5707,255,187168,2021-09-11 20:00:00,20,1,2,5,0
8785056,2457,2446,426,188082,2022-09-10 13:30:00,6,2,2,3,5
7245994,5638,5644,255,187168,2021-10-31 21:15:00,29,1,0,5,1
10518948,1640,1650,346,188987,2024-05-04 11:30:00,46,1,2,10,5
7517618,3795,3776,412,187374,2022-05-01 11:00:00,35,3,0,1,4
8776981,1611,1669,364,188095,2023-04-05 19:00:00,25,1,0,12,3
10567185,3767,3797,412,189971,2024-04-06 19:00:00,28,1,1,17,2
10572038,2454,2975,426,188974,2023-09-23 13:30:00,5,0,1,11,6
10607642,3236,3176,524,188994,2023-12-22 19:45:00,17,0,1,1,4
8823170,680,756,795,188124,2023-05-01 19:00:00,32,0,2,6,1
8341167,5707,5648,255,187965,2022-04-17,2,0,1,2,5
10607545,3315,3159,524,188994,2023-09-23 16:00:00,5,4,2,6,3
8785038,2453,2448,426,188082,2022-08-26 18:30:00,4,1,0,2,5
8819827,1673,1620,346,188096,2023-04-01 14:00:00,39,4,2,5,9
6639522,3176,3173,524,186353,2021-01-10 17:00:00,17,1,0,9,5
12337168,5649,5644,255,189744,2024-06-22 20:30:00,11,0,1,5,4
7517643,3787,3802,412,187374,2022-04-17 13:00:00,32,0,0,9,6
7485440,1611,1623,364,187475,2021-10-02 11:30:00,7,1,1,10,1
7516750,2448,2447,426,187511,2021-12-11 14:30:00,15,1,1,0,15
7246001,5812,5649,255,187168,2021-10-25 23:00:00,28,2,0,3,11
6639461,3157,3161,524,186353,2021-02-21 14:00:00,23,0,3,7,7
6632777,678,680,795,186267,2020-10-31 15:15:00,8,2,1,6,1
8819629,1644,1638,346,188096,2022-12-26 12:00:00,24,0,2,4,9
6425308,3770,3804,412,186243,2020-12-13 14:00:00,14,1,1,4,4
10518401,1643,1619,346,188987,2024-02-03 15:00:00,30,0,2,3,10
7516616,2500,2462,426,187511,2022-04-17 15:30:00,30,2,0,4,3
7606819,3162,3193,524,187528,2021-12-17 17:30:00,18,3,1,5,2
6639330,3163,3166,524,186353,2021-05-08 13:00:00,35,1,1,5,10
10566985,3773,3774,412,189971,2023-08-20 18:45:00,2,1,1,11,0
6185149,5649,5653,255,186667,2021-01-20 22:15:00,31,1,1,3,1
10607777,3178,3254,524,188994,2024-05-05 13:00:00,35,0,0,3,8
6594020,1638,1642,346,186333,2020-12-19 15:00:00,20,1,1,5,2
7512450,1673,1641,346,187482,2021-08-17 18:45:00,3,1,0,4,4
7512124,1660,1621,346,187482,2022-01-29 15:00:00,29,0,0,6,5
8341302,5666,5707,255,187965,2022-07-03 14:00:00,15,1,2,4,4
6593914,1621,1641,346,186333,2021-02-12 19:45:00,29,1,2,5,5
6184859,5653,5656,255,186667,2020-08-12 22:15:00,2,3,2,8,4
9967430,5648,5653,255,188756,2023-06-22 00:30:00,11,1,1,3,5
8823093,713,680,795,188124,2023-02-19 15:15:00,22,1,1,7,3
8341314,5643,5654,255,187965,2022-09-11 22:00:00,26,1,1,4,9
10521418,756,700,795,189012,2024-04-20 19:00:00,32,4,1,2,4
8822960,691,680,795,188124,2022-09-10 14:15:00,5,2,3,9,3
6589404,1614,1630,364,186810,2020-10-23 19:00:00,6,0,3,6,5
7517683,3782,3777,412,187374,2022-03-06 12:00:00,27,1,0,12,3
7512088,1672,1616,346,187482,2022-02-12 15:00:00,32,0,1,1,4
6543002,2454,2481,426,186265,2020-11-21 14:30:00,8,1,1,2,1
7512388,1673,1642,346,187482,2021-09-18 14:00:00,8,0,2,6,5
6589400,1636,1616,364,186810,2020-10-18 11:00:00,5,1,1,2,5
8823198,674,675,795,188124,2023-05-21 16:30:00,35,1,0,2,9
7606613,3205,3162,524,187528,2022-04-30 18:45:00,35,3,4,4,5
7512165,1621,1673,346,187482,2022-01-02 14:00:00,26,0,0,9,3
7518000,3772,3774,412,187374,2021-09-26 11:00:00,8,1,1,8,6
8786122,3770,3775,412,188122,2023-03-12 14:00:00,27,2,2,1,10
6639654,3163,3158,524,186353,2020-10-03 18:45:00,3,0,1,4,1
10607765,3193,3315,524,188994,2024-05-12 13:00:00,36,2,1,3,7
6589571,1629,1609,364,186810,2021-02-02 18:00:00,22,2,1,9,6
8776748,1611,1612,364,188095,2022-08-22 19:00:00,3,2,1,6,8
10517484,1672,1630,346,188987,2023-09-20 18:45:00,7,0,0,5,6
7518038,3776,3775,412,187374,2021-08-14 15:00:00,2,0,4,8,7
8785093,2451,2454,426,188082,2022-10-15 13:30:00,10,2,2,7,6
8776932,1631,1616,364,188095,2023-01-03 19:45:00,19,0,1,6,3
10572147,2448,2445,426,188974,2024-01-20 14:30:00,18,1,0,1,7
9967551,5655,5659,255,188756,2023-07-23 19:00:00,16,2,2,2,8
8826695,3192,3178,524,188160,2022-09-05 16:30:00,5,2,2,6,7
8819413,1635,1646,346,188096,2022-08-27 14:00:00,6,1,5,6,1
10517596,1672,1619,346,188987,2023-10-21 14:00:00,12,1,2,7,9
10607615,3254,3159,524,188994,2023-12-23 11:30:00,17,1,2,8,8
10607645,3176,3192,524,188994,2023-12-03 14:00:00,14,3,0,3,2
8823314,691,756,795,188124,2023-01-07 20:00:00,16,2,2,5,2
8819573,1618,1638,346,188096,2022-11-02 19:45:00,19,0,0,2,5
6425395,3813,3782,412,186243,2021-04-04 15:05:00,31,0,2,5,3
6639500,3159,3166,524,186353,2021-01-24 11:30:00,19,2,0,7,6
7246280,5651,5673,255,187168,2021-05-30 21:15:00,1,1,0,3,1
7517972,3782,3775,412,187374,2021-09-25 15:00:00,8,0,3,2,9
8819484,1639,1644,346,188096,2022-10-02 11:00:00,12,0,4,6,6
10518764,1672,1631,346,188987,2024-03-09 15:00:00,37,2,2,1,3
7606646,3178,3205,524,187528,2022-04-09 13:00:00,32,0,0,5,4
8827023,3194,3178,524,188160,2023-05-28 10:30:00,37,1,1,3,3
8785120,2444,2443,426,188082,2022-11-08 19:30:00,14,6,1,8,4
6632525,690,679,795,186267,2021-05-22 16:00:00,38,1,2,4,6
7485179,1609,1631,364,187475,2022-03-13 16:30:00,29,2,0,2,6
8341214,5685,5654,255,187965,2022-06-08 23:30:00,10,1,0,5,7
10521205,686,698,795,189012,2023-10-28 16:30:00,11,0,0,7,3
8786132,3766,3770,412,188122,2023-03-17 20:00:00,28,1,1,5,2
6542793,2481,2459,426,186265,2021-04-17 13:30:00,29,0,0,7,3
6185148,5663,5655,255,186667,2021-01-21 22:00:00,31,2,0,7,5
10521347,675,680,795,189012,2024-02-25 20:00:00,26,1,0,7,2
7517986,3771,3774,412,187374,2021-09-19 15:00:00,6,2,0,6,7
6594192,1640,10531,346,186333,2020-10-20 18:45:00,6,1,1,3,2
7516839,2451,2975,426,187511,2021-08-29 15:30:00,3,1,0,7,7
10521179,708,714,795,189012,2023-10-28 12:00:00,11,1,2,3,2
12075836,1611,1613,364,188989,2024-05-15 19:00:00,34,3,2,9,9
8823250,686,687,795,188124,2023-03-12 13:00:00,25,1,1,3,2
8823129,681,684,795,188124,2023-04-22 12:00:00,30,3,2,5,13
9967663,5673,5660,255,188756,2023-11-08 22:00:00,33,0,3,8,4
6639391,3158,3166,524,186353,2021-04-11 16:00:00,30,1,0,4,6
7536157,698,674,795,187526,2022-03-12 20:00:00,28,0,0,5,3
7606870,3192,3164,524,187528,2021-11-21 14:00:00,13,0,2,13,3
6589430,1619,1613,364,186810,2020-11-06 20:00:00,8,2,0,8,3
6542898,2457,2443,426,186265,2021-01-23 17:30:00,18,1,4,7,1
7606821,3161,3173,524,187528,2021-12-12 19:45:00,17,4,0,9,0
8785048,2447,2449,426,188082,2022-09-17 13:30:00,7,1,0,11,2
7516806,2444,2482,426,187511,2021-10-23 13:30:00,9,4,0,4,2
8776977,1669,1616,364,188095,2023-03-06 20:00:00,26,3,2,2,3
8823040,708,679,795,188124,2023-01-15 15:15:00,17,1,1,3,3
6542937,2446,2443,426,186265,2021-01-09 14:30:00,15,1,1,3,1
8776808,1629,1625,364,188095,2022-09-17 11:30:00,8,0,3,5,7
7246129,5819,5673,255,187168,2021-08-16 23:00:00,16,1,1,3,9
7536327,687,682,795,187526,2021-12-18 15:15:00,18,1,3,5,5
8823146,700,674,795,188124,2023-04-30 12:00:00,32,2,1,5,6
8819525,1637,1627,346,188096,2022-10-15 14:00:00,15,0,2,4,7
8785257,2449,2457,426,188082,2023-04-14 18:30:00,28,5,2,7,8
9967608,5660,5643,255,188756,2023-11-05 21:30:00,32,0,1,5,9
10572092,2500,2481,426,188974,2023-11-25 14:30:00,12,1,1,3,4
6184932,5651,5659,255,186667,2020-09-09 20:30:00,9,1,1,7,3
8777064,1624,1611,364,188095,2023-04-27 19:15:00,33,2,2,6,8
6632623,846,679,795,186267,2021-02-13 13:00:00,23,1,2,7,3
10572213,2658,2975,426,188974,2024-04-20 13:30:00,30,1,2,2,6
7485337,1626,1614,364,187475,2021-12-14 19:45:00,17,0,2,7,10
6632489,802,678,795,186267,2021-05-12 18:00:00,36,1,0,5,0
11933020,5650,5646,255,189744,2024-10-20 23:00:00,30,3,5,7,5
6632754,700,687,795,186267,2020-11-22 15:15:00,10,0,1,1,6
10518660,1621,1619,346,188987,2024-04-06 14:00:00,41,0,0,1,5
10572168,2975,2462,426,188974,2024-01-13 14:30:00,17,0,1,15,4
8341254,5653,5656,255,187965,2022-07-24 21:00:00,19,1,2,5,0
7246018,5654,5707,255,187168,2021-10-17 23:30:00,27,0,0,11,2
10572291,2463,2520,426,188974,2024-04-20 13:30:00,30,0,2,4,3
8819721,1650,1632,346,188096,2023-02-14 19:45:00,32,0,3,2,2
6593909,1626,1639,346,186333,2021-02-13 15:00:00,29,4,1,3,7
7517887,3767,3775,412,187374,2021-12-01 20:00:00,16,0,0,6,5
7516869,2460,2469,426,187511,2021-08-28 13:30:00,3,3,0,7,4
7606977,3173,3205,524,187528,2021-08-23 16:30:00,1,2,2,11,4
8341252,5655,5659,255,187965,2022-07-21 00:30:00,18,2,0,4,4
6589378,1625,1631,364,186810,2020-09-27 15:30:00,3,2,5,3,3
7512185,1641,1636,346,187482,2022-01-18 19:45:00,24,2,2,4,11
10567073,3797,3773,412,189971,2023-11-25 16:00:00,13,0,3,2,4
6589698,1616,1646,364,186810,2021-05-10 19:00:00,35,0,2,8,4
8823165,686,700,795,188124,2023-05-12 19:00:00,34,1,0,3,7
8823180,678,684,795,188124,2023-05-04 20:00:00,33,0,1,13,2
7536105,676,846,795,187526,2021-09-20 19:00:00,5,1,1,12,4
8819685,1637,1636,346,188096,2023-03-07 20:00:00,29,0,1,3,4
8341263,5659,5653,255,187965,2022-07-17 21:00:00,17,0,1,6,2
7516737,2457,2459,426,187511,2021-12-11 14:30:00,15,2,0,6,4
7517741,3771,3797,412,187374,2022-02-20 19:45:00,25,0,2,8,3
8786175,3797,3799,412,188122,2023-04-16 13:00:00,31,2,1,6,6
6593767,10529,1621,346,186333,2021-04-10 14:00:00,41,2,2,5,2
10518127,1649,1643,346,188987,2023-12-16 15:00:00,22,3,2,11,5
7485278,1624,1612,364,187475,2021-12-19 16:30:00,18,2,2,6,4
8822929,702,687,795,188124,2022-08-27 15:30:00,3,0,1,4,6
7606788,3205,3163,524,187528,2021-09-12 13:00:00,3,0,1,4,5
7516567,2481,2463,426,187511,2022-04-30 13:30:00,32,1,4,5,7
6593935,1647,1655,346,186333,2021-01-30 15:00:00,27,1,0,4,0
10521267,676,679,795,189012,2023-12-03 20:00:00,15,1,0,7,2
10572025,2481,2454,426,188974,2023-08-19 13:30:00,1,4,4,8,7
8819601,1641,1638,346,188096,2022-11-12 15:00:00,21,2,4,2,2
11933074,5653,5650,255,189744,2024-11-27 00:30:00,36,2,3,9,5
8826824,3187,3159,524,188160,2023-01-13 19:45:00,18,5,1,2,5
6543057,2454,2500,426,186265,2020-09-26 13:30:00,2,1,1,7,5
7512063,1616,1621,346,187482,2022-03-05 12:30:00,36,2,0,5,5
6632630,680,698,795,186267,2021-02-06 20:00:00,22,3,0,3,1
7606628,3185,3187,524,187528,2022-05-07 13:00:00,36,0,1,6,4
7485124,1625,1613,364,187475,2022-05-08 15:30:00,36,5,0,8,2
10480104,1612,1633,364,188989,2023-09-24 13:00:00,6,3,1,7,4
6639671,3197,3157,524,186353,2020-09-27 16:00:00,2,0,2,2,5
6593840,1640,1647,346,186333,2021-03-06 15:00:00,35,1,0,5,7
8776930,1611,1659,364,188095,2023-01-03 20:00:00,19,3,0,6,5
6593892,10531,1642,346,186333,2021-02-17 19:00:00,30,1,0,7,6
7516801,2445,2500,426,187511,2021-10-24 15:30:00,9,1,1,1,2
8819861,1644,10529,346,188096,2023-04-19 18:45:00,43,1,3,10,1
6185054,5654,5812,255,186667,2020-11-15 00:30:00,21,1,1,11,4
7246163,5663,5685,255,187168,2021-07-25 19:00:00,13,1,0,3,5
6589445,1610,1624,364,186810,2020-11-29 16:30:00,10,0,0,3,3
8777045,1629,1669,364,188095,2023-04-15 14:00:00,31,2,0,5,2
10521303,676,682,795,189012,2024-01-27 17:30:00,22,3,5,10,0
10607787,3194,3176,524,188994,2024-05-05 13:00:00,35,2,1,1,2
8819683,1650,10531,346,188096,2023-01-21 15:00:00,28,1,1,5,8
10480302,1612,1625,364,188989,2024-03-10 15:45:00,28,1,1,7,4
6589628,1623,1646,364,186810,2021-03-13 17:30:00,28,1,2,7,4
7517653,3797,3767,412,187374,2022-04-09 19:00:00,31,1,6,2,5
10480170,1633,1623,364,188989,2023-10-29 13:00:00,10,0,1,4,3
6632668,696,680,795,186267,2021-01-19 20:30:00,19,1,2,3,2
7516775,2500,2444,426,187511,2021-10-30 13:30:00,10,2,5,6,1
10517459,1619,1626,346,188987,2023-08-12 14:00:00,2,4,4,12,4
10521231,681,708,795,189012,2024-01-04 16:00:00,19,1,0,5,4
10567038,3767,3771,412,189971,2023-09-24 18:45:00,6,4,0,8,3
8341260,5666,5654,255,187965,2022-07-24 14:00:00,19,1,2,6,5
10518084,1649,1618,346,188987,2023-12-23 15:00:00,23,3,3,7,3
6185049,5656,5653,255,186667,2020-11-14 22:00:00,21,1,2,6,6
8786129,3767,3770,412,188122,2023-03-04 20:00:00,26,4,2,4,6
6593881,1639,1660,346,186333,2021-02-20 15:00:00,31,3,0,8,2
6632673,695,701,795,186267,2021-01-10 13:00:00,18,2,1,4,9
6184901,5677,5646,255,186667,2020-08-29 22:00:00,6,1,1,8,2
8819528,1646,10531,346,188096,2022-10-15 14:00:00,15,4,0,5,6
6425215,3772,3766,412,186243,2020-09-11 19:00:00,3,0,0,4,5
7606922,3173,3178,524,187528,2021-09-22 18:45:00,5,0,2,7,4
8785018,2454,2457,426,188082,2022-08-19 18:30:00,3,1,0,5,5
6185009,5656,5654,255,186667,2020-10-18 19:00:00,17,1,5,10,3
7516764,2445,2459,426,187511,2021-11-06 14:30:00,11,0,1,8,4
8776827,1630,1609,364,188095,2022-10-16 13:00:00,11,0,1,6,3
8826795,3166,3315,524,188160,2022-11-12 19:45:00,15,3,0,4,6
6425201,3787,3799,412,186243,2020-09-20 13:00:00,4,4,1,6,3
8819580,1660,1637,346,188096,2022-11-01 19:45:00,19,0,0,6,5
6632825,684,675,795,186267,2020-09-26 19:00:00,3,2,3,8,3
7606865,3172,3205,524,187528,2021-11-20 14:00:00,13,5,2,0,6
10607608,3168,3173,524,188994,2024-01-06 17:00:00,19,1,1,7,6
10521188,674,846,795,189012,2023-11-05 15:15:00,12,1,0,0,4
6632830,680,702,795,186267,2021-03-17 18:00:00,2,2,0,4,1
7512022,10529,1641,346,187482,2022-03-12 15:00:00,37,0,0,5,2
9967539,5673,5638,255,188756,2023-08-27 19:00:00,21,2,1,4,6
8341390,5651,5650,255,187965,2022-10-01 22:00:00,29,2,0,11,4
10567011,3787,3802,412,189971,2023-08-27 13:00:00,3,1,3,5,3
7606856,3191,3194,524,187528,2021-12-05 14:00:00,16,3,4,1,6
10521450,679,714,795,189012,2024-02-17 13:00:00,25,5,0,3,5
6589695,1627,1629,364,186810,2021-05-03 17:00:00,34,1,1,5,6
8823203,698,702,795,188124,2023-05-20 16:30:00,35,1,1,5,6
10572197,2444,2975,426,188974,2024-02-24 17:30:00,23,2,1,6,4
10567248,3802,3770,412,189971,2024-01-28 14:00:00,19,0,0,6,2
10517439,1641,10531,346,188987,2023-08-26 14:00:00,4,2,1,5,4
7246097,5663,5707,255,187168,2021-08-31 00:30:00,18,0,0,7,4
10572130,2444,2443,426,188974,2024-01-21 14:30:00,18,0,1,10,2
8823068,680,700,795,188124,2023-01-21 20:00:00,18,1,0,8,1
8785162,2447,2453,426,188082,2023-02-04 14:30:00,19,5,1,14,0
8827007,3236,3187,524,188160,2023-05-14 13:00:00,35,2,0,6,10
6185053,5649,5669,255,186667,2020-11-14 22:00:00,21,4,2,3,4
10518334,1641,1672,346,188987,2024-03-02 15:00:00,35,0,0,8,8
6184893,5669,5677,255,186667,2020-08-23 23:00:00,5,2,0,6,11
8777092,1630,1613,364,188095,2023-05-13 11:30:00,36,2,2,2,6
7536137,692,686,795,187526,2022-03-06 17:30:00,27,4,3,4,5
8777010,1616,1633,364,188095,2023-04-08 14:00:00,30,0,1,11,4
6425490,3776,3804,412,186243,2021-01-31 16:00:00,22,1,0,5,2
10518057,1673,1620,346,188987,2023-12-29 19:45:00,25,1,2,7,2
10521120,714,687,795,189012,2023-08-25 17:30:00,3,0,0,5,8
10607856,3176,3158,524,188994,2024-03-10 19:45:00,28,2,2,8,2
7516832,2469,2444,426,187511,2021-09-24 18:30:00,6,1,3,6,3
7512344,1659,1673,346,187482,2021-10-23 14:00:00,14,3,0,7,2
10567282,3788,3803,412,189971,2024-03-31 11:00:00,27,0,1,6,4
8777006,1651,1669,364,188095,2023-04-01 14:00:00,29,3,3,14,0
7606958,3194,3158,524,187528,2021-09-19 16:00:00,4,3,2,3,8
7512290,10529,1672,346,187482,2021-11-24 19:45:00,19,0,1,4,4
6589551,1613,1630,364,186810,2021-01-26 18:00:00,20,1,2,9,4
9967630,5656,5653,255,188756,2023-11-09 22:00:00,33,1,1,5,6
8826911,3187,3172,524,188160,2023-03-11 17:00:00,26,2,0,10,4
10518355,1673,1630,346,188987,2024-03-02 12:30:00,35,1,1,8,8
10521196,679,696,795,189012,2023-10-29 20:00:00,11,2,1,4,4
10517455,1619,1650,346,188987,2023-08-26 14:00:00,4,2,1,4,3
7517942,19830,3787,412,187374,2021-10-24 15:00:00,11,3,1,4,4
6185135,5643,5654,255,186667,2021-01-18 23:00:00,30,0,3,4,5
11932885,5657,5656,255,189744,2024-07-10 22:00:00,16,2,0,7,5
8819637,1620,1635,346,188096,2022-12-26 15:00:00,24,4,1,8,10
6639661,3176,3164,524,186353,2020-10-02 18:45:00,3,1,2,8,4
10480108,1628,1642,364,188989,2023-10-07 16:30:00,8,0,0,3,7
6425336,3770,3777,412,186243,2020-11-22 12:00:00,11,1,1,6,2
7606714,3164,3315,524,187528,2022-02-06 14:00:00,24,4,0,3,9
7511972,1642,1618,346,187482,2022-04-09 14:00:00,41,2,0,9,4
6589707,1646,1630,364,186810,2021-05-15 11:30:00,36,0,4,6,8
10518342,1650,1643,346,188987,2024-02-24 15:00:00,34,2,1,9,0
7517692,3766,3774,412,187374,2022-03-13 16:05:00,28,2,4,8,2
7246167,5646,5648,255,187168,2021-07-24 22:00:00,13,1,0,7,5
6425383,3779,3767,412,186243,2021-04-10 15:00:00,32,1,4,5,4
8819549,1627,1655,346,188096,2022-10-18 19:00:00,16,0,2,13,1
7512112,10531,1621,346,187482,2022-02-05 17:30:00,30,1,0,0,13
8341185,5638,5646,255,187965,2022-06-20 23:00:00,13,1,2,3,7
8826752,3235,3163,524,188160,2022-10-30 14:00:00,12,0,0,7,4
6639482,3162,3173,524,186353,2021-02-07 19:45:00,21,1,0,12,2
10480263,1660,1651,364,188989,2024-01-30 19:45:00,22,4,0,7,4
10607624,3173,3178,524,188994,2023-12-30 14:00:00,18,0,0,8,6
6632737,678,692,795,186267,2020-12-04 20:00:00,12,0,2,4,5
8819800,1620,1641,346,188096,2023-03-18 15:00:00,38,4,0,NA,NA
7517637,3795,3779,412,187374,2022-04-17 13:00:00,32,1,1,5,9
10517777,1631,1649,346,188987,2023-12-09 15:00:00,20,4,0,5,8
6589557,1610,1646,364,186810,2021-01-31 12:00:00,21,2,0,4,2
6543062,2462,2459,426,186265,2020-09-19 13:30:00,1,1,1,14,3
7512012,1638,1673,346,187482,2022-03-16 19:45:00,38,2,0,7,3
12053519,1610,1624,364,188989,2024-05-02 18:30:00,26,2,0,4,9
8819884,1640,1637,346,188096,2023-04-22 14:00:00,44,2,1,2,4
8826873,3163,3315,524,188160,2023-02-12 11:30:00,22,2,2,10,7
7517891,3799,3797,412,187374,2021-12-12 14:00:00,18,0,1,8,3
6543020,2482,2500,426,186265,2020-11-02 19:30:00,6,1,3,3,6
8777023,1611,1619,364,188095,2023-03-12 14:00:00,27,0,0,7,8
8776843,1659,1624,364,188095,2022-10-29 14:00:00,14,2,3,2,19
7246138,5707,5677,255,187168,2021-08-08,15,1,1,4,11
7606854,3166,3176,524,187528,2021-12-05 11:30:00,16,2,3,0,2
8819758,1620,1637,346,188096,2023-03-04 15:00:00,35,5,0,6,1
8776785,1612,1629,364,188095,2023-03-01 20:00:00,7,2,0,5,2
8341261,5669,5656,255,187965,2022-07-17,17,3,1,6,2
6632559,702,684,795,186267,2021-04-04 14:15:00,29,1,1,7,2
10566984,3775,3776,412,189971,2023-08-11 19:00:00,1,1,1,3,3
10521329,700,679,795,189012,2024-03-09 15:15:00,28,2,0,3,1
7536168,679,698,795,187526,2022-02-12 20:00:00,24,4,3,5,4
7485164,1628,1609,364,187475,2022-04-04 19:00:00,31,3,0,0,2
6185104,5656,5643,255,186667,2020-12-21 23:00:00,26,2,1,12,4
10572236,2454,2520,426,188974,2024-02-10 14:30:00,21,0,0,7,2
10517482,1619,1634,346,188987,2023-09-19 18:45:00,7,0,1,9,3
6593820,1678,1641,346,186333,2021-03-13 15:00:00,36,1,0,9,5
8826700,3205,3166,524,188160,2022-09-04 13:00:00,5,2,2,7,2
8819830,1638,1660,346,188096,2023-04-07 11:30:00,40,0,0,4,4
6425273,3803,3775,412,186243,2021-01-06 18:00:00,18,2,0,6,6
7485381,1611,1612,364,187475,2021-10-24 15:30:00,9,0,5,6,3
8819738,1626,1672,346,188096,2023-02-14 19:45:00,32,3,1,5,3
8819802,1650,1618,346,188096,2023-03-18 15:00:00,38,0,1,10,1
7517918,3776,3799,412,187374,2021-11-06 16:00:00,13,1,1,4,8
10480369,1624,1660,364,188989,2024-03-30 15:00:00,30,2,1,3,6
6425377,3770,3766,412,186243,2021-04-18 19:00:00,33,1,2,5,4
10521192,675,674,795,189012,2023-11-11 20:00:00,13,5,1,4,4
6184972,5660,5638,255,186667,2020-10-04 19:00:00,13,1,1,2,11
7606861,3159,3172,524,187528,2021-11-27 17:00:00,14,0,1,6,4
9967495,5685,5644,255,188756,2023-07-23 19:00:00,16,0,0,13,4
10607528,3192,3254,524,188994,2023-09-22 16:30:00,5,1,1,8,6
6632781,680,701,795,186267,2020-10-24 16:30:00,7,0,1,13,3
7485407,1609,1644,364,187475,2021-11-07 14:00:00,11,1,0,4,2
6639501,3193,3173,524,186353,2021-01-24 14:00:00,19,1,0,4,7
8823157,678,680,795,188124,2023-04-27 20:00:00,31,0,1,8,2
7606869,3193,3158,524,187528,2021-11-21 19:45:00,13,0,2,2,7
7512075,1660,1627,346,187482,2022-02-19 15:00:00,33,2,0,4,4
8777063,1614,1616,364,188095,2023-04-25 18:45:00,33,1,0,8,2
10521447,679,676,795,189012,2024-03-17 20:00:00,29,0,3,7,3
10517854,1634,1649,346,188987,2023-10-28 14:00:00,14,3,2,11,3
10521141,700,713,795,189012,2023-09-27 19:30:00,7,0,0,1,2
6184900,5649,5643,255,186667,2020-11-30 21:00:00,6,2,1,8,1
7512266,1663,1647,346,187482,2021-11-03 19:45:00,16,2,1,7,8
7606938,3173,3164,524,187528,2021-10-17 10:30:00,8,3,1,5,9
10518345,1672,1627,346,188987,2024-02-24 12:30:00,34,1,1,8,3
7516837,2482,2460,426,187511,2021-09-11 13:30:00,4,0,2,4,5
7516650,2481,2453,426,187511,2022-02-19 14:30:00,23,1,2,11,4
7246156,5648,5650,255,187168,2021-09-02 22:00:00,14,1,1,7,2
8341240,5644,5812,255,187965,2022-05-30 23:00:00,8,1,1,3,12
7512376,10529,1659,346,187482,2021-09-18 14:00:00,8,0,1,2,5
8822966,682,680,795,188124,2022-09-18 14:15:00,6,1,1,6,4
7246064,5685,5819,255,187168,2021-09-11 22:00:00,20,1,2,3,6
10521123,698,676,795,189012,2023-08-13 19:30:00,1,0,0,3,4
10480389,1625,1633,364,188989,2024-05-19 15:00:00,38,3,1,11,2
6632535,802,698,795,186267,2021-04-25 12:00:00,32,0,2,1,0
10607503,3254,3187,524,188994,2023-08-19 16:30:00,1,1,3,4,6
6542855,2975,2454,426,186265,2021-02-27 17:30:00,23,3,2,3,4
7485414,1669,1610,364,187475,2021-10-16 16:30:00,8,0,1,5,5
11932980,5659,5656,255,189744,2024-09-15,26,2,1,5,3
6425446,3813,3772,412,186243,2021-02-21 14:00:00,26,2,0,6,7
10517634,1638,1672,346,188987,2023-10-07 14:00:00,11,2,2,5,1
7536005,692,698,795,187526,2022-04-20 18:00:00,33,0,2,2,1
6593959,1644,1663,346,186333,2021-01-19 19:45:00,25,1,0,5,3
7246220,5669,5638,255,187168,2021-06-27 23:30:00,7,1,1,3,6
10518651,1650,1618,346,188987,2024-03-29 15:00:00,39,2,1,6,2
11932936,5663,5641,255,189744,2024-08-10 19:00:00,22,1,0,4,6
8819806,1664,1640,346,188096,2023-03-18 15:00:00,38,1,4,5,4
11340504,5677,5653,255,188756,2023-12-07 00:30:00,38,4,1,3,5
8819653,1621,10529,346,188096,2023-01-01 12:00:00,26,1,0,3,9
10607572,3185,3194,524,188994,2023-10-02 16:30:00,7,0,0,10,1
8819558,1655,1636,346,188096,2022-11-01 20:00:00,19,0,1,8,1
10572029,2500,2445,426,188974,2023-10-21 13:30:00,8,0,3,4,2
8823199,680,684,795,188124,2023-05-21 19:00:00,35,0,0,4,3
10480315,1612,1660,364,188989,2024-02-21 19:30:00,26,4,1,13,4
7517978,19830,3771,412,187374,2021-09-11 19:00:00,5,0,2,3,2
8819896,1635,1638,346,188096,2023-04-22 14:00:00,44,2,1,5,3
6593757,1640,1663,346,186333,2021-04-18 14:00:00,42,2,0,3,3
10567267,3779,3767,412,189971,2024-02-02 20:00:00,20,1,2,3,4
8819823,1664,10529,346,188096,2023-04-07 14:00:00,40,1,3,4,3
11932978,5651,5663,255,189744,2024-09-14 21:30:00,26,1,1,14,4
10518301,1640,1643,346,188987,2024-03-05 19:45:00,36,5,0,4,5
9967382,5707,5685,255,188756,2023-04-22 21:30:00,2,1,1,4,5
6632563,681,698,795,186267,2021-04-03 16:30:00,29,0,0,2,4
7606654,3193,3185,524,187528,2022-03-18 20:00:00,30,1,0,2,3
7485384,1631,1610,364,187475,2021-11-20 12:30:00,12,0,3,3,5
8785211,2453,2482,426,188082,2023-03-12 14:30:00,24,2,1,2,2
7536218,713,676,795,187526,2021-10-27 17:00:00,11,1,0,3,7
10521312,684,676,795,189012,2024-01-21 17:30:00,21,2,4,3,4
8822934,684,702,795,188124,2022-08-15 19:30:00,1,3,0,8,4
8823230,682,686,795,188124,2022-11-06 17:30:00,13,0,2,4,2
6593744,1641,1647,346,186333,2021-04-20 18:00:00,43,3,0,1,7
6632582,695,674,795,186267,2021-03-12 20:00:00,27,1,0,3,3
6425222,3777,19830,412,186243,2020-08-30 13:00:00,2,0,1,10,1
8341138,5646,5656,255,187965,2022-04-23 22:00:00,3,3,0,12,3
7606779,3176,3164,524,187528,2021-11-30 17:30:00,15,3,1,3,6
7512329,1640,1616,346,187482,2021-10-02 11:30:00,11,4,1,7,7
7606814,3194,3176,524,187528,2021-12-22 17:30:00,19,1,1,3,8
10572221,2460,2520,426,188974,2024-04-06 13:30:00,28,4,0,5,1
10518317,1627,1640,346,188987,2024-03-01 20:00:00,35,2,1,4,4
9967357,5640,5649,255,188756,2023-04-23,2,1,0,11,5
10518395,1634,1627,346,188987,2024-02-10 12:30:00,31,2,2,9,3
10607780,3172,3158,524,188994,2024-05-12 18:45:00,36,2,1,6,1
6632822,681,695,795,186267,2020-09-27 10:00:00,3,1,3,3,7
10572034,2447,2500,426,188974,2023-10-07 13:30:00,7,4,2,4,6
7512265,1640,1655,346,187482,2021-11-06 15:00:00,17,3,2,8,1
7512323,1641,1660,346,187482,2021-10-30 14:00:00,15,2,0,7,5
6639651,3161,3157,524,186353,2020-10-17 16:00:00,4,1,2,3,5
10567095,3780,19830,412,189971,2023-12-20 20:00:00,17,1,2,4,5
7246056,5673,5654,255,187168,2021-09-26 14:00:00,22,1,1,6,6
8826865,3194,3162,524,188160,2023-02-06 17:30:00,21,1,1,6,5
10518338,1643,1666,346,188987,2024-03-02 15:00:00,35,0,1,2,10
6542825,2462,2500,426,186265,2021-03-20 14:30:00,26,5,2,2,4
7517913,3802,19830,412,187374,2021-11-07 14:00:00,13,0,0,5,6
10518320,1639,1620,346,188987,2024-03-02 15:00:00,35,2,0,7,3
8823132,686,698,795,188124,2023-04-23 16:30:00,30,3,1,2,2
7246042,5663,5654,255,187168,2021-10-09 22:00:00,25,0,3,3,5
7606843,3157,3192,524,187528,2021-12-04 14:00:00,16,2,0,9,5
10607751,3192,3194,524,188994,2024-05-20 16:30:00,37,1,2,4,6
6589592,1625,1624,364,186810,2021-02-13 17:30:00,24,3,0,4,2
8823294,700,682,795,188124,2022-10-01 12:00:00,7,0,0,6,5
6425549,3788,3799,412,186243,2021-05-02 13:00:00,35,2,0,5,0
8634701,1673,1660,346,187482,2022-05-16 18:45:00,2,1,0,3,8
10480201,1629,1610,364,188989,2023-12-24 13:00:00,18,2,1,10,6
7512347,1627,1655,346,187482,2021-10-23 14:00:00,14,3,0,11,6
10480270,1625,1614,364,188989,2024-04-03 19:15:00,31,4,1,2,3
7246258,5707,5812,255,187168,2021-07-21 22:00:00,3,2,1,0,4
10521116,674,714,795,189012,2023-08-18 19:30:00,2,1,0,6,4
6185141,5648,5674,255,186667,2021-01-16 22:00:00,30,1,0,5,4
8823195,700,690,795,188124,2023-05-19 19:00:00,35,2,0,4,3
8776751,1610,1631,364,188095,2022-08-27 14:00:00,4,2,1,3,9
8777029,1669,1614,364,188095,2023-04-22 14:00:00,32,1,1,8,4
7511971,1673,1650,346,187482,2022-04-15 16:30:00,42,2,2,7,4
8826862,3161,3157,524,188160,2023-02-05 19:45:00,21,1,0,8,0
8785311,2463,2444,426,188082,2023-05-27 13:30:00,34,1,2,7,3
7517671,3772,3787,412,187374,2022-03-20 14:00:00,29,0,2,11,4
7535957,713,695,795,187526,2022-05-20 19:00:00,38,2,4,7,3
10572154,2500,2520,426,188974,2024-01-28 14:30:00,19,1,0,4,3
8776771,1628,1669,364,188095,2022-08-30 18:30:00,5,1,1,4,6
11932993,5640,5657,255,189744,2024-09-29 21:30:00,28,1,1,11,4
8826885,3166,3161,524,188160,2023-02-26 11:30:00,24,1,0,1,6
8785882,3803,3802,412,188122,2022-10-30 14:00:00,13,0,0,5,5
10572037,2520,2443,426,188974,2023-10-01 13:30:00,6,4,2,2,4
7517696,3797,3772,412,187374,2022-02-27 14:00:00,26,1,1,6,6
7246248,5650,5646,255,187168,2021-06-17 00:30:00,4,0,3,7,4
6184915,5654,5663,255,186667,2020-09-05 20:00:00,8,2,1,11,3
6593710,1663,1626,346,186333,2021-05-08 11:30:00,46,2,2,2,1
8785188,2454,2449,426,188082,2023-02-04 17:30:00,19,0,0,9,5
10521138,679,700,795,189012,2023-10-01 19:00:00,8,3,2,5,3
8826704,3187,3205,524,188160,2022-09-10 13:00:00,6,1,0,10,5
7246241,5677,5656,255,187168,2021-06-20 19:00:00,5,0,0,3,8
6425298,3787,3777,412,186243,2020-12-16 18:00:00,15,0,2,10,2
12281100,5638,5640,255,189744,2024-06-02 21:30:00,7,2,0,4,1
10572278,2462,2482,426,188974,2024-03-10 16:30:00,25,3,1,5,1
7485253,1625,1669,364,187475,2022-02-09 19:45:00,24,2,0,9,3
8777000,1642,1629,364,188095,2023-04-01 14:00:00,29,1,1,4,3
8823071,691,681,795,188124,2023-02-04 13:00:00,20,1,1,4,3
8776877,1610,1609,364,188095,2022-11-06 12:00:00,15,0,1,4,5
7516755,2975,2446,426,187511,2021-11-28 16:30:00,13,1,3,7,2
10521164,687,846,795,189012,2023-09-02 12:00:00,4,5,3,2,4
6632486,680,674,795,186267,2021-05-12 17:00:00,36,1,0,3,5
10518033,1640,1631,346,188987,2024-01-13 12:30:00,27,3,1,7,1
8341229,5650,5655,255,187965,2022-06-15 00:30:00,12,1,2,4,9
10517623,1634,1672,346,188987,2023-10-03 18:45:00,10,3,0,6,5
6185015,5648,5655,255,186667,2020-10-25 19:00:00,18,3,1,10,8
10572030,2454,2460,426,188974,2023-10-06 18:30:00,7,2,2,10,3
6589370,1613,1651,364,186810,2020-09-20 13:00:00,2,0,3,7,1
10480287,1660,1614,364,188989,2024-03-02 17:30:00,27,2,3,8,6
8785863,3799,3774,412,188122,2022-10-23 11:00:00,12,1,2,5,6
10521187,678,708,795,189012,2023-10-06 19:00:00,9,3,0,6,2
7512368,1627,1650,346,187482,2021-09-24 19:00:00,9,2,1,8,5
6425282,3772,3802,412,186243,2020-12-23 18:00:00,17,1,3,5,5
8826823,3185,3194,524,188160,2023-01-04 13:30:00,16,1,1,6,3
6425540,3777,3813,412,186243,2021-05-09 13:00:00,36,0,3,0,6
8826991,3185,3236,524,188160,2023-05-07 13:00:00,34,1,1,7,4
7512394,1664,1673,346,187482,2021-09-14 18:45:00,7,0,3,4,2
8822928,708,680,795,188124,2022-08-27 20:00:00,3,2,1,5,2
8786234,3780,3773,412,188122,2023-05-02 19:00:00,33,0,1,5,0
10521362,846,692,795,189012,2024-05-19 17:00:00,37,1,2,10,2
10572159,2448,2500,426,188974,2023-12-16 14:30:00,15,3,0,6,4
6542942,2459,2454,426,186265,2021-01-02 14:30:00,14,0,1,3,14
8826935,3168,3187,524,188160,2023-04-07 17:00:00,29,1,2,5,4
7517604,3799,3772,412,187374,2022-05-08 13:00:00,36,4,1,6,3
10521216,679,687,795,189012,2023-10-08 14:15:00,9,2,1,1,4
7518010,3774,3770,412,187374,2021-08-22 15:00:00,3,1,0,6,2
8819603,1673,10531,346,188096,2022-11-12 15:00:00,21,0,0,2,11
8826657,3315,3168,524,188160,2022-08-20 18:45:00,2,1,0,5,4
8785773,3767,3787,412,188122,2022-08-13 19:00:00,2,5,2,11,0
6594140,1666,1659,346,186333,2020-11-03 19:00:00,10,1,0,4,7
10572266,2462,2443,426,188974,2024-04-05 18:30:00,28,1,1,9,0
6632511,846,700,795,186267,2021-05-02 16:30:00,34,0,1,6,5
7606742,3157,3205,524,187528,2022-01-17 17:30:00,22,1,2,10,1
7517861,3802,3773,412,187374,2022-05-08 13:00:00,36,1,2,3,10
7512115,1672,1641,346,187482,2022-02-05 15:00:00,30,0,1,7,4
7512242,1663,1673,346,187482,2021-12-04 15:00:00,21,1,1,0,6
8785167,2444,2462,426,188082,2023-01-28 17:30:00,18,1,1,7,6
8341250,5685,5663,255,187965,2022-07-20 22:00:00,18,2,1,4,9
7516642,2454,2457,426,187511,2022-03-12 17:30:00,26,2,0,3,6
8819389,1637,1621,346,188096,2022-08-17 19:00:00,4,3,0,7,3
6589512,1624,1616,364,186810,2021-01-13 20:15:00,16,1,1,6,5
8341141,5663,5648,255,187965,2022-05-22 19:00:00,7,0,1,12,5
8776866,1623,1631,364,188095,2022-11-05 17:30:00,15,0,2,8,3
6184950,5649,5646,255,186667,2020-09-20 19:00:00,11,1,1,6,2
7606599,3162,3194,524,187528,2022-05-21 18:45:00,38,3,3,6,4
8776899,1610,1625,364,188095,2023-01-05 20:00:00,19,0,1,3,2
8786347,19830,3780,412,188122,2023-06-03 19:00:00,38,1,2,4,7
6632494,682,692,795,186267,2021-05-09 16:30:00,35,2,4,5,3
10607620,3315,3158,524,188994,2023-12-03 17:00:00,14,1,2,1,11
6594184,1666,1669,346,186333,2020-10-21 18:45:00,6,1,2,3,4
8785848,3776,3773,412,188122,2022-10-09 18:45:00,10,1,0,5,9
7606745,3193,3205,524,187528,2022-01-09 17:30:00,21,0,1,7,4
7536227,684,674,795,187526,2021-10-27 18:00:00,11,4,1,4,7
8819535,1620,1673,346,188096,2022-10-22 14:00:00,17,0,0,3,5
7606884,3159,3315,524,187528,2021-10-27 16:30:00,10,1,2,4,4
6184973,5663,5812,255,186667,2020-10-04 21:15:00,13,0,0,8,1
7517697,3777,3770,412,187374,2022-02-27 14:00:00,26,0,0,3,4
8819576,10529,1644,346,188096,2022-11-02 19:45:00,19,1,2,8,11
7536051,695,680,795,187526,2022-04-21 17:00:00,33,2,3,10,4
6639404,3161,3315,524,186353,2021-04-07 16:45:00,28,2,1,1,8
7606892,3193,3191,524,187528,2021-10-31 14:00:00,11,0,0,12,4
7606923,3315,3192,524,187528,2021-09-26 13:00:00,6,1,0,4,7
10607529,3163,3254,524,188994,2023-09-02 16:30:00,3,0,0,3,5
8785024,2445,2449,426,188082,2022-09-03 13:30:00,5,1,1,5,7
6185205,5655,5648,255,186667,2021-02-21 21:15:00,37,1,1,3,4
7606957,3178,3166,524,187528,2021-09-26 13:00:00,6,4,2,2,10
6639503,3219,3185,524,186353,2021-01-22 19:45:00,19,2,2,6,4
8823001,679,713,795,188124,2022-10-18 19:00:00,10,1,1,3,4
6593828,10529,1644,346,186333,2021-03-13 15:00:00,36,1,2,2,4
9967676,5677,5651,255,188756,2023-11-12 21:30:00,34,1,1,11,5
10480084,1646,1614,364,188989,2023-08-27 13:00:00,3,1,3,4,6
10607522,3176,3173,524,188994,2023-10-02 18:45:00,7,3,0,4,2
7512285,1636,1640,346,187482,2021-11-20 12:30:00,18,0,0,1,2
7606647,3192,3185,524,187528,2022-04-02 18:45:00,31,0,1,9,2
6184877,5638,5677,255,186667,2020-08-20 23:00:00,4,1,1,5,6
10521423,698,686,795,189012,2024-05-26 12:00:00,38,1,2,3,4
7517603,3774,3771,412,187374,2022-05-14 19:00:00,37,2,0,6,2
7518029,3774,3773,412,187374,2021-08-08 11:00:00,1,1,1,3,9
8819613,1618,1637,346,188096,2022-12-16 20:00:00,23,3,2,0,7
8826949,3163,3236,524,188160,2023-04-08 10:30:00,29,2,2,4,2
6593734,1663,1643,346,186333,2021-04-24 14:00:00,44,1,0,3,9
11932957,5640,5812,255,189744,2024-09-01 14:00:00,25,3,1,8,3
8819789,1644,1641,346,188096,2023-03-04 15:00:00,35,0,0,6,3
11932946,5707,5649,255,189744,2024-08-10 22:00:00,22,1,3,5,5
10521128,698,682,795,189012,2023-09-30 12:00:00,8,0,0,6,4
10518604,1626,1634,346,188987,2024-04-06 11:30:00,41,1,0,4,6
6632620,680,802,795,186267,2021-02-13 15:15:00,23,1,0,6,6
6542843,2457,2481,426,186265,2021-03-06 14:30:00,24,2,1,6,1
6542946,2462,2446,426,186265,2021-01-02 14:30:00,14,2,1,2,7
8341427,5660,5669,255,187965,2022-09-28 22:00:00,28,1,0,7,3
7536266,698,678,795,187526,2021-12-06 20:00:00,16,0,0,5,3
8819654,10531,1644,346,188096,2022-12-30 19:45:00,25,4,0,4,2
10567048,3777,3770,412,189971,2023-11-12 14:00:00,12,3,1,2,5
6593972,10529,1626,346,186333,2021-01-16 15:00:00,24,1,2,3,7
8777033,1651,1625,364,188095,2023-05-24 19:00:00,32,1,1,5,1
10572265,2500,2443,426,188974,2024-03-16 14:30:00,26,2,1,4,3
6589725,1627,1633,364,186810,2021-05-19 19:15:00,37,1,3,6,8
8823192,681,678,795,188124,2023-05-25 19:30:00,36,2,0,3,6
10567028,3766,3767,412,189971,2023-09-03 18:45:00,4,1,4,5,2
6639333,3164,3158,524,186353,2021-05-02 18:45:00,34,2,0,8,8
9967487,5657,5651,255,188756,2023-07-23 21:30:00,16,0,2,8,2
6184883,5669,5657,255,186667,2020-08-20 23:00:00,4,0,3,13,2
8826725,3163,3161,524,188160,2022-09-18 10:30:00,7,3,1,7,4
7516570,2462,2454,426,187511,2022-05-08 13:30:00,33,1,1,9,1
8785950,19830,3781,412,188122,2023-01-15 16:05:00,19,7,1,3,3
10572191,2453,2444,426,188974,2024-03-01 19:30:00,24,2,2,3,6
8785246,2444,2482,426,188082,2023-04-15 13:30:00,28,1,1,13,4
6639475,3172,3185,524,186353,2021-02-06 14:00:00,21,3,3,4,3
6425522,3803,3767,412,186243,2021-05-23 19:00:00,38,0,2,5,4
10607579,3176,3159,524,188994,2023-11-05 19:45:00,11,0,1,9,2
6542957,2454,2482,426,186265,2020-12-19 14:30:00,13,1,2,3,3
8819591,1627,1639,346,188096,2022-11-12 15:00:00,21,2,0,8,6
6543036,2457,2445,426,186265,2020-10-17 13:30:00,4,0,2,6,4
7511983,1663,1668,346,187482,2022-04-18 14:00:00,43,0,2,9,3
8785801,3787,3776,412,188122,2022-09-04 11:00:00,6,1,3,1,9
6594121,1659,1637,346,186333,2020-11-21 12:30:00,12,4,2,10,2
6632766,698,682,795,186267,2020-11-08 13:00:00,9,1,3,3,3
10521259,681,687,795,189012,2023-12-02 20:00:00,15,1,1,1,8
9967650,5707,5656,255,188756,2023-10-26 00:30:00,29,0,1,6,5
10480399,1636,1614,364,188989,2024-02-03 17:30:00,23,0,5,3,4
11632451,10529,1621,346,188987,2024-02-20 19:45:00,29,0,0,4,1
7517663,3782,3795,412,187374,2022-03-18 20:00:00,29,1,1,1,4
8341297,5656,5655,255,187965,2022-06-25 22:00:00,14,0,0,3,2
6594122,1644,1640,346,186333,2020-11-07 15:00:00,11,3,2,7,1
8785819,3795,3774,412,188122,2022-09-04 15:05:00,6,1,1,3,5
8819404,1641,1644,346,188096,2022-08-20 14:00:00,5,0,0,7,5
8785903,3771,3766,412,188122,2022-11-06 19:45:00,14,1,0,6,4
10521190,687,676,795,189012,2023-11-04 20:00:00,12,0,1,8,3
6542779,2453,2482,426,186265,2021-04-24 13:30:00,31,1,1,6,5
8826804,3176,3236,524,188160,2023-01-04 17:30:00,16,1,1,9,1
8776735,1631,1669,364,188095,2022-08-07 13:00:00,1,2,2,5,6
7246011,5812,5653,255,187168,2021-10-17 21:15:00,27,2,1,3,8
10517427,1632,1634,346,188987,2023-08-06 16:00:00,1,1,2,11,4
6185216,5669,5659,255,186667,2021-02-26 00:30:00,38,2,1,5,7
10517471,1631,10529,346,188987,2023-08-19 14:00:00,3,2,1,10,4
11932899,5659,5644,255,189744,2024-07-20 21:30:00,18,1,0,2,1
10517487,1666,1620,346,188987,2023-09-19 19:00:00,7,1,1,3,4
10518581,1638,1650,346,188987,2023-12-26 13:00:00,24,2,0,4,6
7246229,5646,5677,255,187168,2021-06-27 23:00:00,7,3,2,7,7
7512371,1616,1637,346,187482,2021-09-18 14:00:00,8,1,2,9,0
8827008,3194,3185,524,188160,2023-05-14 10:30:00,35,0,1,3,4
10567176,3802,3777,412,189971,2024-03-17 14:00:00,26,2,1,7,7
8777085,1642,1619,364,188095,2023-05-08 19:00:00,35,4,3,2,11
7517619,3787,3777,412,187374,2022-05-01 13:00:00,35,2,2,8,1
12337161,5641,5659,255,189744,2024-06-22 19:00:00,11,2,1,4,7
10572204,2520,2445,426,188974,2024-02-17 14:30:00,22,1,2,5,3
10518765,10529,1634,346,188987,2024-03-09 12:30:00,37,2,1,4,2
6594182,1639,1663,346,186333,2020-10-21 18:45:00,6,2,2,3,5
6425256,3774,3766,412,186243,2021-01-09 20:00:00,19,2,2,2,5
8786133,19830,3779,412,188122,2023-04-02 15:05:00,29,4,3,3,3
7536235,700,674,795,187526,2021-10-02 16:30:00,8,0,0,1,3
10480280,1614,1624,364,188989,2024-03-10 13:00:00,28,0,4,6,4
6593993,1643,1663,346,186333,2020-12-29 19:45:00,22,1,2,5,1
9967672,5657,5659,255,188756,2023-11-06 22:00:00,32,1,0,4,4
7512162,1647,1636,346,187482,2022-01-15 15:00:00,27,2,0,1,0
10607552,3163,3172,524,188994,2023-11-12 14:00:00,12,1,1,7,7
6632787,676,675,795,186267,2020-10-24 14:00:00,7,1,3,7,7
7517905,3787,3766,412,187374,2021-11-28 16:00:00,15,0,1,8,5
7246237,5654,5663,255,187168,2021-06-23 22:00:00,6,2,1,11,2
7516788,2460,2500,426,187511,2021-10-03 13:30:00,7,1,2,2,5
6542867,2445,2457,426,186265,2021-02-13 14:30:00,21,1,1,1,5
7485216,1612,1626,364,187475,2022-02-19 15:00:00,26,3,1,9,4
10518299,1644,10531,346,188987,2024-03-06 19:45:00,36,1,1,9,3
7512221,1640,1627,346,187482,2021-12-04 12:30:00,21,1,2,4,2
8819652,1626,1644,346,188096,2023-01-02 15:00:00,26,0,1,8,3
8819754,1644,1627,346,188096,2023-02-20 20:00:00,33,3,2,6,6
8819904,1626,1664,346,188096,2023-05-08 14:00:00,46,0,1,10,4
10607746,3187,3168,524,188994,2024-05-26 16:00:00,38,0,0,4,1
6594222,1669,1641,346,186333,2020-10-04 13:00:00,4,2,4,4,4
6639567,3158,3185,524,186353,2020-12-17 19:45:00,12,3,1,4,2
8785088,2444,2460,426,188082,2022-10-29 13:30:00,12,6,2,8,5
6632527,678,690,795,186267,2021-04-28 17:00:00,33,2,2,5,7
6425225,3803,3771,412,186243,2020-08-30 19:00:00,2,2,3,10,2
10572303,2451,2460,426,188974,2024-05-18 13:30:00,34,1,3,1,3
6632657,678,698,795,186267,2021-01-25 20:00:00,20,5,1,4,4
7512001,1672,1673,346,187482,2022-04-01 18:45:00,40,0,1,4,9
6185005,5648,5669,255,186667,2020-10-17 22:00:00,17,2,2,4,3
6589643,1624,1619,364,186810,2021-04-21 17:00:00,29,2,1,5,5
9967390,5656,5663,255,188756,2023-05-08 23:00:00,4,1,1,5,5
6632539,702,690,795,186267,2021-04-21 19:00:00,31,1,1,4,6
10518066,1627,1630,346,188987,2023-12-29 20:15:00,25,1,0,11,8
10518339,10531,1630,346,188987,2024-02-13 19:45:00,32,0,4,5,2
6589434,1646,1628,364,186810,2020-11-23 17:30:00,9,1,0,4,7
8786113,3776,3766,412,188122,2023-03-10 20:00:00,27,3,3,4,0
7512179,1618,1650,346,187482,2022-01-02 14:00:00,26,1,2,1,2
6543011,2975,2453,426,186265,2020-11-07 14:30:00,7,3,0,3,4
10607855,3178,3173,524,188994,2024-03-03 14:00:00,27,0,1,9,2
9967579,5653,5660,255,188756,2023-10-08 21:30:00,26,1,2,2,5
10567112,3802,3779,412,189971,2023-12-01 20:00:00,14,2,1,4,5
6593772,10531,1641,346,186333,2021-04-05 14:00:00,40,0,1,1,6
10480239,1636,1669,364,188989,2023-12-09 15:00:00,16,1,0,3,3
8341360,5666,5656,255,187965,2022-08-06 22:00:00,21,1,1,2,8
8819426,1632,1626,346,188096,2022-08-27 11:30:00,6,0,1,8,7
7485178,1651,1612,364,187475,2022-03-12 12:30:00,29,0,2,7,5
10518620,1639,1649,346,188987,2024-04-20 14:00:00,44,3,0,7,3
6425202,3777,3802,412,186243,2020-09-20 13:00:00,4,2,1,8,5
10518047,1620,1640,346,188987,2024-01-01 15:00:00,26,1,3,12,9
7535905,846,674,795,187526,2021-08-21 17:30:00,2,1,1,2,6
10480296,1610,1613,364,188989,2024-03-11 20:00:00,28,3,2,0,4
10517784,1655,1620,346,188987,2023-11-25 15:00:00,17,3,2,3,8
7511976,1639,1655,346,187482,2022-04-15 14:00:00,42,0,1,6,0
8341336,5812,5653,255,187965,2022-09-04 21:00:00,25,0,2,5,3
7245981,5653,5673,255,187168,2021-11-07 19:00:00,30,1,0,9,1
10480064,1651,1660,364,188989,2023-08-12 14:00:00,1,4,1,6,7
10480335,1616,1612,364,188989,2024-04-21 15:30:00,34,1,3,1,4
10480115,1609,1625,364,188989,2023-10-08 15:30:00,8,1,0,5,4
7536198,686,700,795,187526,2022-02-05 15:15:00,23,2,1,6,4
6589706,1651,1633,364,186810,2021-05-15 19:00:00,36,1,1,3,3
8776754,1623,1642,364,188095,2022-08-20 14:00:00,3,1,1,6,2
7516730,2453,2482,426,187511,2021-12-11 14:30:00,15,1,2,6,7
6593723,1618,10529,346,186333,2021-05-01 14:00:00,45,0,4,4,4
8776830,1628,1630,364,188095,2022-10-09 13:00:00,10,2,1,5,3
10480110,1660,1629,364,188989,2023-09-23 14:00:00,6,1,1,10,1
7376400,1659,1669,346,186333,2021-05-17 17:00:00,1,1,0,4,5
8341477,5654,5666,255,187965,2022-11-12 19:00:00,38,1,2,10,3
10517621,1630,1650,346,188987,2023-10-04 18:45:00,10,1,0,8,0
6425432,3772,3767,412,186243,2021-03-03 20:00:00,28,0,1,8,1
6185057,5643,5646,255,186667,2020-11-22,22,1,0,1,4
8341234,5650,5651,255,187965,2022-06-08 22:00:00,10,1,3,11,5
6542868,2443,2453,426,186265,2021-02-13 14:30:00,21,0,0,4,1
6594170,1644,1659,346,186333,2020-10-24 11:30:00,7,1,1,3,10
8785218,2482,2447,426,188082,2023-02-25 14:30:00,22,0,1,12,11
6184894,5643,5812,255,186667,2020-08-23,5,2,0,3,11
7512048,1664,1637,346,187482,2022-02-26 15:00:00,35,4,1,7,2
8341208,5643,5644,255,187965,2022-06-15 23:30:00,12,1,2,8,2
7512252,1637,1642,346,187482,2021-11-20 15:00:00,18,1,1,5,4
6589715,1628,1614,364,186810,2021-05-16 11:00:00,36,3,2,7,7
11933093,5651,5685,255,189744,2024-12-05 23:00:00,37,1,2,6,5
7512392,1637,1668,346,187482,2021-09-14 19:00:00,7,3,1,3,5
7485449,1611,1613,364,187475,2021-09-11 14:00:00,4,4,1,7,3
8341364,5673,5666,255,187965,2022-07-31 21:00:00,20,3,1,7,7
6593956,1669,1660,346,186333,2021-01-20 19:00:00,25,1,0,6,5
10517473,1650,1634,346,188987,2023-08-19 14:00:00,3,0,1,5,4
10572281,2658,2460,426,188974,2024-05-05 17:30:00,32,1,1,6,3
8776759,1614,1633,364,188095,2022-08-28 13:00:00,4,0,1,3,2
11932944,5649,5677,255,189744,2024-08-17 19:00:00,23,0,2,1,5
8785245,2447,2500,426,188082,2023-04-08 13:30:00,27,2,1,8,0
8823345,690,686,795,188124,2023-04-09 12:00:00,28,3,3,1,2
6639597,3157,3176,524,186353,2020-11-29 14:00:00,9,2,0,3,6
7511937,1659,1638,346,187482,2022-05-07 11:30:00,46,1,0,6,5
6425521,3773,19830,412,186243,2021-05-23 19:00:00,38,0,0,2,7
8341285,5646,5651,255,187965,2022-07-03,15,0,2,9,2
8341274,5660,5650,255,187965,2022-07-10 14:00:00,16,2,2,11,7
10607772,3178,3187,524,188994,2024-04-20 16:00:00,33,1,0,2,8
6639624,3194,3219,524,186353,2020-11-02 19:45:00,6,3,1,4,5
7606892,3193,3191,524,187528,2021-10-31 14:00:00,11,0,0,12,4
8785920,3767,3779,412,188122,2022-12-28 20:00:00,16,2,1,8,3
7485428,1629,1613,364,187475,2021-10-02 14:00:00,7,2,1,0,4
10480142,1651,1669,364,188989,2023-12-06 19:30:00,15,2,1,7,3
7512355,1639,1627,346,187482,2021-10-01 18:45:00,11,1,0,1,5
8826791,3205,3163,524,188160,2022-11-08 17:30:00,14,1,1,9,0
7485211,1609,1669,364,187475,2022-02-19 15:00:00,26,2,1,14,0
10607517,3159,3162,524,188994,2023-09-16 13:00:00,4,3,1,7,9
10521379,681,684,795,189012,2024-05-05 12:00:00,34,0,2,8,5
10518787,1655,10531,346,188987,2024-03-10 12:30:00,37,1,0,3,6
6632677,692,682,795,186267,2021-01-08 20:00:00,18,0,4,3,4
10518314,1630,1631,346,188987,2024-02-23 20:00:00,34,3,1,2,5
6632618,678,682,795,186267,2021-02-21 20:00:00,24,1,1,6,0
11932852,5663,5650,255,189744,2024-06-30 19:00:00,13,2,1,8,5
8341125,5673,5659,255,187965,2022-05-22,7,1,1,3,5
6632836,692,674,795,186267,2020-09-19 19:00:00,2,2,1,6,6
6185213,5660,5669,255,186667,2021-02-20 21:30:00,37,0,2,7,5
6632721,674,678,795,186267,2020-12-12 13:00:00,13,2,2,0,10
10518589,1649,1631,346,188987,2024-04-12 19:00:00,43,1,0,0,13
8819481,1660,1621,346,188096,2022-09-17 14:00:00,11,2,0,4,3
8819478,10529,1646,346,188096,2022-10-01 14:00:00,12,1,1,9,1
8826924,3161,3159,524,188160,2023-03-19 19:45:00,27,0,1,6,4
7245931,5655,5819,255,187168,2021-11-17 22:00:00,33,2,0,2,5
7536219,675,681,795,187526,2021-10-27 19:30:00,11,0,0,11,3
8341402,5650,5656,255,187965,2022-10-05 00:30:00,30,2,2,2,5
7536044,698,682,795,187526,2022-04-16 19:00:00,32,1,2,6,6
10518579,1618,1639,346,188987,2023-12-26 17:15:00,24,1,3,5,3
7606635,3157,3193,524,187528,2022-04-15 19:00:00,33,2,0,3,1
8785146,2453,2500,426,188082,2022-11-13 16:30:00,15,4,1,2,1
6593829,1621,1669,346,186333,2021-03-12 19:45:00,36,0,1,2,3
10356721,1640,1660,346,188096,2023-05-27 15:45:00,1,1,1,4,6
6594130,10529,1655,346,186333,2020-11-06 18:00:00,11,0,1,11,2
9967427,5660,5655,255,188756,2023-06-10 19:00:00,10,0,0,8,3
10607744,3194,3161,524,188994,2024-05-26 18:45:00,38,2,2,9,3
8823339,675,702,795,188124,2023-02-15 20:00:00,21,4,0,6,4
7606684,3162,3187,524,187528,2022-02-27 19:45:00,27,1,2,1,5
7606736,3172,3173,524,187528,2022-02-06 11:30:00,24,1,2,3,1
10567253,19830,3802,412,189971,2024-01-13 16:00:00,18,1,3,6,6
8826818,3315,3164,524,188160,2023-01-04 11:30:00,16,1,2,9,1
10518321,1650,1627,346,188987,2024-03-06 20:00:00,36,2,2,19,4
10518576,10529,1649,346,188987,2023-12-26 15:00:00,24,2,2,7,3
8785804,3780,3767,412,188122,2022-08-31 19:00:00,5,0,3,3,9
6594229,1673,1642,346,186333,2020-09-25 18:45:00,3,1,0,3,4
7485183,1644,1609,364,187475,2022-03-06 14:00:00,28,2,3,1,5
6425507,3771,3813,412,186243,2021-01-16 16:00:00,20,1,2,7,3
8826809,3236,3192,524,188160,2022-11-13 14:00:00,15,3,0,6,1
7245961,5648,5646,255,187168,2021-11-14 21:15:00,32,2,1,5,2
7535963,681,686,795,187526,2022-05-22 18:00:00,38,0,2,5,7
6632561,687,678,795,186267,2021-04-07 19:00:00,29,1,1,3,6
10480285,1609,1669,364,188989,2024-03-09 17:30:00,28,2,1,10,4
8777004,1669,1631,364,188095,2023-03-18 15:00:00,28,1,1,8,4
7246108,5707,5663,255,187168,2021-12-06 23:00:00,37,1,0,1,2
7517716,3767,3774,412,187374,2022-02-11 20:00:00,24,1,0,5,3
6425247,3770,3803,412,186243,2020-10-18 13:00:00,7,3,1,2,6
8826906,3236,3178,524,188160,2023-03-04 14:00:00,25,2,1,1,8
8786134,3773,3799,412,188122,2023-03-18 20:00:00,28,3,0,4,4
7485223,1619,1623,364,187475,2022-02-19 15:00:00,26,2,0,4,4
7485162,1669,1633,364,187475,2022-04-10 13:00:00,32,2,0,4,6
6185031,5674,5651,255,186667,2020-11-01 19:00:00,19,1,0,2,5
10607547,3178,3161,524,188994,2023-09-24 10:30:00,5,0,1,3,6
10517437,1618,1638,346,188987,2023-09-02 11:30:00,5,1,1,1,3
8341321,5653,5643,255,187965,2022-08-20 19:30:00,23,0,1,7,0
7511923,1660,1637,346,187482,2022-05-07 11:30:00,46,1,0,1,4
8826976,3157,3235,524,188160,2023-05-03 19:00:00,33,1,1,10,0
6639563,3172,3158,524,186353,2020-12-20 17:00:00,13,4,1,2,2
6542751,2500,2975,426,186265,2021-05-22 13:30:00,34,2,1,7,3
7516817,2460,2453,426,187511,2021-09-18 13:30:00,5,0,0,4,4
9967459,5673,5640,255,188756,2023-05-14 21:30:00,6,0,4,5,6
6425445,3767,19830,412,186243,2021-02-21 20:00:00,26,0,2,3,2
7485456,1624,1610,364,187475,2021-09-19 15:30:00,5,0,3,5,11
10480107,1611,1669,364,188989,2023-10-07 14:00:00,8,2,1,7,5
10517499,1621,1620,346,188987,2023-09-16 14:00:00,6,2,1,5,9
7606952,3187,3159,524,187528,2021-09-11 16:00:00,3,2,1,13,1
7512159,1640,1660,346,187482,2022-03-08 19:45:00,26,0,1,2,2
6594235,1659,1626,346,186333,2020-09-27 15:00:00,3,1,0,3,8
6589435,1616,1623,364,186810,2020-11-22 12:00:00,9,2,3,2,5
10518337,1655,10529,346,188987,2024-03-02 12:30:00,35,0,1,8,3
6542823,2449,2454,426,186265,2021-03-20 17:30:00,26,0,3,2,7
11932905,5648,5646,255,189744,2024-07-25 00:30:00,19,1,0,4,2
7536404,700,691,795,187526,2022-01-18 20:30:00,21,2,2,3,2
8823185,702,680,795,188124,2023-05-24 17:30:00,36,1,1,9,5
6184926,5657,5812,255,186667,2020-09-11,9,1,2,1,4
8785766,3779,19830,412,188122,2022-08-06 15:00:00,1,1,2,3,7
7512406,1660,1640,346,187482,2021-09-29 18:45:00,10,5,0,5,7
6425566,3813,3779,412,186243,2021-04-18 13:00:00,33,1,1,2,1
7512408,1650,1663,346,187482,2021-08-21 11:30:00,4,2,2,6,9
10572023,2448,2447,426,188974,2023-08-26 13:30:00,2,1,1,5,4
7517625,3775,3795,412,187374,2022-04-24 13:00:00,34,1,0,7,3
6185188,5812,5655,255,186667,2021-02-07,35,1,1,0,10
10607496,3176,3168,524,188994,2023-08-27 16:30:00,2,2,2,3,3
6593791,10529,1642,346,186333,2021-04-02 14:00:00,39,0,1,6,4
6184980,5649,5660,255,186667,2020-10-07 22:15:00,14,2,1,6,6
10572214,2447,2446,426,188974,2024-04-21 15:30:00,30,1,1,2,6
10521405,846,675,795,189012,2024-05-11 16:30:00,35,0,4,8,5
8823095,681,692,795,188124,2023-03-06 20:00:00,24,0,0,6,4
7517870,3775,3776,412,187374,2022-05-14 19:00:00,37,1,3,10,3
6542796,2453,2449,426,186265,2021-04-17 13:30:00,29,4,0,3,4
6589452,1627,1636,364,186810,2020-11-28 20:00:00,10,1,0,14,9
6425229,3775,3773,412,186243,2020-08-23 15:00:00,1,2,1,1,7
6425440,3804,3767,412,186243,2021-02-27 16:00:00,27,0,4,2,4
7606602,3187,3193,524,187528,2022-05-15 13:00:00,37,3,0,9,2
6425240,3779,3766,412,186243,2020-10-18 11:00:00,7,2,3,4,2
7512118,1659,1618,346,187482,2022-02-09 19:45:00,31,3,1,5,8
6594011,1663,1673,346,186333,2020-12-26 15:00:00,21,2,1,5,4
8823189,681,708,795,188124,2023-05-13 14:15:00,34,3,1,4,1
7512108,1618,1660,346,187482,2022-02-12 15:00:00,32,3,0,0,7
6594026,1620,1660,346,186333,2020-12-16 19:00:00,19,1,0,4,8
7517675,3799,3802,412,187374,2022-03-13 14:00:00,28,0,1,4,2
10607762,3236,3254,524,188994,2024-05-19 13:00:00,37,0,1,3,4
6593808,1678,1663,346,186333,2021-03-17 19:00:00,37,1,3,5,8
6639341,3187,3194,524,186353,2021-05-23 18:45:00,38,1,1,5,3
9967452,5655,5644,255,188756,2023-06-04,9,1,1,5,5
8819815,1620,1646,346,188096,2023-04-07 19:00:00,40,1,2,1,2
8785080,2445,2500,426,188082,2022-10-09 17:30:00,9,0,1,2,5
7516777,2446,2469,426,187511,2021-12-04 14:30:00,14,7,1,4,3
10480078,1612,1659,364,188989,2023-08-19 14:00:00,2,3,1,10,2
6639408,3160,3193,524,186353,2021-03-19 19:45:00,28,1,2,1,3
7512302,1637,1664,346,187482,2021-10-20 19:00:00,13,2,3,0,7
9967601,5638,5663,255,188756,2023-09-21 00:30:00,24,1,2,9,0
8819437,1672,1636,346,188096,2022-09-04 14:00:00,8,0,2,6,1
6639335,3163,3159,524,186353,2021-05-02 16:00:00,34,1,2,2,6
8776912,1633,1669,364,188095,2022-12-30 19:45:00,18,0,2,8,1
7511955,1650,1647,346,187482,2022-04-18 14:00:00,43,1,0,6,5
10607583,3173,3193,524,188994,2023-11-05 14:00:00,11,2,1,1,1
7517936,3774,3767,412,187374,2021-10-03 11:00:00,9,2,0,4,4
6184924,5812,5649,255,186667,2020-09-06 22:00:00,8,1,1,3,3
11873129,5650,5812,255,189744,2024-06-05 22:00:00,5,1,0,4,7
10518608,1649,1650,346,188987,2024-04-09 18:45:00,42,1,1,10,4
10521292,700,684,795,189012,2024-02-09 20:00:00,24,0,2,5,3
8785210,2447,2975,426,188082,2023-03-03 19:30:00,23,2,1,4,6
7485191,1623,1625,364,187475,2022-02-26 17:30:00,27,0,1,3,4
8785224,2463,2451,426,188082,2023-02-25 14:30:00,22,0,2,10,2
10567229,3797,3779,412,189971,2024-01-28 14:00:00,19,1,1,5,2
6639519,3157,3185,524,186353,2021-01-09 19:45:00,17,2,0,7,5
10566976,3767,3773,412,189971,2023-08-26 19:00:00,3,3,1,4,5
8819583,1646,1643,346,188096,2022-11-02 19:45:00,19,3,2,7,3
10572161,2454,2481,426,188974,2024-01-21 16:30:00,18,1,2,5,7
8785931,3787,3771,412,188122,2023-01-02 18:00:00,17,1,2,5,7
7536336,675,700,795,187526,2021-12-19 20:00:00,18,0,0,13,2
7606926,3315,3161,524,187528,2021-10-02 18:45:00,7,1,2,6,8
10480152,1623,1651,364,188989,2023-11-04 15:00:00,11,1,1,3,3
7485385,1651,1613,364,187475,2021-11-06 17:30:00,11,1,1,2,5
8785823,3788,3770,412,188122,2022-09-11 13:00:00,7,3,2,2,5
8785230,2481,2449,426,188082,2023-03-18 14:30:00,25,1,1,9,6
11340307,5673,5654,255,188756,2023-11-26 21:30:00,35,0,3,3,7
7246191,5677,5650,255,187168,2021-07-07 21:00:00,10,1,0,3,2
7606842,3315,3173,524,187528,2021-11-21 11:30:00,13,2,2,6,5
6542789,2462,2481,426,186265,2021-04-20 18:30:00,30,2,0,7,5
6632576,684,695,795,186267,2021-03-19 20:00:00,28,2,0,4,1
6639480,3176,3161,524,186353,2021-02-05 19:45:00,21,0,2,7,7
7511959,1664,1618,346,187482,2022-04-18 14:00:00,43,6,1,10,7
7516819,2482,2463,426,187511,2021-10-15 18:30:00,8,5,0,3,3
8823149,690,756,795,188124,2023-04-22 16:30:00,30,1,0,5,7
7516809,2459,2447,426,187511,2021-10-23 13:30:00,9,1,3,7,2
7246219,5812,5685,255,187168,2021-06-28 23:00:00,7,0,1,5,8
7517673,3776,3772,412,187374,2022-04-02 17:00:00,30,0,0,7,2
11933046,5654,5653,255,189744,2024-11-13 23:00:00,33,0,0,7,4
7485302,1646,1624,364,187475,2022-02-23 19:30:00,13,1,0,3,7
10572292,2448,2482,426,188974,2024-04-26 18:30:00,31,3,2,10,4
7246095,5646,5651,255,187168,2021-08-29,18,2,1,8,3
8777074,1612,1624,364,188095,2023-04-30 15:30:00,34,4,3,4,2
7485279,1633,1626,364,187475,2022-01-12 19:45:00,18,2,0,11,2
8341267,5673,5646,255,187965,2022-07-21 23:00:00,18,0,1,7,7
10517781,1672,1644,346,188987,2023-12-02 15:00:00,19,1,2,8,1
10518666,10531,1650,346,188987,2024-04-01 14:00:00,40,0,1,7,4
10480408,1629,1669,364,188989,2024-02-10 15:00:00,24,0,2,7,4
6425436,3813,3770,412,186243,2021-02-28 14:00:00,27,1,1,1,8
8826708,3315,3163,524,188160,2022-09-11 13:00:00,6,1,3,5,6
7516701,2444,2454,426,187511,2022-01-07 19:30:00,18,1,2,6,6
12337158,5646,5685,255,189744,2024-06-21 00:30:00,10,2,1,10,3
11933043,5651,5642,255,189744,2024-11-02 21:30:00,32,1,2,9,3
6589427,1623,1611,364,186810,2020-11-07 12:30:00,8,1,3,4,2
6593782,1669,1618,346,186333,2021-04-06 18:00:00,40,0,0,5,3
10521163,681,676,795,189012,2023-09-03 19:00:00,4,1,2,8,5
10572242,2443,2658,426,188974,2024-02-10 14:30:00,21,1,2,5,10
6593762,1650,1666,346,186333,2021-04-10 14:00:00,41,4,1,2,4
7516824,2453,2975,426,187511,2021-10-16 13:30:00,8,1,1,8,5
10607851,3254,3162,524,188994,2024-03-16 19:45:00,29,2,3,9,4
6593889,1640,1669,346,186333,2021-02-20 12:30:00,31,2,0,4,7
8785787,3780,3788,412,188122,2022-08-21 13:00:00,3,2,2,3,6
8785133,2481,2453,426,188082,2022-08-06 13:30:00,1,0,4,5,8
7536067,713,674,795,187526,2022-04-11 19:00:00,31,1,1,5,4
7535965,846,691,795,187526,2022-05-22 18:00:00,38,0,0,7,3
8341253,5648,5685,255,187965,2022-07-24 19:00:00,19,2,1,9,5
10607843,3315,3163,524,188994,2024-04-01 13:00:00,30,1,1,10,1
9967467,5660,5648,255,188756,2023-07-24 22:00:00,16,2,0,7,11
8827005,3178,3159,524,188160,2023-05-22 18:45:00,36,4,1,3,7
7516589,2482,2469,426,187511,2022-04-17 15:30:00,30,0,0,10,1
10521477,700,692,795,189012,2024-02-25 13:00:00,26,2,2,9,1
7246277,5646,5819,255,187168,2021-06-06 21:15:00,2,3,1,5,3
8819655,1639,1641,346,188096,2023-01-02 15:00:00,26,0,1,4,7
8826929,3192,3166,524,188160,2023-03-18 17:00:00,27,2,2,5,4
7512029,1639,1638,346,187482,2022-03-19 15:00:00,39,2,0,4,4
10518945,1632,1666,346,188987,2024-05-04 11:30:00,46,0,2,6,5
7512177,1642,1663,346,187482,2022-01-25 19:45:00,26,3,0,12,0
7512046,1638,1620,346,187482,2022-03-12 15:00:00,37,0,0,8,6
8785161,2463,2975,426,188082,2023-02-04 14:30:00,19,0,0,5,1
6543016,2449,2445,426,186265,2020-10-30 19:30:00,6,1,1,3,4
8786348,3773,3781,412,188122,2023-05-27 19:00:00,37,3,0,9,2
10480179,1623,1611,364,188989,2023-11-26 16:30:00,13,0,3,6,5
10480312,1636,1651,364,188989,2024-02-18 14:00:00,25,0,5,5,10
8826901,3158,3159,524,188160,2023-03-05 19:45:00,25,1,0,2,6
11340315,5649,5643,255,188756,2023-11-30 22:00:00,36,2,1,6,3
8341339,5673,5653,255,187965,2022-08-28 19:00:00,24,1,1,6,1
8819698,1672,1650,346,188096,2023-01-28 15:00:00,29,3,0,4,5
8341193,5666,5638,255,187965,2022-06-04 22:00:00,9,1,1,4,8
8785901,3767,3769,412,188122,2022-11-13 12:00:00,15,5,0,3,7
10480322,1636,1642,364,188989,2024-05-04 14:00:00,36,1,3,5,3
6593709,1621,1618,346,186333,2021-05-08 11:30:00,46,5,2,5,1
10517466,1666,1641,346,188987,2023-08-19 14:00:00,3,0,1,0,4
7606661,3166,3172,524,187528,2022-03-20 19:45:00,30,0,1,6,3
9967632,5649,5677,255,188756,2023-11-04 22:30:00,32,1,0,5,4
10480100,1614,1628,364,188989,2023-09-16 14:00:00,5,3,1,4,2
8826718,3187,3185,524,188160,2022-10-01 13:00:00,8,3,1,4,4
8819507,1664,1644,346,188096,2022-10-08 14:00:00,14,3,1,5,7
6593766,1647,1626,346,186333,2021-04-10 14:00:00,41,0,1,5,5
6639592,3176,3193,524,186353,2020-12-07 19:45:00,10,1,1,5,1
8785217,2460,2454,426,188082,2023-02-24 19:30:00,22,4,0,3,3
10480203,1642,1611,364,188989,2023-12-30 17:30:00,20,2,1,4,5
7246015,5653,5669,255,187168,2021-10-09 19:30:00,25,3,1,8,5
6639394,3172,3163,524,186353,2021-04-03 13:00:00,29,3,2,4,1
7536387,678,675,795,187526,2021-12-22 20:30:00,21,1,2,7,0
6594044,1647,1639,346,186333,2020-12-12 15:00:00,18,0,0,8,3
6543053,2457,2462,426,186265,2020-09-25 18:30:00,2,1,3,4,3
7517642,3771,3787,412,187374,2022-04-10 19:00:00,31,2,0,0,8
11873154,5651,5707,255,189744,2024-04-14 19:00:00,1,4,0,7,0
7246253,5644,5653,255,187168,2021-06-16 22:00:00,4,0,1,8,1
8776804,1624,1631,364,188095,2022-09-17 16:30:00,8,6,2,6,1
8819391,1632,1650,346,188096,2022-08-13 14:00:00,3,2,2,4,3
6639348,3205,3158,524,186353,2021-05-23 18:45:00,38,2,2,5,2
6425481,3804,3766,412,186243,2021-02-03 20:00:00,23,0,1,1,6
8823308,679,676,795,188124,2023-01-08 20:00:00,16,0,1,7,4
7536406,675,674,795,187526,2022-01-08 20:00:00,20,4,1,3,8
9967359,5657,5677,255,188756,2023-05-01 23:00:00,3,0,1,7,6
7485264,1629,1644,364,187475,2022-03-10 19:30:00,19,4,0,5,2
7485208,1651,1614,364,187475,2022-02-26 15:00:00,27,0,2,7,2
6542811,2445,2443,426,186265,2021-04-04 13:30:00,27,1,0,6,0
6185140,5646,5649,255,186667,2021-01-16 00:30:00,30,1,1,3,7
10521474,698,714,795,189012,2024-03-02 17:30:00,27,3,3,4,4
8823042,676,698,795,188124,2023-01-22 17:30:00,18,1,0,4,2
10572192,2454,2448,426,188974,2024-02-24 14:30:00,23,5,2,5,6
10572059,2500,2482,426,188974,2023-09-23 13:30:00,5,0,2,11,6
8786344,3795,3776,412,188122,2023-06-03 19:00:00,38,1,1,2,8
10518160,1643,1627,346,188987,2023-12-12 19:45:00,21,0,2,1,2
6589394,1628,1651,364,186810,2020-10-18 13:00:00,5,1,1,2,5
8785944,3802,3775,412,188122,2023-01-15 14:00:00,19,0,0,5,3
10521105,708,675,795,189012,2023-08-19 17:30:00,2,1,3,4,5
6542948,2447,2451,426,186265,2021-01-03 14:30:00,14,2,0,10,5
8826679,3163,3176,524,188160,2022-08-31 16:30:00,4,1,0,3,7
10480211,1642,1659,364,188989,2023-12-23 15:00:00,18,2,3,6,6
10607710,3315,3187,524,188994,2024-02-28 17:00:00,21,1,6,5,10
8341412,5655,5651,255,187965,2022-09-28,28,2,0,5,4
7517748,3779,3787,412,187374,2022-01-16 14:00:00,21,3,1,7,3
6425556,3774,3804,412,186243,2021-04-25 13:00:00,34,5,1,8,2
6632573,802,681,795,186267,2021-03-20 17:30:00,28,0,0,5,1
7246273,5663,5644,255,187168,2021-06-06 19:00:00,2,5,1,1,4
8826723,3185,3315,524,188160,2022-09-17 18:45:00,7,0,1,4,3
7246275,5648,5707,255,187168,2021-06-06 14:00:00,2,1,0,0,1
8785218,2482,2447,426,188082,2023-02-25 14:30:00,22,0,1,12,11
6632606,701,802,795,186267,2021-02-27 13:00:00,25,1,1,6,2
8776861,1659,1614,364,188095,2022-08-06 14:00:00,1,2,0,5,5
6589726,1609,1651,364,186810,2021-05-23 15:00:00,38,2,0,11,3
6639443,3173,3166,524,186353,2021-03-03 19:45:00,25,1,0,10,4
10567274,3787,3777,412,189971,2024-02-18 14:00:00,22,3,0,7,4
8777041,1623,1616,364,188095,2023-04-15 14:00:00,31,1,3,4,7
7512164,1627,1641,346,187482,2022-01-26 20:00:00,25,0,2,3,4
6589367,1631,1646,364,186810,2020-09-20 18:00:00,2,4,2,15,4
7246208,5707,5654,255,187168,2021-07-01 23:00:00,8,0,2,1,5
12862270,5657,5707,255,189744,2024-10-24 22:00:00,19,1,0,3,2
12281098,5653,5677,255,189744,2024-06-02 19:00:00,7,1,1,5,4
6589449,1625,1646,364,186810,2020-11-28 15:00:00,10,5,0,6,4
6632712,846,684,795,186267,2020-12-20 15:15:00,14,2,0,1,10
6593741,1673,1663,346,186333,2021-04-21 18:45:00,43,0,1,4,6
10480086,1623,1616,364,188989,2023-08-12 14:00:00,1,0,1,11,4
8823080,678,756,795,188124,2023-02-26 13:00:00,23,2,3,11,3
6639551,3159,3176,524,186353,2020-12-22 19:45:00,14,0,3,5,5
6632534,675,684,795,186267,2021-04-24 19:00:00,32,0,0,8,2
10480189,1616,1611,364,188989,2023-11-04 12:30:00,11,0,1,9,4
10480109,1629,1625,364,188989,2023-09-30 14:00:00,7,2,1,0,6
8785883,3773,3780,412,188122,2022-10-28 19:00:00,13,3,0,6,8
6594079,1643,1669,346,186333,2020-12-01 20:00:00,15,0,2,6,3
8777072,1625,1630,364,188095,2023-05-06 14:00:00,35,2,1,10,1
6632788,679,684,795,186267,2020-10-24 19:00:00,7,2,0,8,5
8819757,1643,1650,346,188096,2023-03-04 15:00:00,35,3,1,7,8
6425312,3773,3787,412,186243,2020-12-12 20:00:00,14,2,3,6,4
6425198,3774,19830,412,186243,2020-09-19 19:00:00,4,2,1,9,10
7536224,691,846,795,187526,2021-11-06 13:00:00,13,2,0,5,3
7606668,3161,3176,524,187528,2022-03-19 17:00:00,30,1,1,5,3
10607800,3185,3159,524,188994,2024-04-13 16:00:00,32,0,0,6,2
7485408,1624,1611,364,187475,2021-10-30 16:30:00,10,0,3,10,1
6589732,1625,1623,364,186810,2021-05-23 15:00:00,38,5,0,7,5
10607722,3159,3176,524,188994,2024-04-07 18:45:00,31,1,0,5,6
6632471,802,674,795,186267,2021-05-22 16:00:00,38,0,0,9,3
6632685,701,846,795,186267,2021-01-03 17:30:00,17,2,0,4,2
6632816,701,702,795,186267,2020-09-30 19:30:00,4,0,1,3,2
7536139,684,679,795,187526,2022-03-06 20:00:00,27,1,3,10,3
8823352,682,676,795,188124,2023-02-12 20:00:00,21,0,1,6,2
8819361,1626,1635,346,188096,2022-08-06 11:30:00,2,1,1,9,0
7245982,5649,5646,255,187168,2021-10-31 19:00:00,29,1,3,4,2
13018400,5653,5649,255,189744,2024-10-09 22:30:00,6,2,1,4,10
6639317,3185,3157,524,186353,2021-05-12 18:45:00,36,0,7,2.5,3.4
8341210,5663,5651,255,187965,2022-06-12 22:00:00,11,0,0,7,1
6184966,5659,5648,255,186667,2020-10-04 14:00:00,13,1,1,7,4
10607846,3168,3178,524,188994,2024-04-13 13:00:00,32,1,0,10,3
8826677,3166,3192,524,188160,2022-09-01 18:45:00,4,1,1,1,8
6589669,1623,1624,364,186810,2021-04-16 19:00:00,32,2,2,6,3
7516615,2445,2481,426,187511,2022-03-19 14:30:00,27,3,2,8,0
6639673,3166,3160,524,186353,2020-09-28 18:45:00,2,4,1,8,9
10521465,708,681,795,189012,2024-03-30 15:15:00,30,0,3,6,1
6632787,676,675,795,186267,2020-10-24 14:00:00,7,1,3,7,7
10518937,1618,1626,346,188987,2024-05-04 11:30:00,46,1,0,6,3
8823143,692,686,795,188124,2023-04-17 19:00:00,29,0,1,7,5
11933058,5649,5650,255,189744,2024-11-20 22:00:00,34,2,2,5,4
6185173,5653,5663,255,186667,2021-01-31 20:00:00,33,2,0,5,1
8826690,3172,3235,524,188160,2022-09-11 10:30:00,6,1,1,3,3
10518393,1644,1631,346,188987,2024-02-10 15:00:00,31,1,2,8,1
6542913,2457,2482,426,186265,2021-01-19 19:30:00,17,0,3,3,2
6185118,5653,5655,255,186667,2021-01-26 23:00:00,28,2,0,4,2
6594126,1642,1678,346,186333,2020-11-07 15:00:00,11,2,0,6,8
7606757,3164,3173,524,187528,2022-01-06 11:30:00,20,1,2,0,5
7512057,1620,1627,346,187482,2022-02-22 19:45:00,34,2,1,2,3
7516706,2459,2469,426,187511,2022-01-16 16:30:00,19,2,2,3,5
7512052,1639,1660,346,187482,2022-02-23 19:45:00,34,1,2,6,6
7512034,1660,1650,346,187482,2022-03-13 12:00:00,37,1,2,4,4
6593748,10531,1678,346,186333,2021-04-17 11:30:00,42,2,2,4,5
7485458,1619,1633,364,187475,2021-09-11 14:00:00,4,0,0,5,4
8819705,10531,1618,346,188096,2023-02-04 15:00:00,30,3,4,1,3
7512146,1627,1668,346,187482,2022-01-22 15:00:00,28,3,0,9,1
12862267,5649,5641,255,189744,2024-09-25 22:00:00,5,1,2,6,3
10607799,3315,3157,524,188994,2024-04-14 13:00:00,32,3,3,2,6
7512419,1655,1660,346,187482,2021-09-15 18:45:00,7,1,1,7,9
7516606,2460,2459,426,187511,2022-03-19 14:30:00,27,4,0,6,1
8341373,5660,5685,255,187965,2022-10-09 21:00:00,31,2,1,5,8
8826721,3315,3192,524,188160,2022-10-02 13:00:00,8,5,0,1,2
10517819,1632,1673,346,188987,2023-11-29 19:45:00,18,1,2,10,4
8776976,1630,1619,364,188095,2023-02-25 15:00:00,25,1,0,8,2
6589727,1614,1610,364,186810,2021-05-23 15:00:00,38,2,1,2,9
6632755,701,698,795,186267,2020-11-22 13:00:00,10,0,0,3,4
11933002,5656,5644,255,189744,2024-10-05 22:00:00,29,2,2,10,9
10517846,1643,1640,346,188987,2023-10-25 18:45:00,13,2,0,6,16
8341377,5644,5655,255,187965,2022-10-01 18:00:00,29,1,0,2,5
6542896,2460,2975,426,186265,2021-01-23 14:30:00,18,3,2,3,9
11933045,5663,5657,255,189744,2024-11-09 22:00:00,33,3,0,5,1
10517591,1641,1638,346,188987,2023-10-21 11:30:00,12,1,1,5,2
8341332,5644,5650,255,187965,2022-08-29 23:00:00,24,4,0,10,1
10567129,3773,3803,412,189971,2024-03-09 20:00:00,25,1,0,2,4
10518429,1626,1640,346,188987,2024-02-03 15:00:00,30,2,1,5,2
7512089,1663,1620,346,187482,2022-02-26 15:00:00,35,3,2,2,12
7512220,1639,1620,346,187482,2021-12-11 15:00:00,22,0,0,5,4
8776815,1642,1616,364,188095,2022-09-16 19:00:00,8,2,3,2,10
6593719,1638,1655,346,186333,2021-05-01 14:00:00,45,4,1,5,0
6594131,1669,1620,346,186333,2020-11-07 15:00:00,11,0,0,1,4
10517814,1618,1643,346,188987,2023-12-02 15:00:00,19,0,0,4,6
7511903,1639,1637,346,187482,2021-08-07 14:00:00,1,3,2,6,9
8819797,1638,1673,346,188096,2023-03-18 15:00:00,38,0,1,3,6
7516641,2457,2482,426,187511,2022-03-19 14:30:00,27,3,0,1,6
10518583,1644,1672,346,188987,2024-04-20 14:00:00,44,0,0,1,5
10567036,3766,3793,412,189971,2023-09-17 18:45:00,5,0,0,6,1
10480124,1611,1628,364,188989,2023-09-30 14:00:00,7,0,1,10,4
6542924,2463,2457,426,186265,2021-01-16 14:30:00,16,0,0,5,4
6632596,684,696,795,186267,2021-03-08 20:00:00,26,3,2,12,1
10607542,3166,3178,524,188994,2023-10-01 10:30:00,7,3,0,2,6
8341509,5812,5651,255,187965,2022-11-10 00:30:00,37,1,1,7,4
10518388,1621,1639,346,188987,2024-02-10 15:00:00,31,3,1,5,8
7512013,10529,10531,346,187482,2022-04-02 14:00:00,40,0,4,8,4
10521408,675,676,795,189012,2024-04-21 19:00:00,32,3,2,2,8
6425405,3782,19830,412,186243,2021-03-19 20:00:00,30,0,4,2,6
10572060,2448,2454,426,188974,2023-09-30 13:30:00,6,1,3,5,10
10517778,1639,1621,346,188987,2023-11-25 15:00:00,17,0,3,7,1
9967383,5677,5659,255,188756,2023-04-24 23:00:00,2,1,2,6,3
8826819,3157,3158,524,188160,2023-01-08 19:45:00,17,2,2,3,4
8776936,1669,1659,364,188095,2023-01-14 17:30:00,20,2,0,5,3
10518040,1655,1644,346,188987,2024-01-20 15:00:00,28,1,1,7,8
6185165,5674,5654,255,186667,2021-02-01 23:00:00,33,0,3,2,6
7606951,3157,3162,524,187528,2021-09-12 16:00:00,3,2,0,5,1
8819384,10531,1638,346,188096,2022-08-16 18:45:00,4,2,2,6,7
7516840,2448,2460,426,187511,2021-08-21 13:30:00,2,2,0,2,7
8819913,1660,1672,346,188096,2023-05-08 14:00:00,46,0,0,7,6
7606894,3164,3163,524,187528,2021-10-03 13:00:00,7,3,3,6,8
7511953,1647,1655,346,187482,2022-04-23 14:00:00,44,1,3,2,5
8785026,2457,2447,426,188082,2022-08-27 13:30:00,4,0,1,6,10
7246078,5812,5707,255,187168,2021-09-26 23:30:00,22,0,0,8,4
10517864,1649,1666,346,188987,2023-10-25 18:45:00,13,3,0,1,7
8776887,1629,1609,364,188095,2022-11-12 19:45:00,16,0,2,6,4
10607757,3158,3193,524,188994,2024-05-19 18:45:00,37,1,0,6,3
11276366,1633,1651,364,188989,2024-01-02 19:30:00,20,0,0,2,0
6589459,1625,1616,364,186810,2020-12-05 15:00:00,11,2,0,9,3
11888867,1640,1672,346,188987,2024-04-24 18:45:00,38,2,3,4,8
6632663,700,695,795,186267,2021-01-19 18:00:00,19,2,2,5,2
7516702,2469,2481,426,187511,2021-12-18 14:30:00,17,0,0,6,5
8785937,3767,3799,412,188122,2023-01-11 20:00:00,18,2,0,5,1
6185099,5638,5653,255,186667,2020-12-17 00:30:00,26,3,0,5,3
7536213,674,682,795,187526,2021-10-30 16:30:00,12,2,0,7,6
7517780,3766,3777,412,187374,2021-12-22 20:00:00,19,1,1,13,2
7518039,3767,3779,412,187374,2021-08-14 19:00:00,2,4,2,4,4
8341119,5653,5644,255,187965,2022-04-10 19:00:00,1,2,0,3,3
8777043,1611,1623,364,188095,2023-04-08 11:30:00,30,2,0,10,4
6639600,3173,3205,524,186353,2020-11-29 17:00:00,9,2,2,4,5
6594062,10531,1660,346,186333,2020-12-05 15:00:00,16,2,0,2,3
6594119,1655,1647,346,186333,2020-11-21 15:00:00,12,1,0,1,6
10607805,3157,3187,524,188994,2024-02-11 19:45:00,24,1,0,NA,NA
11873047,5659,5650,255,189744,2024-04-21 21:30:00,3,5,1,5,4
8341413,5644,5707,255,187965,2022-09-10 19:30:00,26,1,0,4,3
6632583,846,687,795,186267,2021-03-14 15:15:00,27,1,0,4,6
10518732,1639,1626,346,188987,2024-03-16 15:00:00,38,0,3,7,6
11932921,5812,5659,255,189744,2024-08-03 23:00:00,21,1,4,3,7
8776756,1659,1609,364,188095,2022-08-20 16:30:00,3,0,3,3,4
8786057,3788,3781,412,188122,2023-02-19 14:00:00,24,3,0,2,2
8785315,2443,2463,426,188082,2023-05-20 13:30:00,33,1,1,4,9
8826821,3192,3157,524,188160,2023-01-04 11:30:00,16,1,2,6,2
8785154,2446,2448,426,188082,2023-01-25 19:30:00,17,2,0,3,4
8341216,5648,5653,255,187965,2022-06-09 00:30:00,10,5,3,1,9
7512423,1640,1620,346,187482,2021-09-11 14:00:00,6,2,0,7,7
10567181,3776,3773,412,189971,2024-03-29 20:00:00,27,2,1,5,5
8823158,692,702,795,188124,2023-04-26 20:00:00,31,1,0,10,6
10572176,2460,2658,426,188974,2023-12-16 14:30:00,15,0,1,8,1
8826782,3164,3176,524,188160,2022-11-06 14:00:00,13,0,2,4,4
8341283,5655,5654,255,187965,2022-07-02 22:00:00,15,1,2,7,3
8341117,5812,5654,255,187965,2022-04-09 22:00:00,1,1,1,4,10
8776799,1619,1623,364,188095,2022-10-01 14:00:00,9,1,2,7,6
10607512,3315,3236,524,188994,2023-10-02 16:30:00,7,0,1,7,4
10518971,1641,1631,346,188987,2024-04-29 19:00:00,45,0,3,1,5
6543023,2443,2482,426,186265,2020-10-25 17:00:00,5,1,1,1,4
10572258,2975,2520,426,188974,2024-03-09 14:30:00,25,2,0,NA,NA
8777034,1611,1610,364,188095,2023-05-25 19:00:00,32,4,1,3,4
9967530,5643,5649,255,188756,2023-07-30 21:30:00,17,1,1,6,5
11932908,5653,5656,255,189744,2024-07-28 22:00:00,20,2,1,4,5
9967497,5651,5677,255,188756,2023-07-16 21:30:00,15,2,0,5,3
10521253,679,698,795,189012,2023-12-19 20:30:00,18,3,3,1,12
8819818,1637,1618,346,188096,2023-04-07 14:00:00,40,1,1,5,0
10607801,3187,3254,524,188994,2024-04-14 10:30:00,32,2,2,6,2
7485442,1628,1631,364,187475,2021-10-03 13:00:00,7,2,2,1,3
7512096,1647,1672,346,187482,2022-02-08 19:45:00,31,3,1,2,10
7606682,3194,3187,524,187528,2022-03-13 14:00:00,29,1,2,999,999
8341330,5656,5685,255,187965,2022-08-30 00:30:00,24,1,0,5,5
6639493,3161,3219,524,186353,2021-01-30 19:45:00,20,4,0,7,3
7517999,3797,3803,412,187374,2021-09-19 13:00:00,6,1,1,3,5
8823126,675,690,795,188124,2023-04-02 14:15:00,27,6,0,9,1
8341431,5643,5659,255,187965,2022-09-29 00:45:00,28,0,1,6,11
7535960,674,692,795,187526,2022-05-21 15:30:00,38,2,0,3,3
8826981,3159,3168,524,188160,2023-05-03 16:00:00,33,2,1,6,7
7516773,2460,2463,426,187511,2021-11-21 16:30:00,12,1,1,5,7
6184861,5677,5660,255,186667,2020-08-12 23:30:00,2,1,0,3,8
8823092,675,679,795,188124,2023-02-25 17:30:00,23,1,1,7,4
10521236,846,700,795,189012,2024-01-03 16:00:00,19,2,0,5,6
7512256,1641,10529,346,187482,2021-11-20 15:00:00,18,1,2,8,6
10480228,1610,1636,364,188989,2023-12-16 15:00:00,17,2,0,7,5
11932847,5657,5659,255,189744,2024-06-29 21:30:00,13,1,1,0,5
8819862,1638,1618,346,188096,2023-04-18 19:00:00,43,0,1,11,4
10518398,10531,1649,346,188987,2024-02-03 15:00:00,30,0,1,8,2
10517633,1626,1618,346,188987,2023-09-30 14:00:00,9,2,0,4,4
9967516,5649,5707,255,188756,2023-09-03 14:00:00,22,2,0,2,9
8819746,1650,1621,346,188096,2023-02-25 15:00:00,34,1,3,7,1
7485409,1619,1646,364,187475,2021-10-23 14:00:00,9,2,2,6,2
10480233,1616,1646,364,188989,2023-12-23 15:00:00,18,0,2,8,6
8776812,1609,1624,364,188095,2022-10-01 11:30:00,9,3,1,5,2
7606960,3163,3191,524,187528,2021-08-27 16:30:00,2,3,0,7,2
10480355,1612,1636,364,188989,2024-04-04 18:30:00,31,3,1,13,1
6185007,5638,5649,255,186667,2020-10-18,17,0,0,2,7
8785180,2463,2462,426,188082,2023-02-12 16:30:00,20,3,0,3,9
8785858,3775,3770,412,188122,2022-10-23 15:05:00,12,1,1,7,3
7606675,3172,3193,524,187528,2022-03-13 17:00:00,29,0,0,4,3
7536388,684,696,795,187526,2022-01-18 19:00:00,21,4,0,8,3
9967386,5651,5660,255,188756,2023-05-14 21:30:00,6,3,2,4,1
7485136,1630,1610,364,187475,2022-05-11 18:30:00,33,0,3,1,4
8826797,3162,3236,524,188160,2022-11-10 19:45:00,14,1,0,4,3
6425468,3787,3804,412,186243,2021-02-07 14:00:00,24,4,2,9,4
7512180,1673,1664,346,187482,2021-12-26 15:00:00,24,3,2,6,0
6593775,1643,1678,346,186333,2021-04-05 14:00:00,40,0,3,6,2
6425339,3771,3775,412,186243,2021-02-17 20:00:00,11,3,2,5,3
7512186,1636,1672,346,187482,2022-02-15 19:45:00,25,0,0,12,3
8341266,5707,5653,255,187965,2022-07-21 22:00:00,18,1,1,4,2
6543063,2451,2446,426,186265,2020-09-20 16:00:00,1,0,0,4,4
10517597,1639,1632,346,188987,2023-10-21 14:00:00,12,2,1,6,2
8785911,3797,3776,412,188122,2022-12-28 18:00:00,16,0,2,3,3
7511966,10531,1647,346,187482,2022-04-09 14:00:00,41,2,1,3,4
8786141,3779,3769,412,188122,2023-03-19 14:00:00,28,2,0,5,4
6639588,3158,3315,524,186353,2020-12-06 14:00:00,10,0,0,12,5
8785037,2975,2451,426,188082,2022-08-27 13:30:00,4,2,0,8,4
8341505,5638,5653,255,187965,2022-11-02 00:30:00,35,2,2,7,6
8819726,1637,1643,346,188096,2023-02-14 20:00:00,32,2,1,4,4
7606773,3187,3205,524,187528,2021-12-22 19:45:00,19,0,1,10,5
7536277,680,681,795,187526,2021-10-30 14:15:00,12,2,0,4,5
6425471,3773,3774,412,186243,2021-02-06 20:00:00,24,0,0,6,4
8776780,1619,1669,364,188095,2023-03-15 19:30:00,7,0,2,3,3
6593711,1659,1639,346,186333,2021-05-08 11:30:00,46,0,2,6,3
8819912,10531,1627,346,188096,2023-05-08 14:00:00,46,3,2,6,3
8822965,674,692,795,188124,2022-09-17 16:30:00,6,3,0,5,4
8819773,1638,10531,346,188096,2023-03-14 19:45:00,37,2,1,5,5
10517824,1621,1641,346,188987,2023-11-10 20:00:00,16,1,2,7,2
8822997,698,678,795,188124,2022-10-18 18:00:00,10,2,2,7,4
8785219,2453,2446,426,188082,2023-02-26 14:30:00,22,1,1,1,3
6632802,687,698,795,186267,2020-10-03 16:30:00,5,3,0,5,4
8785053,2975,2448,426,188082,2022-10-01 13:30:00,8,4,0,7,2
8785252,2462,2448,426,188082,2023-03-31 18:30:00,26,1,1,15,2
6425348,3775,19830,412,186243,2020-11-08 16:00:00,10,1,2,1,4
10480187,1642,1660,364,188989,2023-10-21 14:00:00,9,2,2,4,2
6594053,1669,1647,346,186333,2020-12-09 19:45:00,17,0,0,10,2
8785993,3780,3795,412,188122,2023-02-01 18:00:00,21,4,1,8,0
10480404,1669,1612,364,188989,2024-02-17 12:30:00,25,1,4,1,6
8785106,2449,2482,426,188082,2022-10-14 18:30:00,10,0,3,4,5
11933071,5657,5812,255,189744,2024-12-01 00:30:00,36,2,2,5,3
8776774,1614,1625,364,188095,2022-09-03 16:30:00,6,1,1,1,4
6594162,1618,1673,346,186333,2020-10-28 19:45:00,8,2,1,2,4
6593945,1638,1626,346,186333,2021-02-02 18:00:00,26,0,0,4,4
10567091,3777,3775,412,189971,2023-10-07 15:00:00,8,0,1,1,4
11932867,5650,5649,255,189744,2024-07-07 19:00:00,15,3,0,3,8
6542799,2454,2462,426,186265,2021-04-17 13:30:00,29,4,0,7,8
10607819,3166,3168,524,188994,2024-02-11 14:00:00,24,4,0,4,3
6639530,3197,3158,524,186353,2021-01-06 14:00:00,16,1,3,3,4
6184896,5659,5644,255,186667,2020-08-29 20:00:00,6,0,2,5,3
6425543,3799,3804,412,186243,2021-05-09 13:00:00,36,3,0,1,4
7516565,2460,2462,426,187511,2022-05-14 13:30:00,34,2,2,5,3
8341453,5638,5812,255,187965,2022-10-27 22:00:00,34,2,1,4,7
6594017,1643,1647,346,186333,2021-02-03 19:00:00,20,3,0,5,5
10572116,2460,2453,426,188974,2023-12-03 14:30:00,13,0,1,14,3
7512297,1621,1637,346,187482,2021-10-23 14:00:00,14,2,0,3,2.7
7606808,3178,3157,524,187528,2021-12-22 19:45:00,19,2,4,7,3
7516758,2445,2460,426,187511,2021-11-26 19:30:00,13,2,1,4,6
7512007,1650,1668,346,187482,2022-03-20 12:30:00,39,1,3,4,2
6594066,1626,1666,346,186333,2020-12-05 15:00:00,16,2,1,9,4
10572052,2454,2444,426,188974,2023-09-02 16:30:00,3,1,2,1,15
7516754,2462,2500,426,187511,2021-11-28 14:30:00,13,2,1,7,2
7536177,696,680,795,187526,2022-03-04 20:00:00,27,0,0,5,5
10572156,2520,2446,426,188974,2024-02-03 14:30:00,20,0,2,4,3
8823155,691,700,795,188124,2023-04-21 19:00:00,30,0,0,6,3
10480217,1623,1610,364,188989,2023-12-10 14:00:00,16,2,0,4,8
7485217,1614,1644,364,187475,2022-02-19 15:00:00,26,0,1,10,5
11933103,5653,5651,255,189744,2024-12-08 19:00:00,38,1,0,5,4
10517609,1627,1666,346,188987,2023-10-03 19:00:00,10,1,0,10,4
8776954,1625,1614,364,188095,2023-02-12 16:30:00,23,3,1,8,4
6185037,5657,5646,255,186667,2020-11-08 19:00:00,20,0,1,0,4
6542758,2481,2443,426,186265,2021-05-15 13:30:00,33,2,0,5,5
8776769,1631,1611,364,188095,2022-09-01 19:00:00,5,0,1,1,3
6632556,692,680,795,186267,2021-04-12 19:00:00,30,3,4,5,2
7512178,1659,1668,346,187482,2022-03-08 19:45:00,26,1,1,3,7
6542911,2460,2451,426,186265,2021-01-19 19:30:00,17,0,2,2,5
10521189,713,756,795,189012,2023-11-11 13:00:00,13,1,2,8,3
8776939,1642,1625,364,188095,2023-02-18 15:00:00,24,1,1,0,10
11932981,5685,5649,255,189744,2024-09-15 19:00:00,26,2,2,6,7
6594093,10529,1660,346,186333,2020-11-28 15:00:00,14,4,0,11,4
7511951,1659,1616,346,187482,2022-04-23 14:00:00,44,1,1,4,3
6425208,3782,3779,412,186243,2020-09-12 19:00:00,3,2,0,6,3
10521115,681,678,795,189012,2023-08-19 19:30:00,2,0,2,5,3
7485421,1630,1633,364,187475,2021-09-25 14:00:00,6,1,2,5,7
8826999,3205,3157,524,188160,2023-05-13 16:00:00,35,2,0,6,9
6639315,3161,3158,524,186353,2021-05-12 18:45:00,36,3,1,5,8
8819868,1639,1635,346,188096,2023-04-18 18:45:00,43,0,1,7,4
10480371,1636,1616,364,188989,2024-03-30 15:00:00,30,3,3,2,15
7485402,1630,1629,364,187475,2021-10-23 14:00:00,9,1,1,6,3
7517765,3797,3802,412,187374,2022-01-09 14:00:00,20,0,0,6,2
6589443,1609,1629,364,186810,2020-11-29 19:15:00,10,1,2,8,4
7517948,3774,3797,412,187374,2021-09-22 17:00:00,7,6,0,5,6
6184864,5812,5654,255,186667,2020-08-12 23:30:00,2,3,0,11,5
11932991,5654,5651,255,189744,2024-09-29 23:00:00,28,1,0,6,1
7246060,5819,5646,255,187168,2021-09-18 20:00:00,21,0,2,8,1
7512065,1637,1638,346,187482,2022-03-05 15:00:00,36,0,1,6,2
6185086,5644,5659,255,186667,2020-12-12 22:00:00,25,2,1,4,6
6425397,19830,3777,412,186243,2021-04-03 11:00:00,31,4,0,8,1
10572262,2446,2451,426,188974,2024-03-10 18:30:00,25,2,0,9,2
7606665,3162,3315,524,187528,2022-04-02 16:00:00,31,2,1,4,3
8785924,3803,3795,412,188122,2022-11-13 14:00:00,15,2,1,5,5
6594168,1621,1637,346,186333,2020-10-27 19:45:00,8,2,4,3,3
8823293,713,702,795,188124,2022-10-03 19:00:00,7,2,1,13,3
6639305,3176,3187,524,186353,2021-05-16 10:30:00,37,0,2,3,6
6589687,1646,1633,364,186810,2021-05-03 19:15:00,34,1,2,5,4
7485220,1626,1625,364,187475,2022-02-12 17:30:00,25,0,4,4,12
7512112,10531,1621,346,187482,2022-02-05 17:30:00,30,1,0,0,13
8826883,3315,3187,524,188160,2023-02-17 19:45:00,23,0,2,1,3
6639427,3194,3157,524,186353,2021-03-07 14:00:00,26,0,2,8,1
6632807,679,682,795,186267,2020-10-03 14:00:00,5,0,0,9,1
10567058,19830,3803,412,189971,2023-11-05 16:05:00,11,2,0,6,4
10607593,3192,3173,524,188994,2023-10-22 13:00:00,9,2,2,8,5
10480208,1624,1613,364,188989,2023-12-10 16:30:00,16,4,1,3,6
8826697,3157,3161,524,188160,2022-09-03 16:00:00,5,3,2,2,5
6639603,3172,3194,524,186353,2020-11-28 19:45:00,9,0,2,4,1
7517970,3787,3782,412,187374,2021-09-12 11:00:00,5,2,0,7,6
10518739,1620,1621,346,188987,2024-03-16 15:00:00,38,0,0,8,5
8777060,1633,1612,364,188095,2023-04-26 18:45:00,33,1,2,3,6
10518113,10531,1620,346,188987,2023-12-16 15:00:00,22,1,2,4,4
7517866,3797,3766,412,187374,2022-05-21 19:00:00,38,1,2,10,4
6593921,1638,1666,346,186333,2021-02-06 15:00:00,28,4,1,9,1
8826945,3161,3236,524,188160,2023-04-15 18:45:00,30,0,1,5,3
8776757,1624,1629,364,188095,2022-08-20 11:30:00,3,1,0,8,6
6632699,702,681,795,186267,2020-12-22 16:30:00,15,2,2,4,4
10480422,1651,1609,364,188989,2024-04-06 16:30:00,32,0,3,8,7
8823111,679,674,795,188124,2023-03-18 20:00:00,26,3,0,4,2
10518417,1640,1638,346,188987,2024-02-11 12:00:00,31,2,1,8,3
7512326,1621,1640,346,187482,2021-10-16 14:00:00,12,2,2,4,5
8786164,3781,3803,412,188122,2023-04-23 13:00:00,32,0,0,4,4
10480183,1616,1636,364,188989,2023-10-07 14:00:00,8,3,1,9,4
6589519,1611,1614,364,186810,2021-01-01 20:00:00,17,2,1,5,10
9967364,5685,5655,255,188756,2023-05-28 21:30:00,8,2,0,5,4
10607541,3193,3187,524,188994,2023-09-16 18:45:00,4,2,2,3,1
6594001,1644,1626,346,186333,2020-12-26 19:45:00,21,1,0,11,4
8341380,5654,5685,255,187965,2022-10-01 22:00:00,29,4,1,10,1
7606770,3192,3191,524,187528,2022-05-05 16:00:00,20,2,1,6,4
6639389,3205,3197,524,186353,2021-04-10 13:00:00,30,3,2,3,4
6589722,1613,1636,364,186810,2021-05-19 17:00:00,37,1,0,5,2
8823085,702,691,795,188124,2023-02-19 13:00:00,22,0,1,10,5
11933035,5641,5638,255,189744,2024-10-27 01:00:00,31,1,1,6,7
8826664,3158,3235,524,188160,2022-08-22 16:30:00,2,1,0,5,6
8785092,2446,2451,426,188082,2022-10-22 13:30:00,11,2,2,3,3
6542947,2482,2453,426,186265,2021-01-02 14:30:00,14,1,3,8,3
8819372,1673,1639,346,188096,2022-08-13 14:00:00,3,3,1,3,3
8776890,1629,1651,364,188095,2022-11-05 15:00:00,15,2,3,4,9
11932979,5646,5641,255,189744,2024-09-15 19:00:00,26,5,0,4,6
7536285,696,702,795,187526,2021-10-26 17:00:00,11,1,0,4,7
8823125,756,691,795,188124,2023-04-01 12:00:00,27,2,1,5,2
9967518,5677,5685,255,188756,2023-08-20 19:00:00,20,4,0,4,7
8785148,2460,2462,426,188082,2022-11-13 14:30:00,15,1,1,5,2
8819739,1635,1626,346,188096,2023-02-18 15:00:00,33,0,0,3,5
7606682,3194,3187,524,187528,2022-03-13 14:00:00,29,1,2,3,5
7245918,5656,5651,255,187168,2021-11-28 19:00:00,36,1,0,10,3
7517657,3788,3777,412,187374,2022-04-20 17:00:00,33,1,0,9,12
8823004,682,708,795,188124,2022-10-23 16:30:00,11,2,1,10,4
7606965,3159,3157,524,187528,2021-09-19 18:45:00,4,1,1,4,4
6425516,3774,3813,412,186243,2021-05-23 19:00:00,38,2,0,4,3
10567140,3775,19830,412,189971,2024-02-11 19:45:00,21,2,3,8,2
11933009,5657,5650,255,189744,2024-10-06,29,1,1,3,6
10607539,3185,3158,524,188994,2023-09-24 18:45:00,5,1,1,7,1
10480402,1624,1651,364,188989,2024-02-10 15:00:00,24,2,1,9,6
6632840,690,687,795,186267,2020-09-13 14:00:00,1,1,1,5,3
10607844,3158,3315,524,188994,2024-03-17 17:00:00,29,1,0,4,7
9967510,5655,5656,255,188756,2023-06-21 23:00:00,11,0,2,5,2
6632765,802,701,795,186267,2020-11-07 13:00:00,9,1,1,4,3
8823292,692,684,795,188124,2022-10-02 14:15:00,7,1,0,5,3
8823166,675,698,795,188124,2023-05-13 19:00:00,34,1,0,1,3
6632801,674,684,795,186267,2020-10-03 19:00:00,5,0,2,4,7
6425548,3771,3779,412,186243,2021-04-30 19:00:00,35,1,1,5,6
6589652,1611,1651,364,186810,2021-04-04 18:30:00,30,2,1,5,6
6593992,1666,1620,346,186333,2020-12-29 19:00:00,22,2,1,2,5
6589362,1609,1633,364,186810,2020-09-19 19:00:00,2,2,1,7,5
12281090,5812,5656,255,189744,2024-06-11 22:00:00,8,2,2,3,4
7536211,674,679,795,187526,2021-11-07 15:15:00,13,3,3,9,0
10567135,3787,3779,412,189971,2024-03-03 14:00:00,24,2,2,8,4
8819902,1635,1643,346,188096,2023-05-08 14:00:00,46,0,0,3,2
6425267,3770,3774,412,186243,2021-01-06 18:00:00,18,0,0,6,3
7245928,5646,5653,255,187168,2021-11-24 00:30:00,35,2,2,2,6
8785062,2463,2500,426,188082,2022-09-11 13:30:00,6,0,1,7,8
6632616,676,700,795,186267,2021-02-21 13:00:00,24,1,1,8,0
10607511,3236,3166,524,188994,2023-09-28 16:30:00,6,0,0,7,5
7517968,3795,19830,412,187374,2021-08-29 11:00:00,4,1,2,5,3
6639416,3166,3164,524,186353,2021-03-14 11:30:00,27,3,1,2,6
10518606,10529,1672,346,188987,2024-04-06 14:00:00,41,1,3,5,6
6425381,3772,19830,412,186243,2021-04-18 15:05:00,33,0,3,4,5
7516582,2462,2482,426,187511,2022-04-23 13:30:00,31,2,2,9,7
6425192,3788,3766,412,186243,2020-09-27 15:00:00,5,1,1,1,5
8819688,1620,1644,346,188096,2023-01-28 15:00:00,29,2,0,9,5
6589664,1627,1619,364,186810,2021-04-12 17:00:00,31,3,0,5,10
6542784,2445,2451,426,186265,2021-04-21 18:30:00,30,1,3,4,1
6425272,3776,3799,412,186243,2021-01-06 20:00:00,18,1,2,8,6
8786124,3771,3779,412,188122,2023-03-12 19:45:00,27,2,2,1,8
6594249,1678,1643,346,186333,2020-09-12 11:30:00,1,0,1,3,4
6593864,1621,1640,346,186333,2021-02-27 15:00:00,33,1,1,5,2
7511905,1641,1672,346,187482,2021-08-07 14:00:00,1,1,4,2,5
7512219,1647,1664,346,187482,2021-12-11 15:00:00,22,1,0,6,2
7512101,1616,1638,346,187482,2022-02-08 19:45:00,31,3,0,6,4
7517718,3766,3775,412,187374,2022-02-12 20:00:00,24,2,0,4,1
8776874,1630,1659,364,188095,2022-11-05 15:00:00,15,4,3,13,3
10572058,2443,2463,426,188974,2023-09-23 16:30:00,5,2,1,9,8
11933098,5677,5812,255,189744,2024-12-08 19:00:00,38,2,0,4,5
10480281,1629,1636,364,188989,2024-02-25 13:30:00,26,1,0,5,6
8785802,3797,3780,412,188122,2022-09-04 13:00:00,6,2,0,4,6
7245909,5677,5649,255,187168,2021-11-26 22:00:00,36,3,1,3,9
6632482,678,675,795,186267,2021-05-16 16:30:00,37,0,1,4,11
7517876,3787,3767,412,187374,2022-05-14 19:00:00,37,0,4,0,2
8785824,3781,3775,412,188122,2022-09-11 13:00:00,7,0,1,2,3
7606710,3205,3158,524,187528,2022-02-27 17:00:00,27,0,1,1,8
11340510,5648,5649,255,188756,2023-12-07 00:30:00,38,2,3,7,3
8785061,2449,2448,426,188082,2022-09-10 16:30:00,6,3,1,3,8
10567000,3802,19830,412,189971,2023-10-07 19:00:00,8,1,3,10,5
7485282,1614,1610,364,187475,2021-12-26 17:30:00,19,1,3,2,5
6184879,5656,5660,255,186667,2020-08-20 00:30:00,4,3,1,10,0
10607581,3236,3163,524,188994,2023-10-29 14:00:00,10,1,1,10,3
8823121,692,708,795,188124,2023-04-02 12:00:00,27,2,2,4,1
6593923,1660,1673,346,186333,2021-02-06 15:00:00,28,1,1,7,6
8826971,3187,3192,524,188160,2023-04-30 13:00:00,32,1,1,10,0
10517615,1666,1632,346,188987,2023-09-29 19:00:00,9,0,3,2,5
7512459,1647,1620,346,187482,2021-08-21 14:00:00,4,0,0,7,3
10480060,1659,1624,364,188989,2023-08-26 11:30:00,3,0,2,6,2
8776990,1651,1633,364,188095,2023-03-04 15:00:00,26,4,0,7,3
10607635,3161,3168,524,188994,2023-12-23 17:00:00,17,2,0,15,2
8341459,5812,5669,255,187965,2022-10-23 21:00:00,33,1,0,4,5
6594027,1647,10531,346,186333,2020-12-16 17:30:00,19,2,0,2,5
6425450,3788,3776,412,186243,2021-02-21 16:05:00,26,1,4,1,5
6185038,5685,5655,255,186667,2020-11-08 21:15:00,20,1,1,5,3
10518336,1619,1638,346,188987,2024-02-24 15:00:00,34,1,2,13,1
8785273,2445,2447,426,188082,2023-04-15 13:30:00,28,3,3,5,7
10567284,19830,3774,412,189971,2024-04-07 15:05:00,28,1,0,6,3
10567126,3770,3775,412,189971,2023-12-02 20:00:00,14,1,0,5,6
7535910,700,681,795,187526,2021-08-29 17:30:00,3,2,3,4,11
10607680,3163,3173,524,188994,2024-02-18 14:00:00,25,1,1,3,4
7246175,5648,5649,255,187168,2021-07-18,12,0,1,3,4
6593753,1642,1673,346,186333,2021-04-17 11:30:00,42,0,2,5,2
7246190,5819,5656,255,187168,2021-07-09,10,0,1,5,8
10572215,2453,2460,426,188974,2024-04-21 17:30:00,30,1,1,1,4
6594041,1642,1669,346,186333,2020-12-12 15:00:00,18,1,3,6,6
7536091,846,687,795,187526,2021-09-23 17:30:00,6,2,3,4,7
6593856,1678,1626,346,186333,2021-02-28 12:00:00,33,0,2,5,4
10521181,756,692,795,189012,2023-10-27 19:00:00,11,1,0,10,1
7485480,1625,1626,364,187475,2021-08-21 14:00:00,2,5,0,6,1
8822950,679,675,795,188124,2022-09-18 19:00:00,6,1,2,8,1
8819415,1644,1620,346,188096,2022-08-30 19:00:00,7,2,1,2,7
6185211,5663,5677,255,186667,2021-02-21,37,0,4,2,0
8826998,3172,3159,524,188160,2023-05-07 10:30:00,34,0,2,7,3
8785030,2500,2444,426,188082,2022-09-03 13:30:00,5,1,1,5,7
10521444,696,686,795,189012,2024-02-24 17:30:00,26,1,1,3,3
7517962,3782,3799,412,187374,2021-10-22 19:00:00,11,2,2,6,1
8819875,1644,1655,346,188096,2023-04-15 14:00:00,42,2,0,6,7
6594106,1641,1621,346,186333,2020-11-24 19:45:00,13,0,3,0,4
6593827,1647,1638,346,186333,2021-03-13 15:00:00,36,0,1,3,1
10567097,3797,3774,412,189971,2023-12-20 20:00:00,17,1,3,4,5
7517874,3797,3779,412,187374,2022-01-19 18:00:00,19,0,2,6,4
6632646,701,680,795,186267,2021-01-30 13:00:00,21,0,2,6,2
8826699,3162,3187,524,188160,2022-09-03 18:45:00,5,1,2,6,8
9967633,5653,5663,255,188756,2023-11-02 00:30:00,31,3,1,0,4
6425268,3777,3772,412,186243,2021-01-06 18:00:00,18,0,0,3,2
10607537,3159,3168,524,188994,2023-09-26 18:45:00,6,1,0,5,1
7606766,3176,3193,524,187528,2022-01-17 19:45:00,22,6,0,4,0
10517593,1638,1621,346,188987,2023-10-24 18:45:00,13,1,2,11,3
9967658,5707,5640,255,188756,2023-10-15,26,0,0,5,5
7516768,2481,2445,426,187511,2021-10-31 14:30:00,10,4,1,7,5
8776852,1616,1614,364,188095,2022-10-20 18:30:00,12,3,0,9,7
8826683,3172,3185,524,188160,2022-09-01 18:45:00,4,3,1,7,2
8785250,2463,2454,426,188082,2023-04-02 13:30:00,26,0,0,11,1
10521175,678,692,795,189012,2023-11-10 20:00:00,13,4,3,7,2
7517956,3779,3776,412,187374,2021-09-25 17:00:00,8,1,2,8,8
8785936,3775,3787,412,188122,2023-01-11 20:00:00,18,6,1,3,4
8819781,1646,1635,346,188096,2023-03-11 15:00:00,36,3,0,10,0
6425203,3771,3776,412,186243,2020-09-20 19:00:00,4,1,1,5,4
8786116,19830,3802,412,188122,2023-03-12 16:05:00,27,0,1,3,3
7485202,1623,1629,364,187475,2022-03-13 14:00:00,29,0,1,5,2
7536260,687,678,795,187526,2021-10-31 20:00:00,12,1,1,2,7
10567174,3776,3771,412,189971,2024-04-05 19:00:00,28,3,1,4,2
6639457,3176,3205,524,186353,2021-02-19 17:30:00,23,3,0,0,6
8786604,3766,3787,412,188122,2023-05-07 15:00:00,34,5,4,3,5
10607618,3158,3176,524,188994,2023-12-10 19:45:00,15,1,1,1,6
10607556,3166,3185,524,188994,2023-11-27 19:45:00,13,2,0,3,2
8785876,3767,3795,412,188122,2022-10-29 15:00:00,13,4,3,8,4
7512279,1640,1618,346,187482,2021-11-23 19:45:00,19,0,0,9,1
6589633,1613,1614,364,186810,2021-03-12 20:00:00,28,1,1,2,2
10480370,1610,1611,364,188989,2024-04-04 19:15:00,31,4,3,12,3
10518124,1626,1666,346,188987,2023-12-13 19:45:00,21,3,1,3,7
8823097,682,698,795,188124,2023-02-27 20:00:00,23,2,1,6,5
10480205,1646,1623,364,188989,2023-12-16 17:30:00,17,0,2,8,6
6639630,3187,3315,524,186353,2020-11-01 17:00:00,6,0,2,12,3
10572216,2975,2447,426,188974,2024-04-27 13:30:00,31,4,1,5,8
7512167,1637,1616,346,187482,2022-01-11 20:00:00,25,0,7,2,11
11933083,5707,5677,255,189744,2024-11-30 22:30:00,36,1,2,3,4
8826951,3185,3158,524,188160,2023-04-08 16:30:00,29,0,1,7,4
8786121,3795,19830,412,188122,2023-03-05 12:00:00,26,2,2,3,4
10572256,2448,2520,426,188974,2024-03-31 17:30:00,27,2,2,6,5
7512432,1659,1663,346,187482,2021-09-11 14:00:00,6,3,0,6,0
8826762,3192,3158,524,188160,2022-08-14 18:45:00,1,0,1,4,2
6184870,5649,5656,255,186667,2020-08-15 22:00:00,3,0,0,7,5
11873144,5644,5812,255,189744,2024-04-28 23:00:00,4,1,1,13,0
8776844,1642,1612,364,188095,2022-10-22 11:30:00,13,1,0,2,11
6593786,1650,1640,346,186333,2021-04-02 14:00:00,39,3,0,6,6
7512263,1621,1616,346,187482,2021-11-03 19:45:00,16,0,7,2,8
6543064,2975,2460,426,186265,2020-09-20 13:30:00,1,3,1,7,5
8823057,692,678,795,188124,2023-01-29 17:30:00,19,1,0,2,5
7606813,3166,3159,524,187528,2021-12-18 17:00:00,18,0,2,8,3
10521374,713,708,795,189012,2024-05-05 19:00:00,34,0,1,9,2
8785840,3781,3797,412,188122,2022-10-02 13:00:00,9,1,3,4,4
6589705,1629,1651,364,186810,2021-05-09 11:00:00,35,2,1,10,5
6639375,3185,3158,524,186353,2021-04-18 16:00:00,31,3,1,11,3
8341247,5663,5655,255,187965,2022-07-24 22:00:00,19,0,0,7,5
8785229,2462,2454,426,188082,2023-04-15 16:30:00,28,1,1,10,2
6425488,3766,3772,412,186243,2021-01-29 20:00:00,22,2,1,7,9
7512032,1672,1660,346,187482,2022-03-19 15:00:00,39,1,3,6,5
8776832,1633,1629,364,188095,2022-10-01 16:30:00,9,2,0,1,6
10480148,1642,1614,364,188989,2023-11-05 14:00:00,11,2,0,0,10
6632680,674,700,795,186267,2021-01-04 20:00:00,17,1,1,9,7
6594165,10531,1639,346,186333,2020-10-27 19:45:00,8,2,0,10,2
10567210,3771,3788,412,189971,2024-05-12 19:00:00,33,3,1,9,5
7606862,3166,3158,524,187528,2021-12-01 17:30:00,15,1,0,3,3
7536071,695,700,795,187526,2022-01-22 13:00:00,22,0,2,8,2
8819410,1639,1632,346,188096,2022-08-20 14:00:00,5,0,1,NA,NA
6425464,3782,3777,412,186243,2021-02-07 14:00:00,24,1,0,8,2
7535966,679,680,795,187526,2022-05-15 17:30:00,37,1,1,4,5
9967556,5646,5640,255,188756,2023-08-14 22:00:00,19,1,0,3,5
8341445,5654,5655,255,187965,2022-10-26 00:45:00,34,3,2,7,2
8785016,2457,2462,426,188082,2022-08-13 13:30:00,2,1,1,4,5
8341440,5663,5653,255,187965,2022-10-24 23:00:00,33,0,0,2,11
8786248,3771,3769,412,188122,2023-04-30 18:45:00,33,2,1,12,1
8785868,3787,3766,412,188122,2022-10-22 15:00:00,12,1,2,4,7
7485433,1613,1630,364,187475,2021-09-17 19:00:00,5,1,1,4,5
6425224,3773,3767,412,186243,2020-09-10 19:00:00,2,1,0,4,2
6594180,10529,1620,346,186333,2020-10-24 14:00:00,7,1,1,4,8
8826992,3315,3166,524,188160,2023-05-08 18:45:00,34,1,1,4,4
10607717,3178,3166,524,188994,2024-03-15 19:45:00,29,0,1,7,6
10480165,1659,1614,364,188989,2023-12-03 14:00:00,14,2,2,7,7
6632727,684,682,795,186267,2020-12-13 15:15:00,13,1,1,4,8
7246242,5663,5648,255,187168,2021-06-20 21:15:00,5,1,1,7,3
6594215,1643,1673,346,186333,2020-10-03 14:00:00,4,1,1,2,6
8826800,3178,3235,524,188160,2022-11-11 19:45:00,15,2,0,4,9
8785302,2454,2481,426,188082,2023-05-27 13:30:00,34,2,0,4,4
9967350,5649,5655,255,188756,2023-04-16 21:30:00,1,1,0,4,11
7512365,1650,1618,346,187482,2021-09-28 18:45:00,10,2,0,1,4
8341169,5654,5659,255,187965,2022-05-08 14:00:00,5,0,1,10,4
10517489,1639,1672,346,188987,2023-09-24 11:00:00,8,1,3,10,6
6542890,2451,2453,426,186265,2021-01-31 17:00:00,19,3,0,5,10
8341128,5653,5812,255,187965,2022-05-14 22:00:00,6,2,0,10,2
7606658,3193,3173,524,187528,2022-04-24 16:00:00,34,1,0,2,3
7517867,3774,3775,412,187374,2021-12-12 14:00:00,18,1,2,11,6
10572127,2482,2658,426,188974,2024-01-27 14:30:00,19,1,1,9,5
10480267,1614,1613,364,188989,2024-01-30 20:15:00,22,1,3,8,7
10480221,1659,1616,364,188989,2023-12-26 15:00:00,19,3,0,6,5
10517522,1639,1641,346,188987,2023-09-02 14:00:00,5,0,2,9,0
6632745,698,678,795,186267,2020-11-29 15:15:00,11,1,1,3,2
10517490,1644,1627,346,188987,2023-09-20 18:45:00,7,2,2,3,2
7536136,674,846,795,187526,2022-03-05 17:30:00,27,3,1,3,6
10521345,675,692,795,189012,2024-03-10 17:30:00,28,4,0,12,1
6184933,5663,5674,255,186667,2020-09-09 21:00:00,9,1,0,6,1
8823025,686,679,795,188124,2022-11-09 20:30:00,14,1,0,2,5
8826842,3176,3185,524,188160,2023-01-21 19:45:00,19,0,1,5,3
7512232,1621,1641,346,187482,2021-12-04 15:00:00,21,1,0,2,1
8785317,2460,2445,426,188082,2023-05-21 13:30:00,33,1,4,6,3
10572305,2454,2500,426,188974,2024-04-28 13:30:00,31,0,0,3,4
10518085,1626,1673,346,188987,2023-12-23 15:00:00,23,2,0,12,2
12781260,5707,5650,255,189744,2024-09-05 23:00:00,16,0,0,3,3
10480301,1669,1610,364,188989,2024-03-02 15:00:00,27,2,2,0,6
7485126,1651,1611,364,187475,2022-05-07 16:30:00,36,4,0,7,6
10607504,3194,3158,524,188994,2023-08-26 18:45:00,2,2,1,1,12
6425361,3776,3766,412,186243,2020-11-01 20:00:00,9,1,1,9,4
8341426,5656,5812,255,187965,2022-09-28 22:00:00,28,2,1,5,4
8823114,684,686,795,188124,2023-03-19 13:00:00,26,1,0,4,4
7516663,2481,2500,426,187511,2022-02-05 14:30:00,21,2,0,4,6
11933044,5685,5707,255,189744,2024-11-02 19:00:00,32,0,0,11,5
10521401,676,674,795,189012,2024-04-29 19:00:00,33,4,2,15,1
8776951,1611,1628,364,188095,2023-02-04 15:00:00,22,2,1,5,5
7485415,1613,1624,364,187475,2021-10-17 15:30:00,8,2,3,2,9
7535902,687,713,795,187526,2021-08-22 15:00:00,2,1,0,5,4
7246049,5656,5677,255,187168,2021-10-06 00:30:00,24,3,1,7,0
8823287,675,681,795,188124,2022-10-02 19:00:00,7,1,1,10,2
10517653,1627,1638,346,188987,2023-09-23 14:00:00,8,0,0,6,8
10607535,3172,3173,524,188994,2023-09-24 13:00:00,5,2,0,7,7
7517953,3803,3777,412,187374,2021-09-26 13:00:00,8,1,2,4,3
12337152,5642,5653,255,189744,2024-06-20 21:30:00,10,4,2,2,4
6593805,1655,1643,346,186333,2021-03-20 15:00:00,38,0,2,7,2
6589682,1625,1619,364,186810,2021-03-10 18:00:00,33,5,2,5,5
6639402,3187,3197,524,186353,2021-04-03 13:00:00,29,4,3,4,6
10521194,679,682,795,189012,2023-11-12 20:00:00,13,3,1,6,3
9967683,5638,5640,255,188756,2023-11-02 23:00:00,31,1,0,3,4
8785017,2446,2481,426,188082,2022-08-13 13:30:00,2,1,2,7,3
8826808,3235,3159,524,188160,2023-01-04 17:30:00,16,0,1,3,8
6639303,3160,3315,524,186353,2021-05-16 16:00:00,37,1,3,2,12
8823094,686,702,795,188124,2023-03-04 17:30:00,24,0,1,6,7
8341124,5643,5655,255,187965,2022-05-15 22:00:00,6,1,0,5,9
7245908,5819,5812,255,187168,2021-12-03 23:00:00,36,0,1,3,4
9967504,5673,5644,255,188756,2023-06-25 21:30:00,12,1,2,3,2
10607657,3162,3173,524,188994,2023-12-02 17:00:00,14,1,0,4,3
10572144,2445,2446,426,188974,2023-12-10 14:30:00,14,1,1,8,8
6632730,680,675,795,186267,2020-12-05 15:15:00,12,0,1,4,3
7535999,678,674,795,187526,2022-05-07 14:15:00,35,0,0,4,2
8785789,19830,3795,412,188122,2022-08-31 17:00:00,5,2,4,8,4
6594173,1637,1643,346,186333,2020-10-24 14:00:00,7,3,0,4,5
7512363,1621,10529,346,187482,2021-09-25 14:00:00,9,5,1,2,6
7512218,1664,1668,346,187482,2021-12-18 15:00:00,23,3,1,6,7
6594175,1642,1647,346,186333,2020-10-23 18:45:00,7,1,1,8,5
8785892,3781,3773,412,188122,2022-08-14 13:00:00,2,0,0,1,3
6639477,3219,3164,524,186353,2021-02-07 11:30:00,21,1,1,2,10
6589490,1613,1616,364,186810,2020-12-19 20:00:00,14,1,1,2,9
6185058,5651,5655,255,186667,2020-11-21 22:00:00,22,1,0,9,2
8819562,1639,1640,346,188096,2022-10-22 14:00:00,17,0,2,9,2
7485373,1644,1611,364,187475,2021-11-20 15:00:00,12,4,1,8,3
7511949,1638,1672,346,187482,2022-04-18 14:00:00,43,2,1,5,7
8341305,5669,5644,255,187965,2022-07-02 22:00:00,15,1,1,3,2
10607857,3157,3172,524,188994,2024-02-25 19:45:00,26,1,1,5,3
10567100,3771,3797,412,189971,2023-12-17 16:05:00,16,2,1,4,1
8786165,3771,3795,412,188122,2023-04-16 18:45:00,31,3,1,8,1
9967354,5673,5648,255,188756,2023-04-15 19:00:00,1,0,3,11,1
6639497,3160,3164,524,186353,2021-01-24 19:45:00,19,0,2,5,5
7512135,10531,1641,346,187482,2022-01-22 15:00:00,28,1,0,2,9
6589517,1623,1633,364,186810,2021-01-01 17:30:00,17,0,1,5,4
10607755,3163,3178,524,188994,2024-05-19 13:00:00,37,1,1,5,5
9967540,5649,5640,255,188756,2023-08-27 22:00:00,21,3,0,6,5
6593701,1637,1673,346,186333,2021-05-08 11:30:00,46,2,2,3,3
10518396,1620,1632,346,188987,2024-02-04 12:00:00,30,1,1,1,6
8785884,3779,3771,412,188122,2022-10-29 19:00:00,13,2,2,3,0
8785058,2453,2454,426,188082,2022-09-11 15:30:00,6,0,0,7,6
11932902,5663,5812,255,189744,2024-07-21 21:30:00,18,3,1,5,6
8341201,5644,5659,255,187965,2022-06-19 21:00:00,13,2,3,7,2
6184929,5656,5646,255,186667,2020-09-10 22:15:00,9,0,2,5,6
10517810,1630,10531,346,188987,2023-11-29 19:45:00,18,3,1,6,5
8826892,3178,3187,524,188160,2023-02-25 17:00:00,24,0,2,4,13
8826976,3157,3235,524,188160,2023-05-03 19:00:00,33,1,1,10,0
7512214,1620,1659,346,187482,2021-12-18 12:30:00,23,1,0,7,4
10480131,1610,1614,364,188989,2023-09-24 13:00:00,6,0,1,5,11
10517492,1640,1673,346,188987,2023-09-25 19:00:00,8,1,1,10,4
7246184,5649,5644,255,187168,2021-07-10 19:30:00,11,0,0,5,7
7606917,3192,3194,524,187528,2021-09-22 16:30:00,5,2,2,4,5
10518122,1672,10529,346,188987,2023-12-16 15:00:00,22,3,0,9,2
8785155,2975,2444,426,188082,2023-01-20 19:30:00,16,1,1,3,2
10480294,1659,1628,364,188989,2024-04-02 18:45:00,31,1,0,9,2
6542885,2445,2460,426,186265,2021-01-29 19:30:00,19,2,0,2,4
7246140,5651,5638,255,187168,2021-08-07 21:00:00,15,1,2,8,2
7536165,684,686,795,187526,2022-02-20 17:30:00,25,2,1,4,7
6589720,1623,1629,364,186810,2021-05-19 17:00:00,37,1,0,7,12
7516584,2453,2454,426,187511,2022-04-23 13:30:00,31,3,3,8,0
10518774,1621,1649,346,188987,2024-03-09 15:00:00,37,1,1,1,5
10521235,680,678,795,189012,2024-01-04 18:15:00,19,0,2,5,4
6594056,1644,1643,346,186333,2020-12-08 19:45:00,17,2,0,2,4
7516816,2448,2462,426,187511,2021-10-24 17:30:00,9,2,0,4,7
10567280,3775,3770,412,189971,2024-03-31 13:00:00,27,1,2,9,3
6632711,695,687,795,186267,2020-12-19 17:30:00,14,2,1,3,4
7606878,3187,3166,524,187528,2021-10-28 18:45:00,10,3,0,4,2
6425303,3799,3779,412,186243,2020-12-16 18:00:00,15,0,2,6,2
6425353,3772,3787,412,186243,2020-11-07 16:00:00,10,0,2,3,5
7512386,1616,10531,346,187482,2021-09-29 18:45:00,10,3,1,3,4
6589693,1619,1631,364,186810,2021-04-30 19:00:00,34,1,1,0,10
6185040,5648,5649,255,186667,2020-11-08 23:30:00,20,0,1,4,5
6632666,684,692,795,186267,2021-01-20 20:00:00,19,2,1,5,6
7512143,10529,1642,346,187482,2022-01-30 16:00:00,29,2,1,3,2
7606826,3164,3194,524,187528,2021-11-27 14:00:00,14,3,1,4,5
7606775,3166,3161,524,187528,2022-04-27 18:15:00,20,2,1,0,7
6593858,1643,1637,346,186333,2021-02-27 15:00:00,33,0,1,10,8
7512092,1642,1639,346,187482,2022-02-12 15:00:00,32,2,2,5,5
7517690,3773,3797,412,187374,2022-03-19 16:00:00,29,3,1,7,2
10480135,1611,1651,364,188989,2023-09-16 14:00:00,5,1,3,8,1
10572288,2460,2447,426,188974,2024-05-11 16:30:00,33,3,0,NA,NA
11933059,5812,5685,255,189744,2024-11-09 22:00:00,33,0,0,7,6
6639498,3157,3172,524,186353,2021-01-23 17:00:00,19,0,3,5,7
8819593,1620,1660,346,188096,2022-12-10 15:00:00,22,2,1,3,2
10607792,3254,3161,524,188994,2024-05-10 18:45:00,36,0,5,8,4
11933086,5642,5649,255,189744,2024-12-04 23:00:00,37,1,1,6,1
7246263,5649,5651,255,187168,2021-06-13 19:00:00,3,0,1,6,4
6425457,3777,3779,412,186243,2021-02-14 14:00:00,25,1,2,7,7
6594107,1660,1618,346,186333,2020-11-24 19:00:00,13,1,1,8,4
6632619,682,684,795,186267,2021-02-14 20:00:00,23,1,2,7,3
7512403,1673,1637,346,187482,2021-08-28 14:00:00,5,4,0,5,3
9967475,5707,5677,255,188756,2023-07-08 19:00:00,14,1,1,5,5
10566981,3793,3803,412,189971,2023-08-20 13:00:00,2,1,2,5,3
8826851,3187,3158,524,188160,2023-01-29 19:45:00,20,2,1,3,8
7245986,5812,5650,255,187168,2021-11-23 22:00:00,30,1,1,6,2
10567240,3802,3773,412,189971,2024-02-18 16:05:00,22,1,1,3,2
7246101,5674,5651,255,187168,2021-12-10 00:30:00,38,1,1,6,4
7512460,1637,1655,346,187482,2021-08-17 19:00:00,3,2,3,5,2
7536095,702,695,795,187526,2021-09-18 16:30:00,5,1,1,4,7
7246284,5644,5674,255,187168,2021-05-30 23:30:00,1,2,2,6,1
6589675,1629,1636,364,186810,2021-04-17 19:15:00,32,1,0,3,3
8776773,1619,1610,364,188095,2022-08-30 18:45:00,5,2,1,5,3
8819745,1641,1635,346,188096,2023-02-25 15:00:00,34,2,1,3,7
6594031,1644,1669,346,186333,2020-12-15 20:00:00,19,1,1,2,0
8341316,5656,5644,255,187965,2022-09-04 19:00:00,25,2,2,2,8
7512200,1668,1638,346,187482,2021-12-11 15:00:00,22,2,1,8,3
10521195,680,684,795,189012,2023-11-12 17:30:00,13,1,1,9,5
8776878,1642,1669,364,188095,2022-11-05 15:00:00,15,2,2,3,3
7516585,2454,2463,426,187511,2022-04-16 16:30:00,30,1,3,5,5
6639504,3185,3205,524,186353,2021-01-16 17:00:00,18,0,0,6,2
8776835,1623,1611,364,188095,2022-10-09 18:00:00,10,1,2,5,4
10480209,1633,1629,364,188989,2023-12-17 14:00:00,17,3,0,6,5
6639465,3197,3315,524,186353,2021-02-14 17:00:00,22,1,2,7,8
8822927,713,686,795,188124,2022-08-27 17:30:00,3,0,2,7,3
8819712,1627,1640,346,188096,2023-02-03 20:00:00,30,1,0,10,4
6639617,3157,3194,524,186353,2020-11-08 19:45:00,7,2,2,14,1
10567204,3776,3775,412,189971,2024-05-19 19:00:00,34,2,2,3,5
6594023,1669,1637,346,186333,2020-12-19 15:00:00,20,3,1,4,5
8785071,2443,2454,426,188082,2022-10-01 16:30:00,8,5,1,4,5
10517774,1639,1666,346,188987,2023-12-09 15:00:00,20,0,1,4,5
6593838,1638,1621,346,186333,2021-03-06 15:00:00,35,0,2,3,2
7517945,3774,3779,412,187374,2021-10-24 13:00:00,11,1,0,11,6
6632813,802,679,795,186267,2020-09-30 17:00:00,4,0,0,5,7
8823243,682,684,795,188124,2023-03-12 17:30:00,25,1,1,2,4
7516576,2453,2448,426,187511,2022-04-16 13:30:00,30,3,0,3,4
7517747,3795,3766,412,187374,2022-01-16 16:05:00,21,0,1,4,7
8819466,1672,1639,346,188096,2022-09-13 18:45:00,10,0,3,7,6
6632634,802,675,795,186267,2021-02-06 15:15:00,22,1,2,3,9
7512427,1637,1650,346,187482,2021-09-11 14:00:00,6,3,3,3,6
6589555,1609,1611,364,186810,2021-01-30 17:30:00,21,0,0,4,7
8826891,3172,3163,524,188160,2023-03-04 17:00:00,25,0,0,12,3
7485168,1624,1633,364,187475,2022-03-20 16:30:00,30,3,1,5,3
7485193,1646,1610,364,187475,2022-03-05 15:00:00,28,0,4,5,2
8776767,1633,1624,364,188095,2022-08-31 18:45:00,5,1,1,3,4
7536223,682,698,795,187526,2021-11-07 13:00:00,13,1,0,6,4
11873089,5651,5644,255,189744,2024-04-21 19:00:00,3,1,0,5,3
10607791,3254,3192,524,188994,2024-04-26 18:45:00,34,3,0,7,3
10521101,846,686,795,189012,2023-08-26 17:30:00,3,3,2,5,3
10521168,756,686,795,189012,2023-09-23 12:00:00,6,5,3,6,5
7245953,5685,5663,255,187168,2021-11-13 22:00:00,32,3,0,2,5
9967476,5643,5653,255,188756,2023-07-17 23:00:00,15,0,0,6,4
8776834,1625,1619,364,188095,2022-10-08 14:00:00,10,4,0,9,1
6185139,5677,5656,255,186667,2021-01-28 22:00:00,30,2,1,3,10
10518599,1639,1627,346,188987,2024-04-06 14:00:00,41,2,2,5,7
7512194,1618,1668,346,187482,2022-01-25 19:45:00,25,2,2,3,4
8341215,5659,5643,255,187965,2022-06-06 23:00:00,9,1,2,9,2
8819662,1655,1621,346,188096,2023-01-21 15:00:00,28,1,1,5,3
10521191,696,708,795,189012,2023-11-05 13:00:00,12,1,0,12,6
8776859,1659,1619,364,188095,2022-10-19 18:30:00,12,0,1,7,3
7517669,3766,3799,412,187374,2022-04-03 15:05:00,30,3,2,9,2
8341239,5812,5656,255,187965,2022-06-04 23:30:00,9,0,1,9,0
10607714,3166,3236,524,188994,2024-04-13 18:45:00,32,0,0,10,0
7516780,2482,2975,426,187511,2021-11-20 14:30:00,12,2,0,7,2
10521470,696,687,795,189012,2024-03-31 16:30:00,30,0,1,3,8
8776908,1631,1613,364,188095,2022-12-26 15:00:00,17,0,3,5,5
8819872,1664,1627,346,188096,2023-04-18 18:45:00,43,0,2,5,5
7485172,1633,1614,364,187475,2022-03-13 14:00:00,29,2,1,5,7
6589356,1651,1610,364,186810,2020-09-14 19:15:00,1,1,3,4,3
6594010,1621,1666,346,186333,2020-12-26 15:00:00,21,1,1,5,1
7606690,3158,3194,524,187528,2022-02-19 17:00:00,26,2,2,4,2
7516799,2451,2447,426,187511,2021-11-27 14:30:00,13,1,3,7,7
8819550,1673,1641,346,188096,2022-10-18 18:45:00,16,0,1,5,5
7485435,1629,1669,364,187475,2021-09-18 11:30:00,5,0,2,4,2
7512120,1668,1636,346,187482,2022-01-29 17:30:00,29,0,2,0,9
6589714,1624,1629,364,186810,2021-05-16 13:05:00,36,2,0,10,3
7536400,846,676,795,187526,2022-01-08 17:30:00,20,1,1,3,2
10607582,3161,3158,524,188994,2023-10-29 17:00:00,10,1,0,8,0
7512155,1660,1659,346,187482,2022-01-15 12:30:00,27,3,2,4,6
10517471,1631,10529,346,188987,2023-08-19 14:00:00,3,2,1,10,4
10480372,1612,1651,364,188989,2024-03-31 13:00:00,30,2,1,8,4
6594216,1637,1644,346,186333,2020-10-03 14:00:00,4,1,0,1,5
6589437,1612,1631,364,186810,2020-11-22 19:15:00,9,3,0,10,3
10567184,3779,3774,412,189971,2024-03-31 15:00:00,27,2,0,4,5
8819841,1626,1643,346,188096,2023-04-10 14:00:00,41,0,0,10,3
8819882,1672,1644,346,188096,2023-04-22 14:00:00,44,1,0,2,5
8819436,1621,1655,346,188096,2022-09-03 14:00:00,8,2,3,5,6
6542925,2500,2446,426,186265,2021-01-15 19:30:00,16,1,0,2,3
11276320,1646,1660,364,188989,2024-01-12 19:45:00,21,1,1,2,8
6594054,1663,1678,346,186333,2020-12-09 19:45:00,17,2,1,7,5
7606873,3178,3193,524,187528,2021-11-05 19:45:00,12,2,2,4,5
8785079,2444,2453,426,188082,2022-10-16 17:30:00,10,5,0,5,5
10567231,3774,3771,412,189971,2024-03-17 16:00:00,26,2,0,4,5
7512357,1638,1660,346,187482,2021-10-16 14:00:00,12,0,2,12,3
10572121,2460,2444,426,188974,2023-10-21 16:30:00,8,1,3,2,7
7517997,3775,3772,412,187374,2021-08-28 15:00:00,4,4,0,3,0
7485413,1644,1612,364,187475,2021-10-16 11:30:00,8,0,5,1,9
8827030,3162,3235,524,188160,2023-05-28 16:00:00,37,3,2,4,3
7606841,3205,3315,524,187528,2021-12-05 14:00:00,16,2,2,2,5
7485135,1614,1626,364,187475,2022-04-30 14:00:00,35,2,0,2,3
10572148,2446,2454,426,188974,2024-01-27 17:30:00,19,0,0,8,2
7512004,1620,10529,346,187482,2022-04-27 18:45:00,39,2,0,9,4
6589472,1619,1636,364,186810,2020-12-13 12:00:00,12,3,0,8,4
8819508,1621,1643,346,188096,2022-10-08 14:00:00,14,3,0,8,3
7512072,1650,1672,346,187482,2022-02-19 15:00:00,33,1,1,5,2
8826767,3157,3163,524,188160,2022-08-13 16:30:00,1,4,2,5,1
8776934,1642,1631,364,188095,2023-01-14 15:00:00,20,2,0,3,5
8786326,3795,3779,412,188122,2023-05-21 13:00:00,36,1,1,4,5
8819476,1636,1618,346,188096,2022-10-01 14:00:00,12,1,1,4,4
8823185,702,680,795,188124,2023-05-24 17:30:00,36,1,1,9,5
7517901,3797,3771,412,187374,2021-10-31 19:45:00,12,0,1,3,2
8823177,713,690,795,188124,2023-05-04 20:00:00,33,2,1,3,4
7246164,5653,5677,255,187168,2021-07-25 14:00:00,13,3,0,8,8
7517954,3773,3776,412,187374,2021-09-18 15:00:00,6,1,0,4,3
10517624,1672,1649,346,188987,2023-09-30 14:00:00,9,1,1,11,4
8776829,1611,1613,364,188095,2022-10-16 13:00:00,11,0,0,4,4
6632832,695,679,795,186267,2021-02-17 18:00:00,2,1,1,1,8
10521282,700,687,795,189012,2023-12-21 18:00:00,18,0,0,7,5
10521396,684,708,795,189012,2024-05-12 19:00:00,35,3,2,3,5
6594110,1678,1669,346,186333,2020-11-21 15:00:00,12,0,0,3,5
6542944,2463,2481,426,186265,2021-01-02 14:30:00,14,0,1,8,3
12337166,5646,5650,255,189744,2024-06-23 21:30:00,11,3,1,11,4
7246198,5648,5669,255,187168,2021-07-08 00:30:00,10,0,0,4,0
11933054,5657,5644,255,189744,2024-11-21 23:00:00,34,0,1,8,3
7485142,1614,1612,364,187475,2022-05-10 19:00:00,33,1,2,2,3
10607784,3194,3163,524,188994,2024-04-20 18:45:00,33,1,0,10,6
8819870,1636,1655,346,188096,2023-04-18 18:45:00,43,1,0,2,2
10480390,1610,1659,364,188989,2024-05-19 15:00:00,38,2,1,6,5
7511906,1660,1668,346,187482,2021-08-07 14:00:00,1,3,0,7,2
11932927,5638,5654,255,189744,2024-08-04 00:30:00,21,1,0,8,3
7246168,5812,5646,255,187168,2021-07-18 19:00:00,12,0,3,4,6
8819357,1672,1655,346,188096,2022-07-30 14:00:00,1,2,1,6,3
7512433,1616,1639,346,187482,2021-08-28 14:00:00,5,3,0,8,7
7485317,1614,1628,364,187475,2022-05-15 13:00:00,37,1,1,1,5
7606970,3162,3205,524,187528,2021-08-28 16:30:00,2,6,1,4,2
7511932,1638,1668,346,187482,2022-04-30 14:00:00,45,3,0,8,12
10480274,1614,1629,364,188989,2024-03-30 17:30:00,30,2,0,5,4
6639412,3194,3172,524,186353,2021-03-21 11:30:00,28,0,2,4,7
6184943,5669,5654,255,186667,2020-09-13 21:00:00,10,2,0,5,8
10567023,3773,3780,412,189971,2023-09-24 13:00:00,6,2,1,9,4
10521217,714,713,795,189012,2023-10-22 12:00:00,10,0,1,10,5
7517633,3803,3797,412,187374,2022-05-01 13:00:00,35,2,0,5,13
6184968,5685,5656,255,186667,2020-10-04,13,0,0,3,8
8341189,5648,5666,255,187965,2022-06-19 22:00:00,13,2,0,6,3
6593806,1669,1642,346,186333,2021-03-20 12:30:00,38,1,1,6,2
6594075,1642,1644,346,186333,2020-12-02 19:45:00,15,0,0,5,6
7606734,3166,3178,524,187528,2022-02-06 14:00:00,24,0,0,3,5
6425218,3782,3788,412,186243,2020-08-30 13:00:00,2,2,0,2,5
10480119,1659,1609,364,188989,2023-09-30 14:00:00,7,0,4,6,6
12281088,5642,5812,255,189744,2024-06-01 19:00:00,7,0,2,3,4
8823130,700,675,795,188124,2023-04-15 19:00:00,29,0,2,2,9
6589668,1610,1651,364,186810,2021-04-20 19:00:00,32,0,0,0,3
8819859,10531,1673,346,188096,2023-04-15 14:00:00,42,1,0,5,4
10521411,678,846,795,189012,2024-04-19 19:00:00,32,1,1,11,4
6184917,5638,5648,255,186667,2020-09-06 19:00:00,8,3,1,3,2
8786130,3766,3788,412,188122,2023-03-05 16:05:00,26,0,0,6,5
9967637,5673,5649,255,188756,2023-10-28 22:00:00,30,3,4,5,7
10518717,1630,1638,346,188987,2024-03-17 15:00:00,38,2,0,13,2
10518931,1630,1619,346,188987,2024-05-04 11:30:00,46,1,2,5,2
10521161,756,714,795,189012,2023-09-03 12:00:00,4,1,0,3,5
8823288,691,674,795,188124,2022-10-02 12:00:00,7,2,2,6,4
10567047,3775,3780,412,189971,2023-11-26 12:00:00,13,1,0,4,2
7516667,2469,2457,426,187511,2022-02-12 14:30:00,22,2,1,8,8
11933084,5649,5656,255,189744,2024-12-08 19:00:00,38,0,3,6,7
6632541,681,674,795,186267,2021-04-21 17:00:00,31,3,1,5,6
7517786,3799,3777,412,187374,2021-10-03 13:00:00,9,3,2,12,2
12337165,5648,5654,255,189744,2024-06-23 19:00:00,11,0,1,2,6
6632662,675,678,795,186267,2020-12-15 21:00:00,19,3,1,6,6
7606807,3315,3166,524,187528,2021-12-22 15:30:00,19,0,3,5,5
8819889,10529,1673,346,188096,2023-04-30 11:00:00,45,1,2,5,9
7485445,1614,1629,364,187475,2021-10-16 14:00:00,8,2,3,6,7
10566996,3787,3793,412,189971,2023-08-13 13:00:00,1,2,2,4,2
7246133,5644,5648,255,187168,2021-08-15 23:30:00,16,4,2,5,8
6543048,2444,2457,426,186265,2020-10-04 16:00:00,3,4,3,6,1
7485334,1619,1624,364,187475,2021-12-28 15:00:00,20,1,1,3,7
7485356,1625,1629,364,187475,2021-12-11 12:30:00,16,1,0,14,1
8819502,1672,1635,346,188096,2022-10-05 18:45:00,13,2,1,9,5
10607622,3166,3193,524,188994,2024-01-05 19:45:00,19,1,1,11,2
7246270,5650,5651,255,187168,2021-06-06 21:15:00,2,0,3,5,1
6594109,1659,1642,346,186333,2020-11-24 20:00:00,13,2,0,5,7
7246045,5648,5685,255,187168,2021-09-26 19:00:00,22,2,1,4,2
8819759,1638,1626,346,188096,2023-03-04 15:00:00,35,2,3,4,4
10517503,1632,1619,346,188987,2023-09-02 11:30:00,5,5,0,5,8
6594225,1644,1660,346,186333,2020-09-26 11:30:00,3,1,0,11,1
7485403,1633,1624,364,187475,2021-10-24 13:00:00,9,1,0,2,4
8785100,2443,2460,426,188082,2022-10-15 13:30:00,10,0,2,3,3
8785895,3766,3775,412,188122,2022-11-11 20:00:00,15,1,1,3,3
6639614,3185,3197,524,186353,2020-11-08 14:00:00,7,0,0,6,3
6425461,3772,3771,412,186243,2021-02-14 20:00:00,25,0,0,6,5
6589576,1614,1609,364,186810,2021-02-06 12:30:00,23,1,0,3,7
6594112,1639,1673,346,186333,2020-11-21 15:00:00,12,4,3,4,2
6632612,687,696,795,186267,2021-02-21 15:15:00,24,4,0,4,3
8785189,2445,2443,426,188082,2023-02-05 14:30:00,19,0,2,8,4
6639643,3172,3164,524,186353,2020-10-24 13:00:00,5,1,3,3,1
6639302,3205,3185,524,186353,2021-05-15 13:00:00,37,4,1,3,6
6639541,3173,3187,524,186353,2021-01-03 14:00:00,15,1,4,3,8
7512377,1650,1655,346,187482,2021-09-18 14:00:00,8,1,2,9,4
6589710,1627,1612,364,186810,2021-05-16 15:30:00,36,1,2,9,13
10607689,3172,3236,524,188994,2023-09-02 18:45:00,3,3,0,7,3
8827007,3236,3187,524,188160,2023-05-14 13:00:00,35,2,0,6,10
8785822,3773,3795,412,188122,2022-09-09 19:00:00,7,1,0,9,1
10572064,2448,2462,426,188974,2023-09-16 16:30:00,4,1,1,8,2
6594095,1621,1663,346,186333,2020-11-28 15:00:00,14,2,1,3,11
6593776,1637,1647,346,186333,2021-04-05 14:00:00,40,3,1,2,4
7512437,1660,1618,346,187482,2021-08-21 14:00:00,4,0,5,5,5
6589692,1613,1609,364,186810,2021-05-02 13:00:00,34,0,2,3,7
7512317,1672,1640,346,187482,2021-10-30 14:00:00,15,0,1,4,8
7511989,1647,1641,346,187482,2022-04-02 14:00:00,40,1,0,9,5
10480224,1660,1609,364,188989,2023-12-05 20:15:00,15,3,4,3,8
8785198,2482,2457,426,188082,2023-03-18 14:30:00,25,3,1,8,9
6593919,1650,1621,346,186333,2021-02-06 15:00:00,28,1,0,6,7
7485369,1669,1626,364,187475,2021-11-06 15:00:00,11,1,2,6,2
10607848,3192,3193,524,188994,2024-01-21 17:00:00,21,1,2,5,5
9967529,5638,5653,255,188756,2023-08-06 19:00:00,18,0,2,9,3
10518061,1632,1641,346,188987,2024-01-01 12:30:00,26,2,0,2,3
7512181,1672,1621,346,187482,2022-01-19 19:45:00,24,2,0,4,10
8826793,3172,3161,524,188160,2022-11-13 11:30:00,15,2,3,5,4
7485437,1646,1609,364,187475,2021-09-18 14:00:00,5,0,1,8,3
8823002,684,708,795,188124,2022-10-16 19:00:00,9,3,1,9,3
7536146,846,700,795,187526,2022-02-28 20:00:00,26,0,0,0,4
6185088,5654,5655,255,186667,2020-12-13 19:00:00,25,4,1,6,4
10607565,3168,3157,524,188994,2023-11-11 14:00:00,12,2,2,3,1
10480386,1623,1636,364,188989,2024-05-11 14:00:00,37,1,0,3,6
6425360,3771,3773,412,186243,2021-01-20 20:00:00,9,0,1,3,9
10517841,1620,1639,346,188987,2023-10-28 14:00:00,14,0,2,8,4
7516578,2459,2444,426,187511,2022-04-17 13:30:00,30,0,3,5,4
8826693,3185,3168,524,188160,2022-09-05 18:45:00,5,1,0,4,4
6542804,2443,2975,426,186265,2021-04-10 13:30:00,28,1,4,2,2
7536056,692,675,795,187526,2022-04-02 16:30:00,30,1,2,9,3
7536246,691,700,795,187526,2021-10-18 19:00:00,9,2,0,7,9
6632641,674,702,795,186267,2021-01-30 17:30:00,21,1,0,4,10
7512283,1659,1640,346,187482,2021-11-27 15:00:00,20,2,2,4,6
6185176,5654,5657,255,186667,2021-02-05,34,2,0,7,5
7536209,681,680,795,187526,2022-02-05 20:00:00,23,0,0,1,1
9967578,5653,5707,255,188756,2023-09-24,24,1,0,6,3
8819643,1673,1660,346,188096,2023-01-01 15:00:00,26,1,2,1,1
8785059,2462,2451,426,188082,2022-09-10 13:30:00,6,0,1,10,5
8777008,1633,1619,364,188095,2023-04-02 13:00:00,29,1,0,5,3
10521237,675,686,795,189012,2024-01-03 18:15:00,19,1,0,5,4
10567124,3776,3777,412,189971,2023-12-03 16:05:00,14,2,0,6,1
7536128,684,678,795,187526,2022-03-13 15:15:00,28,1,0,5,6
10518351,1631,1666,346,188987,2024-02-13 19:45:00,32,2,0,4,7
11873124,5663,5659,255,189744,2024-05-12 19:00:00,6,1,1,6,5
8776980,1623,1614,364,188095,2023-02-25 15:00:00,25,0,2,4,1
11873130,5656,5663,255,189744,2024-05-05,5,0,0,9,5
7512066,1650,10529,346,187482,2022-03-05 15:00:00,36,1,2,8,2
8776814,1669,1609,364,188095,2022-09-18 11:00:00,8,0,3,3,3
10517620,1640,1626,346,188987,2023-10-07 14:00:00,11,1,1,8,0
11873147,5654,5659,255,189744,2024-04-28 14:00:00,4,0,2,8,3
7536140,695,691,795,187526,2022-03-12 13:00:00,28,1,1,8,2
8823144,678,687,795,188124,2023-04-15 14:15:00,29,2,0,5,2
9967468,5663,5707,255,188756,2023-07-16 19:00:00,15,0,1,10,0
6543007,2460,2449,426,186265,2020-11-07 14:30:00,7,2,2,4,9
8785987,3774,3776,412,188122,2023-02-04 20:00:00,22,1,3,2,1
6185127,5674,5646,255,186667,2021-01-09 22:00:00,29,0,1,7,6
10607789,3157,3193,524,188994,2024-05-05 16:00:00,35,3,3,7,1
10517453,1634,1630,346,188987,2023-08-26 14:00:00,4,3,4,8,4
8786131,3769,3795,412,188122,2023-04-01 15:00:00,29,1,0,4,5
7517951,3771,3773,412,187374,2021-09-26 18:45:00,8,2,3,5,7
10521243,687,696,795,189012,2024-01-02 18:15:00,19,1,1,6,4
7516566,2469,2447,426,187511,2022-05-07 13:30:00,33,1,3,5,2
10607739,3236,3158,524,188994,2024-03-02 17:00:00,27,1,4,6,3
7517934,3799,3775,412,187374,2021-10-31 12:00:00,12,1,2,3,8
8341220,5707,5651,255,187965,2022-05-29 21:00:00,8,0,1,8,8
7246111,5677,5648,255,187168,2021-12-05 19:00:00,37,2,0,11,3
10518677,1672,1639,346,188987,2024-03-29 15:00:00,39,0,2,8,5
7536202,686,678,795,187526,2022-02-14 20:00:00,24,3,2,6,6
6184860,5644,5655,255,186667,2020-08-13 22:30:00,2,2,0,9,4
7517694,3802,3779,412,187374,2022-03-06 14:00:00,27,1,1,2,4
6542976,2447,2445,426,186265,2020-12-12 14:30:00,11,1,5,8,2
6589691,1611,1612,364,186810,2021-05-13 19:15:00,34,2,4,6,4
10567106,3767,3777,412,189971,2023-12-20 20:00:00,17,3,1,5,5
7512446,1659,1664,346,187482,2021-08-21 14:00:00,4,2,2,5,5
8819619,1655,1639,346,188096,2022-12-17 15:00:00,23,1,2,3,3
9967609,5685,5656,255,188756,2023-11-05 19:00:00,32,1,0,10,6
6632518,698,675,795,186267,2021-04-18 19:00:00,33,0,0,6,6
8819843,1646,1636,346,188096,2023-04-10 19:00:00,41,2,0,8,2
10521457,684,698,795,189012,2024-02-04 17:30:00,23,1,1,3,5
7536278,691,678,795,187526,2021-10-26 19:00:00,11,1,1,8,12
8785160,2457,2451,426,188082,2023-01-24 19:30:00,17,0,5,6,4
8819352,1646,1660,346,188096,2022-08-06 14:00:00,2,1,1,11,2
7246076,5651,5674,255,187168,2021-09-05 21:15:00,19,0,0,9,7
11340302,5656,5677,255,188756,2023-11-25,35,1,5,3,3
6594161,1647,10529,346,186333,2020-10-28 19:45:00,8,1,1,5,3
8826874,3159,3176,524,188160,2023-02-12 17:00:00,22,1,0,5,6
10572229,2445,2462,426,188974,2024-04-13 16:30:00,29,3,0,4,5
10480162,1629,1624,364,188989,2023-11-11 12:30:00,12,2,1,11,3
7512131,1639,10531,346,187482,2022-02-08 19:45:00,31,3,0,8,1
6185103,5663,5669,255,186667,2020-12-20 23:30:00,26,0,2,5,1
7511980,1636,1637,346,187482,2022-04-15 14:00:00,42,1,2,6,2
8785945,3771,3788,412,188122,2023-01-14 18:00:00,19,3,1,6,3
8785183,2451,2975,426,188082,2023-02-18 14:30:00,21,0,3,2,5
7485478,1633,1628,364,187475,2021-08-28 14:00:00,3,2,2,5,3
7517676,3787,3803,412,187374,2022-04-03 13:00:00,30,1,2,7,5
6639552,3197,3160,524,186353,2020-12-22 17:30:00,14,2,1,3,6
6639574,3185,3163,524,186353,2020-12-12 17:00:00,11,2,3,2,2
7536047,679,691,795,187526,2022-04-17 14:15:00,32,2,1,6,3
7606928,3161,3166,524,187528,2021-09-18 16:00:00,4,6,1,5,1
8341132,5650,5644,255,187965,2022-05-08 22:00:00,5,1,1,6,3
7511996,1640,1621,346,187482,2022-04-02 14:00:00,40,2,2,2,4
10567163,3788,3780,412,189971,2024-04-28 13:00:00,31,1,2,5,1
9967657,5707,5643,255,188756,2023-10-21 21:30:00,28,1,1,13,2
7246155,5656,5654,255,187168,2021-08-01 19:00:00,14,1,3,3,6
6639419,3173,3159,524,186353,2021-03-14 17:00:00,27,1,3,8,5
10607625,3194,3173,524,188994,2023-12-23 17:00:00,17,2,0,11,7
7606601,3173,3161,524,187528,2022-05-15 18:45:00,37,1,3,2,5
8776893,1614,1612,364,188095,2022-12-26 17:30:00,17,1,3,0,6
6593998,1673,1621,346,186333,2020-12-29 19:45:00,22,2,1,5,3
10521247,714,700,795,189012,2023-12-17 17:30:00,17,1,1,4,6
10521109,678,675,795,189012,2023-08-12 19:30:00,1,0,2,7,5
6425212,3788,3773,412,186243,2020-09-13 13:00:00,3,2,3,4,2
6543009,2451,2482,426,186265,2020-11-08 14:30:00,7,2,1,3,7
10518160,1643,1627,346,188987,2023-12-12 19:45:00,21,0,2,1,2
10607745,3157,3192,524,188994,2024-05-25 18:45:00,38,3,3,13,3
6425561,3788,3772,412,186243,2021-04-25 13:00:00,34,4,1,6,3
6593933,1626,1620,346,186333,2021-01-30 12:30:00,27,0,0,3,7
6184996,5657,5663,255,186667,2020-11-19 22:00:00,16,0,0,4,11
8341235,5660,5659,255,187965,2022-05-29 19:00:00,8,1,0,5,9
8819516,1672,1618,346,188096,2022-10-16 14:00:00,15,0,2,7,6
6632557,684,679,795,186267,2021-04-11 19:00:00,30,1,1,5,5
7536024,675,691,795,187526,2022-04-30 14:15:00,34,4,0,6,8
7512262,1618,1637,346,187482,2021-11-06 15:00:00,17,1,2,3,3
10480308,1659,1625,364,188989,2024-02-24 17:30:00,26,0,1,3,8
8341322,5650,5659,255,187965,2022-08-21 14:00:00,23,2,2,2,4
7485395,1614,1633,364,187475,2021-10-31 16:30:00,10,1,4,3,6
7606772,3185,3194,524,187528,2021-12-19 17:00:00,18,1,0,5,3
8341306,5648,5656,255,187965,2022-07-02 19:30:00,15,4,0,6,4
7536155,682,692,795,187526,2022-03-12 17:30:00,28,1,0,5,6
7517646,3776,3773,412,187374,2022-04-16 19:00:00,32,1,2,13,7
10480356,1616,1613,364,188989,2024-04-06 14:00:00,32,0,1,14,3
7485353,1644,1625,364,187475,2021-12-04 17:30:00,15,1,3,5,11
10572146,2481,2446,426,188974,2024-01-13 14:30:00,17,0,1,0,12
6542998,2457,2447,426,186265,2020-11-21 19:30:00,8,2,5,4,3
6425191,3771,3777,412,186243,2020-09-26 19:00:00,5,1,1,5,5
10521327,700,676,795,189012,2024-04-13 19:00:00,31,0,1,8,4
10518343,1627,1619,346,188987,2024-02-16 20:00:00,33,0,2,6,9
8785844,3802,3767,412,188122,2022-10-08 19:00:00,10,0,0,7,3
7517720,3777,3771,412,187374,2022-02-13 19:45:00,24,1,2,3,8
9967389,5657,5646,255,188756,2023-04-23 19:00:00,2,2,2,2,5
6593725,1637,10531,346,186333,2021-04-25 11:00:00,44,2,2,7,4
6593953,1626,1655,346,186333,2021-01-20 18:00:00,25,2,0,6,3
6594038,1666,1663,346,186333,2020-12-12 15:00:00,18,1,2,6,4
10572249,2500,2446,426,188974,2024-04-06 13:30:00,28,0,1,7,10
6589575,1612,1651,364,186810,2021-02-03 20:15:00,22,0,1,5,3
8777057,1625,1609,364,188095,2023-04-26 19:00:00,33,4,1,1,3
10521383,714,756,795,189012,2024-04-27 12:00:00,33,0,2,4,2
10480091,1613,1628,364,188989,2023-10-21 14:00:00,9,4,0,6,8
10517839,1632,1626,346,188987,2023-10-28 14:00:00,14,3,1,7,1
7517984,3775,19830,412,187374,2021-09-19 11:00:00,6,2,2,5,2
7536045,681,675,795,187526,2022-04-20 19:30:00,33,1,3,3,4
6425293,3803,3787,412,186243,2020-12-20 12:00:00,16,2,2,6,4
6425385,3774,3770,412,186243,2021-04-11 11:00:00,32,1,0,3,3
10521246,846,680,795,189012,2023-12-19 20:30:00,18,0,3,6,4
6542785,2459,2449,426,186265,2021-04-20 18:30:00,30,1,0,4,2
6589636,1651,1613,364,186810,2021-03-20 20:00:00,29,3,0,3,1
6425368,3787,3802,412,186243,2020-10-25 14:00:00,8,0,4,3,8
6639358,3162,3157,524,186353,2021-04-26 18:45:00,33,3,0,1,9
7511891,1638,1621,346,187482,2021-08-14 14:00:00,2,1,1,7,3
11932845,5642,5651,255,189744,2024-06-30 21:30:00,13,0,1,7,6
7246245,5651,5654,255,187168,2021-11-02 19:00:00,4,2,2,7,3
7512009,1659,1655,346,187482,2022-04-02 14:00:00,40,3,2,12,3
6589531,1633,1627,364,186810,2021-01-19 18:00:00,18,2,1,4,1
6593967,1650,1678,346,186333,2021-03-09 19:00:00,24,1,0,4,6
10607695,3176,3254,524,188994,2024-02-11 11:30:00,24,5,1,2,5
7517640,3766,3772,412,187374,2022-04-17 15:05:00,32,6,1,3,5
6594195,10531,1673,346,186333,2020-10-17 14:00:00,5,1,2,15,2
10518349,1673,1672,346,188987,2024-02-17 15:00:00,33,1,2,11,3
7517966,3770,3795,412,187374,2021-10-03 13:00:00,9,2,0,3,7
7606691,3159,3205,524,187528,2022-03-06 17:00:00,28,1,0,4,4
6594004,1642,1618,346,186333,2020-12-26 15:00:00,21,0,0,7,3
7536231,681,846,795,187526,2021-10-22 19:00:00,10,1,1,4,1
8785821,3780,3802,412,188122,2022-09-11 13:00:00,7,1,0,4,6
6639459,3219,3158,524,186353,2021-02-21 19:45:00,23,0,0,1,9
7512136,1636,1660,346,187482,2022-01-22 15:00:00,28,2,0,8,1
8776965,1624,1625,364,188095,2023-02-05 16:30:00,22,1,0,4,6
10567063,3803,3780,412,189971,2023-10-08 13:00:00,8,1,1,3,5
11873139,5659,5677,255,189744,2024-05-05 21:30:00,5,1,2,5,1
8819624,1636,1673,346,188096,2022-12-10 15:00:00,22,1,0,10,1
7516735,2482,2446,426,187511,2022-05-07 13:30:00,33,2,4,6,7
6632798,696,702,795,186267,2020-10-18 16:30:00,6,0,2,2,6
6425413,3774,3779,412,186243,2021-03-14 14:00:00,29,1,0,6,3
8822939,678,686,795,188124,2022-08-15 15:30:00,1,0,0,6,2
6185193,5638,5669,255,186667,2021-02-11,35,1,1,8,4
6589414,1646,1610,364,186810,2020-10-31 15:00:00,7,0,3,3,4
7536050,702,686,795,187526,2022-04-16 12:00:00,32,3,0,2,1
6589525,1609,1628,364,186810,2021-01-14 20:00:00,18,0,0,7,3
7485481,1609,1610,364,187475,2021-08-22 15:30:00,2,0,2,9,8
8819434,1620,1632,346,188096,2022-09-05 19:00:00,8,1,0,4,6
8826769,3194,3187,524,188160,2022-08-15 16:30:00,1,2,5,4,8
7517937,3795,3775,412,187374,2021-10-17 11:00:00,10,1,0,4,3
8785997,3797,19830,412,188122,2023-02-05 12:00:00,22,0,2,2,4
7485245,1613,1644,364,187475,2022-01-15 15:00:00,22,1,1,4,6
10567277,3802,3775,412,189971,2024-04-07 13:00:00,28,0,0,2,5
8786336,3776,3771,412,188122,2023-05-20 19:00:00,36,2,1,3,4
9967517,5707,5646,255,188756,2023-08-19 21:30:00,20,0,2,9,2
11873038,5649,5707,255,189744,2024-04-20 21:30:00,3,1,0,3,4
8776851,1612,1633,364,188095,2022-10-19 18:30:00,12,1,0,8,3
6639637,3162,3166,524,186353,2020-10-24 18:45:00,5,2,1,8,9
7517634,3797,3799,412,187374,2022-04-24 13:00:00,34,2,2,4,4
6632547,679,802,795,186267,2021-04-22 17:00:00,31,2,0,8,1
6593880,1644,1647,346,186333,2021-02-19 19:45:00,31,2,1,3,10
6425542,3773,3776,412,186243,2021-05-07 19:00:00,36,0,3,5,4
7535904,680,713,795,187526,2021-08-15 20:15:00,1,3,0,4,0
7517889,3777,3787,412,187374,2021-12-01 18:00:00,16,1,3,7,3
8823217,700,692,795,188124,2023-05-28 17:00:00,37,1,0,3,3
8785777,3775,3779,412,188122,2022-08-14 15:05:00,2,1,1,7,3
8826790,3236,3194,524,188160,2022-11-06 14:00:00,13,2,0,5,2
8819646,1627,1641,346,188096,2022-12-29 20:00:00,25,2,0,14,3
6185177,5638,5646,255,186667,2021-02-20 00:30:00,34,1,1,1,5
10566982,3767,3788,412,189971,2023-08-12 19:00:00,1,0,0,9,2
6639346,3315,3162,524,186353,2021-05-23 18:45:00,38,2,0,3,3
8777014,1623,1624,364,188095,2023-04-03 19:00:00,29,1,1,3,3
8341280,5653,5638,255,187965,2022-07-10 21:00:00,16,0,0,7,4
7518006,3803,3767,412,187374,2021-08-20 19:00:00,3,2,4,3,9
7485335,1612,1629,364,187475,2022-05-22 15:00:00,38,3,1,5,3
8822955,708,681,795,188124,2022-09-12 19:00:00,5,0,1,5,10
6594157,1659,1647,346,186333,2020-10-31 15:00:00,9,1,1,4,1
7516784,2462,2457,426,187511,2021-10-16 13:30:00,8,1,2,7,4
8826959,3187,3194,524,188160,2023-04-15 16:00:00,30,0,0,4,0
10521176,714,679,795,189012,2023-11-03 20:00:00,12,2,1,3,4
6594129,1647,1663,346,186333,2020-11-07 15:00:00,11,0,2,4,3
7516603,2444,2481,426,187511,2022-04-09 13:30:00,29,1,0,3,3
6639533,3172,3160,524,186353,2021-01-06 14:00:00,16,3,0,12,3
7516605,2447,2975,426,187511,2022-04-02 16:30:00,28,1,4,7,5
8785173,2500,2449,426,188082,2023-02-19 14:30:00,21,0,0,6,4
6542982,2462,2447,426,186265,2020-12-05 14:30:00,10,1,1,6,5
8785070,2454,2463,426,188082,2022-10-09 13:30:00,9,5,2,7,4
6185100,5674,5649,255,186667,2020-12-19 22:00:00,26,1,1,3,8
6589393,1610,1619,364,186810,2020-10-17 14:00:00,5,3,3,6,2
10480200,1623,1625,364,188989,2023-12-27 20:15:00,19,1,3,4,8
9967480,5640,5638,255,188756,2023-06-25,12,1,0,6,5
8826716,3164,3236,524,188160,2022-10-02 13:00:00,8,0,3,2,4
10521394,681,686,795,189012,2024-05-14 17:30:00,36,1,1,2,4
8786329,3797,3788,412,188122,2023-05-27 19:00:00,37,2,0,9,1
10521139,692,696,795,189012,2023-09-28 17:00:00,7,1,1,2,8
10518611,1641,1673,346,188987,2024-04-09 18:45:00,42,4,1,8,2
8341307,5656,5654,255,187965,2022-07-10 19:00:00,16,1,0,6,3
6425371,3788,3771,412,186243,2020-10-24 15:00:00,8,0,1,6,4
6185043,5651,5663,255,186667,2020-11-07 21:00:00,20,2,1,10,3
7246146,5677,5674,255,187168,2021-08-01 21:15:00,14,0,1,11,2
6632664,698,802,795,186267,2021-01-20 18:00:00,19,1,0,3,8
6542832,2460,2453,426,186265,2021-03-13 14:30:00,25,1,0,0,4
7512300,1616,1627,346,187482,2021-10-30 11:30:00,15,3,0,4,7
10518083,1666,10529,346,188987,2023-12-23 15:00:00,23,1,2,10,3
8819611,10529,1664,346,188096,2022-12-17 15:00:00,23,1,1,4,6
7536046,702,687,795,187526,2022-04-10 16:30:00,31,1,2,8,9
8776736,1610,1624,364,188095,2022-08-14 15:30:00,2,2,2,8,5
6632656,679,674,795,186267,2021-01-24 20:00:00,20,3,1,7,7
8776980,1623,1614,364,188095,2023-02-25 15:00:00,25,0,2,4,1
6632689,702,675,795,186267,2020-12-30 20:30:00,16,1,1,2,3
8786317,3773,3802,412,188122,2023-05-12 19:00:00,35,2,1,0,14
6593869,1641,1650,346,186333,2021-02-24 19:45:00,32,0,0,8,2
8826918,3178,3163,524,188160,2023-03-11 14:00:00,26,0,1,11,5
10572191,2453,2444,426,188974,2024-03-01 19:30:00,24,2,2,3,6
7517880,3797,3773,412,187374,2021-12-01 20:00:00,16,2,2,5,3
7485171,1612,1611,364,187475,2022-04-19 19:00:00,30,4,0,9,2
6589569,1630,1623,364,186810,2021-02-03 19:30:00,22,1,2,7,1
6185018,5685,5643,255,186667,2020-10-24 20:00:00,18,2,0,6,4
6632784,695,692,795,186267,2020-10-26 20:00:00,7,1,1,3,2
10521330,696,713,795,189012,2024-03-10 13:00:00,28,1,0,7,5
8823008,700,679,795,188124,2022-10-29 14:15:00,12,3,2,5,3
7485389,1614,1651,364,187475,2021-11-20 15:00:00,12,2,0,5,6
10567289,3774,3780,412,189971,2024-04-13 19:00:00,29,1,2,8,4
10567232,3766,3773,412,189971,2024-03-03 19:45:00,24,0,3,2,4
10572012,2451,2658,426,188974,2023-08-19 13:30:00,1,2,0,1,7
7485194,1630,1624,364,187475,2022-02-26 12:30:00,27,0,4,3,6
8822922,698,682,795,188124,2022-08-28 15:30:00,3,0,0,1,4
6593988,1618,1621,346,186333,2021-01-02 15:00:00,23,0,2,7,3
10567168,3802,3787,412,189971,2024-04-21 13:00:00,30,1,2,8,4
8341292,5669,5666,255,187965,2022-07-20 00:30:00,18,1,0,3,3
8785832,3766,3767,412,188122,2022-09-18 18:45:00,8,0,1,3,7
10607553,3236,3185,524,188994,2023-11-11 19:45:00,12,1,1,3,1
10567261,3780,3775,412,189971,2024-03-03 12:00:00,24,2,1,7,6
6184941,5677,5812,255,186667,2020-09-13 21:00:00,10,0,1,5,6
10518598,1619,1640,346,188987,2024-04-09 18:45:00,42,2,1,6,8
10517587,1626,1630,346,188987,2023-10-21 14:00:00,12,2,3,7,7
7485219,1629,1631,364,187475,2022-02-20 16:30:00,26,2,1,7,10
7246148,5812,5673,255,187168,2021-08-01 23:30:00,14,1,1,4,5
8786151,3803,3780,412,188122,2023-04-02 13:00:00,29,3,1,4,2
10480303,1625,1609,364,188989,2024-03-31 15:30:00,30,0,0,7,4
6594183,1644,1621,346,186333,2020-10-21 18:45:00,6,3,1,1,8
7512258,1673,1620,346,187482,2021-11-27 15:00:00,20,1,2,5,1
8823005,713,700,795,188124,2022-10-22 12:00:00,11,5,1,10,1
10567234,3777,3766,412,189971,2024-02-23 20:00:00,23,1,2,4,3
8826888,3164,3166,524,188160,2023-02-18 14:00:00,23,1,2,1,8
7516637,2975,2462,426,187511,2022-03-20 14:30:00,27,0,0,3,2
8819730,1655,1635,346,188096,2023-02-15 19:45:00,32,1,1,3,11
11933053,5685,5638,255,189744,2024-11-20 19:30:00,34,1,1,1,1
7512313,1673,1638,346,187482,2021-10-30 14:00:00,15,1,0,6,3
10517768,1640,1618,346,188987,2023-12-08 20:00:00,20,2,0,6,7
7535993,687,700,795,187526,2022-05-12 17:00:00,36,3,0,2,12
8786100,3802,3780,412,188122,2023-02-26 14:00:00,25,3,0,4,2
8341419,5653,5646,255,187965,2022-09-29 00:45:00,28,0,1,7,9
8823152,682,691,795,188124,2023-04-27 17:30:00,31,4,2,9,2
7512364,1641,1627,346,187482,2021-09-18 14:00:00,8,1,1,3,10
10480388,1642,1610,364,188989,2024-05-11 16:30:00,37,2,3,5,6
7485277,1646,1623,364,187475,2022-04-06 18:30:00,19,3,2,9,6
10567269,3793,3802,412,189971,2024-02-25 14:00:00,23,1,2,5,5
10567061,19830,3777,412,189971,2023-10-22 15:05:00,9,2,1,10,2
7606908,3158,3187,524,187528,2021-10-24 16:00:00,9,0,0,7,4
8823219,682,679,795,188124,2023-06-04 16:30:00,38,2,2,12,1
6639484,3158,3194,524,186353,2021-01-31 19:45:00,20,3,1,4,5
8819634,1637,10531,346,188096,2022-12-27 17:15:00,24,2,1,3,4
8785060,2444,2445,426,188082,2022-09-10 13:30:00,6,2,2,3,0
8785292,2451,2482,426,188082,2023-05-13 13:30:00,32,2,1,3,7
7606879,3164,3205,524,187528,2021-10-22 18:45:00,9,2,1,0,8
6589614,1624,1646,364,186810,2021-02-28 14:00:00,26,4,0,3,4
10607748,3162,3315,524,188994,2024-05-26 18:45:00,38,1,1,5,3
6184882,5651,5646,255,186667,2020-08-19 22:30:00,4,0,1,5,8
8785138,2482,2451,426,188082,2022-11-12 14:30:00,15,1,2,7,1
7246250,5654,5685,255,187168,2021-06-20,5,2,3,13,2
7516871,2445,2469,426,187511,2021-08-14 13:30:00,1,5,1,9,2
8819741,1618,1660,346,188096,2023-02-25 15:00:00,34,0,1,2,7
8785881,3788,3775,412,188122,2022-10-30 16:05:00,13,1,2,8,3
7485333,1611,1646,364,187475,2021-12-30 20:15:00,20,3,1,7,5
10480248,1660,1636,364,188989,2024-02-10 15:00:00,24,1,3,13,1
6589535,1609,1613,364,186810,2021-01-18 20:00:00,19,3,0,7,2
10567120,3767,3770,412,189971,2023-12-09 20:00:00,15,2,1,5,3
7512416,1639,1672,346,187482,2021-09-25 14:00:00,9,2,0,1,5
8785290,2449,2462,426,188082,2023-05-20 13:30:00,33,2,2,8,3
6594037,1678,1640,346,186333,2020-12-12 15:00:00,18,1,2,4,4
7516746,2462,2460,426,187511,2021-12-18 14:30:00,17,1,0,8,6
8777028,1609,1619,364,188095,2023-04-21 19:00:00,32,3,3,7,2
6593814,1643,1644,346,186333,2021-03-16 19:00:00,37,1,4,5,8
10518982,1644,1632,346,188987,2024-04-27 14:00:00,45,1,0,3,3
7536407,695,686,795,187526,2022-01-08 13:00:00,20,2,0,5,5
6639395,3162,3205,524,186353,2021-04-03 13:00:00,29,2,1,3,4
12281101,5640,5707,255,189744,2024-06-13 22:00:00,8,2,1,6,4
10607551,3157,3194,524,188994,2023-09-23 13:00:00,5,1,0,2,3
9967349,5655,5653,255,188756,2023-04-23 19:00:00,2,0,0,9,6
8819744,1660,1646,346,188096,2023-02-18 15:00:00,33,0,1,7,5
7536258,692,682,795,187526,2021-11-20 13:00:00,14,1,1,3,5
7485425,1623,1633,364,187475,2021-10-17 13:00:00,8,0,1,7,9
8777022,1651,1611,364,188095,2023-05-04 19:00:00,28,1,0,8,6
10517821,1672,1673,346,188987,2023-11-11 15:00:00,16,1,0,9,1
8785119,2975,2453,426,188082,2022-11-09 19:30:00,14,3,1,6,2
8819552,1626,1639,346,188096,2022-10-29 14:00:00,18,3,1,5,6
10518731,1618,1644,346,188987,2024-03-16 15:00:00,38,0,1,7,6
8819736,1636,10531,346,188096,2023-02-11 15:00:00,31,3,0,4,5
7517733,3782,3787,412,187374,2022-02-05 16:00:00,23,3,1,11,0
6632713,700,698,795,186267,2020-12-20 17:30:00,14,0,2,2,4
10480059,1613,1612,364,188989,2023-08-27 15:30:00,3,1,2,5,9
11340493,5655,5663,255,188756,2023-12-07 00:30:00,38,1,2,10,6
8819487,10531,1672,346,188096,2022-09-17 11:30:00,11,3,0,5,3
6594170,1644,1659,346,186333,2020-10-24 11:30:00,7,1,1,3,10
6185170,5660,5649,255,186667,2021-01-31 19:00:00,33,1,1,2,3
7512125,1647,1618,346,187482,2022-01-30 13:30:00,29,2,2,7,6
8341383,5707,5654,255,187965,2022-10-08 22:00:00,31,1,2,7,6
9967493,5654,5663,255,188756,2023-07-01 21:30:00,13,2,0,5,4
7536394,681,700,795,187526,2022-01-09 17:30:00,20,2,0,5,7
10607796,3158,3159,524,188994,2024-05-05 18:45:00,35,1,1,9,6
6184858,5685,5659,255,186667,2020-08-12 22:15:00,2,1,1,12,3
8819807,1637,1672,346,188096,2023-03-18 15:00:00,38,1,1,1,9
10567075,3766,3777,412,189971,2023-11-05 12:00:00,11,1,1,4,9
10607835,3193,3172,524,188994,2024-02-11 17:00:00,24,1,4,7,4
6639417,3160,3158,524,186353,2021-03-14 14:00:00,27,2,0,0,12
9967531,5685,5657,255,188756,2023-08-15,19,1,1,7,6
8341157,5646,5648,255,187965,2022-05-08 19:00:00,5,1,1,6,3
8819691,1640,1626,346,188096,2023-01-21 12:30:00,28,2,4,4,6
8786330,3799,3795,412,188122,2023-05-27 19:00:00,37,2,1,14,3
10572196,2462,2451,426,188974,2024-02-25 14:30:00,23,2,2,5,3
6185071,5655,5674,255,186667,2020-11-28 20:00:00,23,4,2,5,4
6639635,3160,3205,524,186353,2020-10-25 14:00:00,5,2,2,12,3
8827021,3163,3162,524,188160,2023-05-21 18:45:00,36,0,1,3,8
6589508,1623,1625,364,186810,2021-02-17 20:15:00,16,1,3,0,10
8826907,3205,3194,524,188160,2023-03-05 11:30:00,25,0,0,9,5
8341273,5643,5660,255,187965,2022-07-30 19:30:00,20,1,0,3,7
7512435,1641,10531,346,187482,2021-08-28 14:00:00,5,3,1,3,1
6589417,1612,1633,364,186810,2020-10-31 17:30:00,7,2,1,1,2
9967431,5649,5673,255,188756,2023-06-22 22:00:00,11,3,1,10,2
7517843,3773,19830,412,187374,2022-05-21 19:00:00,38,2,2,10,8
7485355,1625,1630,364,187475,2021-12-14 20:00:00,17,7,0,6,2
7512362,1673,1672,346,187482,2021-10-16 14:00:00,12,2,0,4,4
10518074,1630,1618,346,188987,2024-01-01 15:00:00,26,3,0,6,3
10521341,681,675,795,189012,2024-03-16 15:15:00,29,2,4,5,7
7517704,3779,19830,412,187374,2022-03-13 14:00:00,28,1,0,6,7
7246116,5673,5669,255,187168,2021-08-29 14:00:00,18,2,0,9,2
10607568,3162,3172,524,188994,2023-10-08 13:00:00,8,3,2,4,6
8785882,3803,3802,412,188122,2022-10-30 14:00:00,13,0,0,5,5
8776840,1614,1669,364,188095,2022-10-23 13:00:00,13,4,0,7,6
8823227,681,756,795,188124,2023-06-04 16:30:00,38,2,1,5,2
7516757,2459,2451,426,187511,2021-11-20 14:30:00,12,2,2,6,5
6593720,1660,1620,346,186333,2021-05-01 14:00:00,45,1,1,10,6
10517481,1620,1619,346,188987,2023-09-23 14:00:00,8,2,1,5,7
7606749,3193,3163,524,187528,2022-01-22 14:00:00,23,0,0,10,4
11932868,5641,5640,255,189744,2024-07-03 23:00:00,14,1,0,7,10
10518027,10531,1627,346,188987,2024-01-01 15:00:00,26,1,0,3,5
8826899,3194,3176,524,188160,2023-02-27 17:30:00,24,0,3,4,2
8785126,2449,2453,426,188082,2022-10-30 16:30:00,12,0,2,4,8
8785888,3799,3770,412,188122,2022-08-07 13:00:00,1,0,0,3,6
7606916,3158,3163,524,187528,2021-09-23 18:45:00,5,1,0,6,6
10521183,708,687,795,189012,2023-11-11 15:15:00,13,1,3,5,5
6639382,3162,3219,524,186353,2021-04-18 13:00:00,31,5,3,5,4
6632805,700,846,795,186267,2020-10-04 16:30:00,5,1,1,2,5
7512320,1627,1618,346,187482,2021-10-15 19:00:00,12,1,0,8,2
8826743,3161,3192,524,188160,2022-10-16 10:30:00,10,2,0,6,4
8819547,1635,1620,346,188096,2022-10-19 18:45:00,16,1,4,4,4
8819803,1660,1655,346,188096,2023-03-15 19:45:00,37,1,0,7,2
6425234,3776,3774,412,186243,2020-08-22 19:00:00,1,1,1,4,2
7246137,5654,5674,255,187168,2021-08-15 19:00:00,16,2,0,6,2
10521442,686,684,795,189012,2024-01-27 20:00:00,22,0,1,5,4
6639609,3187,3157,524,186353,2020-11-22 19:45:00,8,1,3,8,5
6589593,1619,1629,364,186810,2021-02-14 12:00:00,24,1,2,4,6
6185203,5646,5663,255,186667,2021-02-14 21:15:00,36,3,0,3,4
10517765,10531,1673,346,188987,2023-12-02 15:00:00,19,1,1,19,1
10518642,1650,1666,346,188987,2024-04-06 14:00:00,41,0,2,5,2
6542770,2462,2460,426,186265,2021-05-09 13:30:00,32,1,1,8,2
8819632,1660,1626,346,188096,2022-12-26 19:45:00,24,2,1,6,4
6589403,1609,1631,364,186810,2020-10-25 19:15:00,6,0,1,9,3
7485130,1610,1633,364,187475,2022-04-24 13:00:00,34,1,0,3,1
8785886,3774,3787,412,188122,2022-10-30 14:00:00,13,3,0,3,4
6589488,1623,1609,364,186810,2020-12-19 17:30:00,14,2,1,4,3
6593790,1647,1660,346,186333,2021-04-02 14:00:00,39,2,0,5,4
6543065,2447,2454,426,186265,2020-09-19 16:30:00,1,3,0,1,3
10517622,1618,1673,346,188987,2023-10-03 18:45:00,10,4,1,3,5
6639655,3315,3197,524,186353,2020-10-03 13:00:00,3,4,1,3,4
10521476,676,714,795,189012,2024-03-30 20:00:00,30,1,0,6,1
11932951,5651,5650,255,189744,2024-08-18 21:30:00,23,1,2,10,4
7536169,700,692,795,187526,2022-02-12 13:00:00,24,0,0,3,3
8776937,1610,1628,364,188095,2023-01-15 14:00:00,20,1,0,11,7
9967403,5648,5651,255,188756,2023-04-22 19:00:00,2,2,0,10,6
8341309,5666,5646,255,187965,2022-06-26 19:00:00,14,2,2,2,5
10480202,1669,1629,364,188989,2023-12-27 19:30:00,19,1,4,8,2
6593732,1655,1660,346,186333,2021-04-25 12:00:00,44,2,3,4,5
7606623,3185,3205,524,187528,2022-04-23 13:00:00,34,2,1,5,6
7606895,3205,3192,524,187528,2021-10-16 13:00:00,8,2,1,10,2
11933006,5651,5659,255,189744,2024-10-05 19:30:00,29,0,1,8,3
7606712,3315,3176,524,187528,2022-02-26 19:50:00,27,2,1,6,10
6639531,3173,3219,524,186353,2021-01-06 11:30:00,16,1,2,7,6
8776894,1616,1611,364,188095,2022-11-13 16:30:00,16,1,2,10,3
8823045,678,675,795,188124,2023-01-22 20:00:00,18,0,2,12,2
6589700,1631,1613,364,186810,2021-05-07 19:00:00,35,2,4,9,6
6425213,3776,3777,412,186243,2020-09-13 11:00:00,3,1,0,8,3
7517974,19830,3782,412,187374,2021-09-22 17:00:00,7,3,1,6,3
8823021,681,676,795,188124,2022-11-08 20:30:00,14,1,2,3,6
6425532,3804,3770,412,186243,2021-05-16 19:00:00,37,0,4,3,6
7606816,3193,3172,524,187528,2021-12-21 19:45:00,19,0,0,3,8
9967644,5655,5685,255,188756,2023-10-19 23:00:00,27,1,3,5,4
6425281,3773,3803,412,186243,2020-12-23 18:00:00,17,2,1,3,6
8826829,3178,3164,524,188160,2023-01-16 19:45:00,18,1,0,3,3
8819772,1639,1621,346,188096,2023-03-10 20:00:00,36,3,2,1,5
8826825,3235,3236,524,188160,2023-01-14 14:00:00,18,2,3,4,2
8776809,1631,1642,364,188095,2022-10-03 19:00:00,9,4,0,6,6
8819570,1632,10529,346,188096,2022-11-05 15:00:00,20,0,1,6,4
10567026,3788,3787,412,189971,2023-10-01 15:05:00,7,0,3,8,3
8819768,10529,1655,346,188096,2023-03-04 12:30:00,35,2,0,3,5
10607613,3185,3163,524,188994,2023-12-23 14:00:00,17,1,1,8,2
8826660,3176,3187,524,188160,2022-08-28 18:45:00,3,0,0,2,3
11932884,5646,5812,255,189744,2024-07-11 22:30:00,16,3,1,9,2
7246062,5654,5651,255,187168,2021-10-03 19:00:00,23,3,0,2,3
8823342,674,678,795,188124,2023-02-11 20:00:00,21,1,2,7,1
6542786,2443,2460,426,186265,2021-04-21 18:30:00,30,0,1,10,4
8819774,1620,1639,346,188096,2023-03-14 20:00:00,37,1,1,4,6
10521147,687,698,795,189012,2023-09-24 12:00:00,6,4,3,2,1
6425466,3775,3799,412,186243,2021-02-07 14:00:00,24,3,0,5,9
8341385,5655,5650,255,187965,2022-10-10 23:00:00,31,4,1,3,8
6594196,1643,1626,346,186333,2020-10-17 14:00:00,5,1,2,8,5
10607734,3159,3172,524,188994,2024-03-10 17:00:00,28,2,2,4,3
8819367,1643,1637,346,188096,2022-08-13 14:00:00,3,4,0,5,7
11340303,5659,5655,255,188756,2023-11-26 19:00:00,35,1,1,4,5
6425428,3777,3799,412,186243,2021-03-03 18:00:00,28,0,1,6,1
10517581,1655,1640,346,188987,2023-10-21 14:00:00,12,1,0,2,15
7485469,1669,1609,364,187475,2021-08-13 19:00:00,1,2,0,2,5
7376408,1669,1659,346,186333,2021-05-22 11:30:00,2,3,1,4,4
8776907,1625,1623,364,188095,2022-12-31 15:00:00,18,1,1,7,1
10521223,756,708,795,189012,2023-10-22 14:15:00,10,5,2,9,6
6593894,1638,1618,346,186333,2021-02-17 19:00:00,30,2,0,2,5
6542874,2447,2482,426,186265,2021-02-13 14:30:00,21,2,2,1,7
7536127,687,696,795,187526,2022-03-13 17:30:00,28,1,0,6,4
6425393,3802,3774,412,186243,2021-04-04 13:00:00,31,2,2,1,6
9967646,5643,5638,255,188756,2023-10-19 00:30:00,27,2,0,6,3
6639628,3164,3193,524,186353,2020-11-01 19:45:00,6,1,1,7,4
6425493,3782,3766,412,186243,2021-01-24 20:00:00,21,0,5,1,8
7516609,2463,2447,426,187511,2022-03-20 18:30:00,27,1,1,7,5
6639478,3159,3158,524,186353,2021-02-06 17:00:00,21,2,0,2,9
6542828,2444,2445,426,186265,2021-03-20 14:30:00,26,4,0,1,3
10572243,2460,2443,426,188974,2024-02-03 14:30:00,20,0,1,11,1
6589544,1629,1627,364,186810,2021-01-16 12:30:00,19,2,3,11,0
10521153,700,682,795,189012,2023-09-01 17:30:00,4,3,1,7,3
11873123,5677,5685,255,189744,2024-05-12 21:30:00,6,1,0,6,7
10518981,1619,1639,346,188987,2024-04-27 14:00:00,45,0,1,8,7
6542830,2443,2444,426,186265,2021-03-13 14:30:00,25,1,3,3,8
7536335,696,687,795,187526,2022-01-02 17:30:00,19,1,1,2,3
7517864,3795,3803,412,187374,2021-12-22 20:00:00,19,1,1,9,0
6589389,1611,1624,364,186810,2020-10-04 15:30:00,4,1,6,2,4
6425434,3774,3775,412,186243,2021-02-26 20:00:00,27,1,2,6,1
6589607,1628,1616,364,186810,2021-02-28 12:00:00,26,0,0,1,3
8785072,2457,2482,426,188082,2022-10-02 13:30:00,8,1,1,2,6
10572087,2975,2658,426,188974,2023-12-02 14:30:00,13,2,1,5,3
7512166,10531,1660,346,187482,2022-02-01 19:45:00,25,0,1,7,4
11873051,5677,5649,255,189744,2024-04-28,4,1,0,4,0
6639605,3163,3193,524,186353,2020-11-22 17:00:00,8,1,0,4,8
10521338,686,756,795,189012,2024-03-03 17:30:00,27,1,0,8,5
6589581,1611,1623,364,186810,2021-02-06 20:00:00,23,3,3,5,1
8785785,3774,3781,412,188122,2022-08-21 15:05:00,3,2,1,4,8
7535964,686,713,795,187526,2022-05-15 17:30:00,37,2,1,5,3
10607540,3315,3194,524,188994,2023-09-01 16:30:00,3,3,1,10,1
8786353,3767,3797,412,188122,2023-06-03 19:00:00,38,2,3,6,2
6425329,3777,3803,412,186243,2020-11-29 14:00:00,12,0,2,10,5
8826741,3162,3163,524,188160,2022-10-16 13:00:00,10,0,0,7,3
10572054,2453,2481,426,188974,2023-10-01 15:30:00,6,2,0,2,3
7485271,1613,1611,364,187475,2021-12-27 20:00:00,19,1,1,2,3
6639627,3205,3159,524,186353,2020-11-01 14:00:00,6,1,4,4,3
9967490,5655,5651,255,188756,2023-08-05 19:00:00,18,1,1,3,3
10521178,846,682,795,189012,2023-10-30 20:00:00,11,2,3,4,1
8785965,3767,3802,412,188122,2023-01-29 19:45:00,20,1,1,3,3
6185182,5663,5660,255,186667,2021-02-04 21:30:00,34,3,1,4,4
7485316,1651,1633,364,187475,2022-05-22 15:00:00,38,3,1,5,6
7511894,10529,1663,346,187482,2021-08-07 14:00:00,1,1,1,2,4
8341207,5655,5644,255,187965,2022-06-09 00:30:00,10,1,1,10,3
7246151,5819,5655,255,187168,2021-08-01 21:15:00,14,0,1,6,5
10480342,1625,1660,364,188989,2024-04-13 14:00:00,33,5,1,12,1
7517850,3767,19830,412,187374,2021-12-12 19:45:00,18,2,0,1,6
8826858,3178,3205,524,188160,2023-02-11 14:00:00,22,2,2,7,3
10518068,1644,1639,346,188987,2023-12-29 19:45:00,25,1,1,5,4
7517898,3775,3777,412,187374,2021-11-27 20:00:00,15,0,1,8,1
7517638,3782,3803,412,187374,2022-04-16 15:00:00,32,2,1,8,3
7516752,2445,2457,426,187511,2021-12-05 14:30:00,14,2,2,7,5
7511934,1647,10529,346,187482,2022-05-07 11:30:00,46,0,1,7,1
6639365,3159,3160,524,186353,2021-04-21 18:45:00,32,3,1,6,6
8341393,5638,5659,255,187965,2022-10-09 19:00:00,31,0,1,10,4
8819500,1644,10531,346,188096,2022-10-05 18:45:00,13,1,2,1,6
10567144,3788,3770,412,189971,2024-02-24 16:00:00,23,0,1,3,8
9967419,5638,5651,255,188756,2023-06-21 22:00:00,11,2,1,4,4
6594070,1655,1618,346,186333,2020-12-05 15:00:00,16,0,1,4,6
11932897,5685,5651,255,189744,2024-07-21 21:30:00,18,1,0,2,11
7511896,1636,1618,346,187482,2021-08-07 19:00:00,1,0,1,8,2
7606612,3163,3161,524,187528,2022-05-01 16:00:00,35,1,2,5,11
6632748,676,681,795,186267,2020-11-29 13:00:00,11,4,0,5,3
10521134,680,708,795,189012,2023-09-26 17:00:00,7,5,1,9,4
8785837,3771,3774,412,188122,2022-09-18 13:00:00,8,1,1,11,7
6639350,3157,3219,524,186353,2021-05-01 18:45:00,34,2,0,6,7
11985833,1629,1659,364,188989,2024-04-24 18:45:00,29,0,1,8,12
10607562,3185,3315,524,188994,2023-11-06 19:45:00,11,2,1,9,2
6593877,1660,1638,346,186333,2021-02-23 19:45:00,32,1,1,1,4
6593882,1666,1618,346,186333,2021-02-20 15:00:00,31,0,1,7,2
10480055,1609,1642,364,188989,2023-08-12 12:00:00,1,2,1,8,3
7485153,1629,1614,364,187475,2022-04-02 14:00:00,31,2,1,4,9
10607771,3163,3187,524,188994,2024-05-06 18:45:00,35,1,1,7,5
10480346,1659,1669,364,188989,2024-05-11 14:00:00,37,1,2,3,8
6185036,5677,5659,255,186667,2020-11-08 21:15:00,20,1,0,4,4
10320081,1632,1660,346,188096,2023-05-13 16:30:00,1,2,1,6,2
8823087,756,708,795,188124,2023-02-17 20:00:00,22,6,2,1,7
10567118,3774,19830,412,189971,2023-12-09 16:00:00,15,1,2,5,5
10517797,1621,1618,346,188987,2023-11-29 19:45:00,18,4,2,8,9
7606971,3158,3176,524,187528,2021-08-22 18:45:00,1,3,1,4,4
7512288,1650,1660,346,187482,2021-11-19 19:45:00,18,2,0,4,4
7512443,1620,1621,346,187482,2021-08-28 14:00:00,5,1,1,11,5
9967666,5649,5656,255,188756,2023-11-12 19:00:00,34,0,1,12,1
6185089,5651,5653,255,186667,2020-12-12 20:00:00,25,0,1,5,3
8826663,3166,3194,524,188160,2022-08-21 18:45:00,2,1,1,9,8
6425451,3773,3804,412,186243,2021-02-21 14:00:00,26,2,1,5,4
8341237,5673,5707,255,187965,2022-06-04 19:30:00,9,2,1,8,4
7246195,5819,5677,255,187168,2021-07-04 14:00:00,9,0,2,9,5
6593908,1642,1659,346,186333,2021-02-13 12:30:00,29,0,0,3,6
6639505,3315,3160,524,186353,2021-01-17 14:00:00,18,1,1,5,2
8819825,1640,1639,346,188096,2023-04-01 14:00:00,39,0,4,6,6
6589596,1609,1625,364,186810,2021-02-21 16:30:00,25,0,1,1,3
10572120,2500,2462,426,188974,2023-11-04 14:30:00,10,0,3,9,1
8826942,3236,3162,524,188160,2023-04-02 13:00:00,28,0,2,8,3
10518354,1631,1650,346,188987,2024-03-02 15:00:00,35,1,2,9,0
7606906,3164,3172,524,187528,2021-10-27 16:30:00,10,1,3,3,3
7516821,2462,2975,426,187511,2021-10-30 16:30:00,10,1,1,5,5
6589568,1616,1631,364,186810,2021-02-03 18:00:00,22,0,2,5,2
9967596,5644,5638,255,188756,2023-09-14 00:30:00,23,2,1,4,7
9967445,5651,5649,255,188756,2023-05-27 19:00:00,8,1,2,10,5
6632675,846,676,795,186267,2021-01-09 17:30:00,18,0,4,4,1
8785861,3770,3803,412,188122,2022-10-16 13:00:00,11,4,1,7,5
8823014,687,684,795,188124,2022-10-30 20:00:00,12,0,2,5,3
8823142,684,691,795,188124,2023-04-15 16:30:00,29,3,1,4,13
7516617,2445,2447,426,187511,2022-04-08 18:30:00,29,0,2,4,5
6589660,1612,1614,364,186810,2021-04-10 14:00:00,31,2,1,7,0
6589496,1616,1619,364,186810,2020-12-26 15:00:00,15,0,0,6,3
7535965,846,691,795,187526,2022-05-22 18:00:00,38,0,0,999,999
6425398,3771,3804,412,186243,2021-04-04 19:00:00,31,2,0,7,1
8776916,1623,1619,364,188095,2023-01-14 15:00:00,20,1,2,6,4
6542892,2447,2481,426,186265,2021-01-30 14:30:00,19,3,1,10,1
8819706,1638,1632,346,188096,2023-02-04 15:00:00,30,1,1,5,6
11340326,5685,5660,255,188756,2023-12-03 21:30:00,37,1,0,13,6
10480136,1623,1609,364,188989,2023-09-17 15:30:00,5,0,1,1,11
10521447,679,676,795,189012,2024-03-17 20:00:00,29,0,3,7,3
6593932,1642,1663,346,186333,2021-01-30 15:00:00,27,0,0,4,8
7511904,1618,1639,346,187482,2021-08-14 14:00:00,2,0,0,7,6
7512043,1620,1660,346,187482,2022-03-05 15:00:00,36,2,1,4,2
8819564,1618,1650,346,188096,2022-10-28 19:00:00,18,2,0,2,10
8819409,1621,1639,346,188096,2022-08-27 14:00:00,6,0,1,12,3
6589554,1628,1633,364,186810,2021-01-26 18:00:00,20,2,3,3,4
10521366,686,708,795,189012,2024-05-19 17:00:00,37,2,2,12,2
10607833,3236,3194,524,188994,2024-02-11 14:00:00,24,0,0,5,2
8776766,1625,1642,364,188095,2022-08-31 18:30:00,5,6,0,10,1
8785192,2447,2457,426,188082,2023-02-19 16:30:00,21,4,1,3,4
8785285,2975,2445,426,188082,2023-01-27 19:30:00,18,2,1,4,6
10607781,3236,3162,524,188994,2024-05-04 16:00:00,35,2,2,5,4
10567088,3793,3773,412,189971,2023-10-20 19:00:00,9,0,0,3,3
7516802,2459,2460,426,187511,2021-10-30 13:30:00,10,1,2,6,6
6425517,3802,3772,412,186243,2021-05-23 19:00:00,38,1,2,5,2
8819822,1650,1641,346,188096,2023-04-07 14:00:00,40,0,2,6,6
10566978,3788,3776,412,189971,2023-08-27 15:05:00,3,4,1,5,8
10566991,3777,3771,412,189971,2023-08-18 19:00:00,2,2,2,4,9
10521313,756,680,795,189012,2024-01-21 20:00:00,21,5,1,4,5
6184873,5663,5659,255,186667,2020-08-16 22:30:00,3,0,0,4,7
7516666,2457,2448,426,187511,2022-02-04 19:30:00,21,1,1,4,7
10480254,1633,1659,364,188989,2024-02-01 19:30:00,22,1,1,1,5
7606656,3161,3158,524,187528,2022-04-23 16:00:00,34,3,1,4,3
6593851,1642,1660,346,186333,2021-03-02 19:45:00,34,0,1,8,1
7245913,5638,5674,255,187168,2021-11-28 00:30:00,36,2,0,7,5
6425441,3772,3777,412,186243,2021-02-27 12:00:00,27,1,2,1,10
10572152,2443,2453,426,188974,2024-01-27 14:30:00,19,3,1,5,5
10518328,1638,1634,346,188987,2024-02-14 20:00:00,32,0,4,9,5
8823343,675,682,795,188124,2023-04-08 19:00:00,28,2,3,6,7
6184922,5660,5653,255,186667,2020-09-06 23:30:00,8,0,1,4,4
8785778,3803,3771,412,188122,2022-08-14 18:45:00,2,1,1,7,5
7485218,1633,1644,364,187475,2022-02-08 19:45:00,24,1,0,5,6
11873134,5657,5649,255,189744,2024-04-14 19:00:00,1,2,1,3,5
6594086,1666,1639,346,186333,2020-11-28 15:00:00,14,0,0,1,5
6185157,5669,5646,255,186667,2021-01-24 19:00:00,32,2,1,2,7
10572099,2443,2500,426,188974,2023-10-28 13:30:00,9,2,0,3,3
8822968,713,698,795,188124,2022-10-14 19:00:00,9,0,0,4,1
8819541,1650,1635,346,188096,2022-10-22 14:00:00,17,2,1,5,4
7606617,3164,3193,524,187528,2022-04-30 16:00:00,35,1,0,1,2
10480182,1642,1651,364,188989,2023-11-25 15:00:00,13,2,3,6,4
8823254,692,713,795,188124,2023-03-11 17:30:00,25,3,0,3,7
6542870,2462,2463,426,186265,2021-02-14 14:30:00,21,2,0,7,2
10518607,10531,1639,346,188987,2024-04-10 19:00:00,42,3,0,2,6
8785025,2463,2445,426,188082,2022-08-28 13:30:00,4,0,0,6,8
6632814,846,681,795,186267,2021-01-12 18:00:00,4,2,0,4,4
8341406,5653,5648,255,187965,2022-10-01 18:00:00,29,2,0,10,1
7246165,5655,5812,255,187168,2021-07-25 21:15:00,13,0,1,15,2
10566980,3802,3797,412,189971,2023-08-20 13:00:00,2,2,0,3,10
6632635,684,676,795,186267,2021-02-07 20:00:00,22,2,3,3,5
6639325,3205,3187,524,186353,2021-05-08 13:00:00,35,1,4,1,2
7517672,3795,3770,412,187374,2022-03-12 20:00:00,28,1,0,8,4
8826779,3161,3164,524,188160,2022-10-29 18:45:00,12,3,0,3,3
8819498,1646,1639,346,188096,2022-10-05 18:45:00,13,1,1,14,2
6639332,3160,3172,524,186353,2021-05-09 13:00:00,35,2,5,1,3
6589538,1630,1651,364,186810,2021-01-16 15:00:00,19,0,1,5,2
7606810,3164,3176,524,187528,2022-05-16 16:30:00,37,4,1,4,5
10521436,681,700,795,189012,2024-02-17 15:15:00,25,2,0,5,4
8819755,1632,1655,346,188096,2023-02-18 15:00:00,33,1,1,2,4
6425321,3804,3782,412,186243,2020-12-06 14:00:00,13,0,0,7,4
8823190,687,756,795,188124,2023-05-13 12:00:00,34,2,2,7,4
7485265,1610,1612,364,187475,2022-01-02 16:30:00,21,2,2,6,7
10607811,3254,3173,524,188994,2024-01-21 11:30:00,21,3,1,8,4
7246125,5646,5707,255,187168,2021-08-22 14:00:00,17,0,2,13,3
8827032,3187,3164,524,188160,2023-06-04 16:30:00,38,2,0,11,0
10480125,1623,1660,364,188989,2023-09-30 14:00:00,7,1,2,3,6
8819793,1636,1627,346,188096,2023-04-26 19:00:00,38,2,0,5,0
6632706,698,692,795,186267,2020-12-23 16:30:00,15,1,1,1,4
8786208,3774,3797,412,188122,2023-02-19 14:00:00,24,2,0,2,7
8785297,2457,2500,426,188082,2023-01-28 14:30:00,18,0,2,3,2
7485229,1623,1630,364,187475,2022-02-12 15:00:00,25,3,0,5,3
7246212,5663,5819,255,187168,2021-06-30 19:00:00,8,3,2,2,7
7516744,2444,2460,426,187511,2021-12-11 14:30:00,15,2,1,7,2
9967574,5644,5653,255,188756,2023-10-01,25,0,2,4,4
8823187,691,679,795,188124,2023-05-24 20:00:00,36,3,3,16,1
8822920,687,676,795,188124,2022-08-21 20:00:00,2,1,4,3,6
10607647,3194,3162,524,188994,2023-12-09 14:00:00,15,1,1,1,7
8777030,1619,1628,364,188095,2023-04-15 14:00:00,31,0,2,6,2
10607531,3168,3192,524,188994,2023-09-03 18:45:00,3,2,0,6,5
9967363,5640,5707,255,188756,2023-05-22 23:00:00,7,0,1,6,2
7512422,1641,1639,346,187482,2021-09-28 18:45:00,10,1,1,1,6
10518595,1618,10529,346,188987,2024-04-10 18:45:00,42,0,1,5,4
9967474,5643,5660,255,188756,2023-07-03 23:00:00,13,1,2,7,2
8822921,686,684,795,188124,2022-08-20 17:30:00,2,1,2,5,2
6543049,2459,2463,426,186265,2020-09-26 13:30:00,2,1,0,4,7
7536033,846,684,795,187526,2021-09-13 20:00:00,4,1,2,6,8
10480198,1610,1628,364,188989,2023-12-27 19:30:00,19,2,1,4,3
6542836,2975,2462,426,186265,2021-03-14 14:30:00,25,1,1,4,3
8826947,3164,3235,524,188160,2023-04-08 14:30:00,29,2,3,3,3
8823167,675,708,795,188124,2023-04-29 16:30:00,32,4,2,7,0
10518129,1640,1619,346,188987,2023-12-13 19:45:00,21,1,1,3,9
7512213,1638,1618,346,187482,2021-12-04 15:00:00,21,3,1,11,5
6639331,3194,3205,524,186353,2021-05-01 13:00:00,34,1,1,5,5
8819444,1639,10531,346,188096,2022-08-31 18:45:00,7,1,1,12,2
6594019,1626,10529,346,186333,2020-12-19 12:30:00,20,2,0,6,7
9967509,5685,5654,255,188756,2023-06-23 00:30:00,11,4,0,17,2
6639548,3158,3173,524,186353,2020-12-23 19:45:00,14,3,2,6,0
8785277,2481,2445,426,188082,2023-04-21 18:30:00,29,1,1,1,4
10607735,3194,3315,524,188994,2024-03-03 11:30:00,27,1,0,2,10
6632586,692,678,795,186267,2021-03-14 13:00:00,27,0,0,1,3
12337169,5657,5638,255,189744,2024-06-23 00:30:00,11,4,1,2,8
11932977,5677,5653,255,189744,2024-09-15 21:30:00,26,3,0,6,1
8819513,1637,1626,346,188096,2022-10-04 19:00:00,13,1,1,3,7
8341163,5655,5673,255,187965,2022-04-24 19:00:00,3,3,0,3,8
7512451,10529,1638,346,187482,2021-08-21 14:00:00,4,3,1,2,3
7512113,1618,1636,346,187482,2022-02-04 19:45:00,30,1,2,1,6
10521475,692,713,795,189012,2024-03-31 12:00:00,30,0,0,3,2
6593821,1666,1626,346,186333,2021-03-14 12:15:00,36,1,2,3,5
6593891,1655,1663,346,186333,2021-02-20 15:00:00,31,0,1,0,4
8341162,5669,5685,255,187965,2022-04-30 19:30:00,4,0,1,5,4
8785321,2500,2443,426,188082,2023-05-27 13:30:00,34,1,0,15,1
8341442,5656,5648,255,187965,2022-10-27 00:45:00,34,0,2,6,3
6594052,1655,1621,346,186333,2020-12-09 19:45:00,17,1,0,5,8
7245946,5819,5649,255,187168,2021-11-20 22:00:00,34,1,3,4,4
6185202,5655,5660,255,186667,2021-02-13 22:00:00,36,2,0,7,3
7536217,692,676,795,187526,2021-11-06 15:15:00,13,3,3,3,1
10567006,3803,3766,412,189971,2023-09-23 19:00:00,6,1,0,10,1
8826850,3166,3205,524,188160,2023-01-27 17:30:00,20,2,0,5,5
10567217,3775,3767,412,189971,2024-05-15 19:00:00,32,1,2,7,2
6632835,698,681,795,186267,2020-09-19 16:30:00,2,1,0,4,1
6425328,19830,3813,412,186243,2020-11-29 14:00:00,12,3,0,8,3
7245943,5638,5651,255,187168,2021-11-25 00:30:00,34,0,0,9,0
6632694,700,690,795,186267,2020-12-29 20:30:00,16,0,0,1,6
6184898,5655,5654,255,186667,2020-08-30 19:00:00,6,0,1,9,2
7485149,1625,1612,364,187475,2022-04-10 15:30:00,32,2,2,4,1
6425392,3803,3813,412,186243,2021-04-11 13:00:00,32,1,1,9,2
10567278,3803,3777,412,189971,2024-04-07 11:00:00,28,4,3,8,5
10572065,2460,2445,426,188974,2023-09-16 13:30:00,4,1,3,6,4
10567187,3797,3793,412,189971,2024-03-17 14:00:00,26,2,1,3,5
7606722,3205,3176,524,187528,2022-02-14 19:45:00,25,1,2,4,8
6639377,3172,3159,524,186353,2021-04-18 13:00:00,31,1,0,3,8
10607790,3187,3158,524,188994,2024-04-28 16:00:00,34,2,2,9,2
10521412,692,714,795,189012,2024-04-20 12:00:00,32,4,1,9,4
6639502,3176,3197,524,186353,2021-01-23 19:45:00,19,2,1,5,3
8819442,1660,1635,346,188096,2022-09-03 14:00:00,8,1,2,9,4
6542909,2459,2445,426,186265,2021-01-20 19:30:00,17,3,0,2,6
8785929,3770,3766,412,188122,2023-01-11 18:00:00,18,0,0,6,1
8777039,1619,1625,364,188095,2023-04-08 16:30:00,30,1,4,0,10
7246213,5644,5646,255,187168,2021-06-30 22:00:00,8,1,2,7,3
9967593,5659,5654,255,188756,2023-09-03,22,1,2,12,6
7536280,674,686,795,187526,2021-10-23 12:00:00,10,2,2,5,0
7606978,3166,3192,524,187528,2021-08-22 16:30:00,1,3,2,9,4
8776953,1633,1623,364,188095,2023-01-21 15:00:00,21,2,0,4,9
10521371,679,681,795,189012,2024-05-19 17:00:00,37,1,4,7,5
8826761,3158,3187,524,188160,2022-10-23 18:45:00,11,0,1,3,4
6589623,1624,1628,364,186810,2021-03-07 19:15:00,27,4,1,1,5
8823201,708,686,795,188124,2023-05-20 16:30:00,35,3,0,4,6
10517454,1640,1644,346,188987,2023-09-02 14:00:00,5,3,3,9,6
10480099,1625,1642,364,188989,2023-09-23 14:00:00,6,2,0,6,6
8826811,3159,3162,524,188160,2022-11-13 19:45:00,15,3,0,2,6
7516813,2454,2447,426,187511,2021-09-25 16:30:00,6,1,0,5,1
7511945,1621,1659,346,187482,2022-04-30 14:00:00,45,0,3,6,2
7485161,1633,1623,364,187475,2022-04-03 13:00:00,31,2,1,2,4
8819838,1650,1640,346,188096,2023-04-15 14:00:00,42,0,3,5,2
7511969,1660,1642,346,187482,2022-04-15 11:30:00,42,1,0,6,1
8823058,682,713,795,188124,2023-01-30 20:00:00,19,0,1,5,4
10607702,3173,3166,524,188994,2024-01-14 14:00:00,20,2,1,2,5
10572045,2444,2446,426,188974,2023-09-15 18:30:00,4,2,2,7,3
8786268,3788,3803,412,188122,2023-05-07 13:00:00,34,2,1,4,6
10480246,1616,1629,364,188989,2023-11-27 20:00:00,13,3,2,6,2
11340324,5653,5638,255,188756,2023-12-03,37,2,1,3,5
10567170,3775,3788,412,189971,2024-04-19 19:00:00,30,3,0,2,3
10480327,1628,1611,364,188989,2024-05-06 19:00:00,36,4,0,6,2
8777061,1623,1613,364,188095,2023-04-27 18:45:00,33,1,4,3,14
7535969,700,675,795,187526,2022-05-15 17:30:00,37,1,1,10,2
10518325,1672,1618,346,188987,2024-03-05 19:45:00,36,1,1,10,2
7516745,2448,2459,426,187511,2022-05-06 18:30:00,33,2,1,6,2
10607703,3158,3194,524,188994,2024-01-20 17:00:00,21,2,1,1,2
6589504,1651,1609,364,186810,2020-12-29 18:00:00,16,0,1,5,4
7245973,5685,5651,255,187168,2021-11-07 19:00:00,30,0,2,5,1
7512280,1642,1660,346,187482,2021-11-23 19:45:00,19,0,0,5,7
8819679,1635,1672,346,188096,2023-01-02 15:00:00,26,1,4,7,5
6589429,1625,1612,364,186810,2020-11-08 16:30:00,8,1,1,1,2
7246041,5649,5674,255,187168,2021-10-03 23:30:00,23,1,2,11,2
6593797,10531,10529,346,186333,2021-03-20 17:30:00,38,0,1,11,0
8777003,1624,1642,364,188095,2023-03-11 15:00:00,27,3,1,2,10
10480089,1651,1612,364,188989,2023-10-08 13:00:00,8,2,2,8,1
10517805,10529,1626,346,188987,2023-11-11 15:00:00,16,2,3,2,8
10480347,1669,1636,364,188989,2024-04-13 14:00:00,33,2,0,3,6
12593179,5707,5651,255,189744,2024-07-28 22:00:00,20,1,2,12,2
8341396,5650,5812,255,187965,2022-10-16 21:00:00,32,1,1,7,4
8819795,1639,1626,346,188096,2023-03-18 15:00:00,38,0,0,8,3
9967561,5648,5655,255,188756,2023-07-29 19:00:00,17,1,0,6,2
8776846,1633,1659,364,188095,2022-10-24 19:00:00,13,2,0,5,0
6589380,1624,1613,364,186810,2020-09-27 13:00:00,3,1,1,10,4
6639366,3187,3162,524,186353,2021-04-22 18:45:00,32,5,2,2,3
9967648,5685,5653,255,188756,2023-10-25 22:00:00,29,1,2,17,5
10607661,3178,3168,524,188994,2023-12-11 17:30:00,15,1,1,8,3
8819533,1638,1627,346,188096,2022-10-22 14:00:00,17,2,1,5,2
7246054,5656,5673,255,187168,2021-09-19 21:15:00,21,1,1,5,2
8819710,1646,1641,346,188096,2023-02-11 15:00:00,31,3,0,5,2
7516824,2453,2975,426,187511,2021-10-16 13:30:00,8,1,1,8,5
8826871,3157,3185,524,188160,2023-02-10 19:45:00,22,1,0,3,8
10521363,675,696,795,189012,2024-05-14 19:30:00,36,5,0,4,1
7535893,686,691,795,187526,2021-08-27 18:00:00,3,1,0,3,2
6184907,5646,5644,255,186667,2020-09-03 00:30:00,7,1,1,5,4
10518633,1634,1619,346,188987,2024-04-01 16:30:00,40,3,2,0,7
8823151,679,686,795,188124,2023-04-26 17:30:00,31,3,1,5,8
10607831,3159,3254,524,188994,2024-02-25 11:30:00,26,3,2,8,3
7517919,3770,3779,412,187374,2021-11-07 14:00:00,13,2,2,9,5
6425513,3813,3776,412,186243,2021-01-09 20:00:00,19,0,1,2,3
7512331,1655,1642,346,187482,2021-10-19 18:45:00,13,1,2,1,9
6542822,2463,2447,426,186265,2021-03-20 14:30:00,26,2,2,5,2
6594194,1678,1638,346,186333,2020-10-17 14:00:00,5,1,2,1,2
10567080,3780,3793,412,189971,2023-11-05 14:00:00,11,1,2,4,6
10480288,1642,1612,364,188989,2024-03-02 15:00:00,27,0,1,3,12
6184991,5674,5659,255,186667,2020-10-11 21:15:00,15,1,2,6,8
7512352,1668,1659,346,187482,2021-09-29 18:45:00,10,0,0,4,6
8819557,1627,1636,346,188096,2022-10-29 11:30:00,18,0,2,8,3
11452510,2444,2500,426,188974,2024-01-24 19:30:00,13,1,0,12,1
6185153,5643,5669,255,186667,2021-01-21 22:00:00,31,0,4,6,1
8777050,1629,1610,364,188095,2023-04-08 14:00:00,30,1,0,8,8
8823312,702,692,795,188124,2023-01-06 17:30:00,16,0,1,8,4
7606956,3163,3187,524,187528,2021-09-20 18:45:00,4,0,4,2,5
6589506,1610,1614,364,186810,2020-12-28 17:30:00,16,1,1,11,4
7517967,3795,3799,412,187374,2021-09-26 13:00:00,8,1,1,2,9
7516810,2482,2451,426,187511,2021-09-25 13:30:00,6,3,1,5,2
11336228,3803,3779,412,189971,2023-12-07 19:30:00,12,1,1,6,0
8823127,700,680,795,188124,2023-04-01 16:30:00,27,0,2,8,4
7376407,1663,10531,346,186333,2021-05-17 19:15:00,1,0,1,7,4
8823069,713,687,795,188124,2023-01-21 13:00:00,18,0,2,3,4
7485206,1625,1624,364,187475,2022-02-19 17:30:00,26,2,3,10,0
6185191,5644,5674,255,186667,2021-02-10 22:00:00,35,1,2,7,3
8785799,3781,3788,412,188122,2022-09-04 13:00:00,6,0,1,3,3
6594214,1666,1650,346,186333,2020-10-03 14:00:00,4,1,1,4,7
7512234,1660,10529,346,187482,2021-11-27 15:00:00,20,1,2,6,1
7245939,5646,5638,255,187168,2021-11-17 23:30:00,33,0,2,7,3
8785853,3774,3770,412,188122,2022-10-09 15:05:00,10,3,0,4,3
6639407,3163,3162,524,186353,2021-03-21 14:00:00,28,0,1,6,11
8776773,1619,1610,364,188095,2022-08-30 18:45:00,5,2,1,5,3
6639460,3172,3187,524,186353,2021-02-21 17:00:00,23,4,2,6,3
9967488,5663,5651,255,188756,2023-07-09 21:30:00,14,1,0,7,2
7246128,5707,5651,255,187168,2021-08-15 21:15:00,16,1,0,3,5
8822943,700,687,795,188124,2022-08-14 15:30:00,1,0,1,3,6
6589702,1625,1610,364,186810,2021-05-08 16:30:00,35,1,2,6,2
6593798,1639,1647,346,186333,2021-03-20 15:00:00,38,1,0,1,2
10567054,3774,3766,412,189971,2023-11-12 16:05:00,12,0,1,6,9
7606758,3161,3191,524,187528,2022-01-22 17:00:00,23,2,1,6,0
6185203,5646,5663,255,186667,2021-02-14 21:15:00,36,3,0,3,4
6589640,1612,1610,364,186810,2021-03-04 20:15:00,29,0,1,5,2
8341337,5669,5655,255,187965,2022-09-10 19:30:00,26,2,1,3,5
7485174,1626,1610,364,187475,2022-03-10 19:30:00,30,1,3,3,8
6632845,701,692,795,186267,2020-09-12 14:00:00,1,0,0,3,3
6185022,5651,5649,255,186667,2020-10-25 21:15:00,18,1,2,4,2
10521219,846,676,795,189012,2023-10-08 19:00:00,9,2,2,1,11
8785156,2451,2453,426,188082,2023-01-21 14:30:00,16,6,0,0,5
7517757,3772,3779,412,187374,2022-01-23 14:00:00,22,4,3,1,3
8823253,678,676,795,188124,2023-03-12 20:00:00,25,0,1,5,3
10607574,3176,3166,524,188994,2023-11-12 14:00:00,12,2,1,0,4
6639557,3160,3159,524,186353,2020-12-19 19:45:00,13,0,4,4,9
6593938,1621,1660,346,186333,2021-01-30 15:00:00,27,1,0,3,3
6632746,692,846,795,186267,2020-11-29 17:30:00,11,3,1,8,0
6542887,2463,2459,426,186265,2021-01-31 14:30:00,19,3,1,3,5
10572179,2482,2448,426,188974,2023-12-08 19:30:00,14,3,1,4,5
6632636,679,692,795,186267,2021-02-08 20:00:00,22,2,2,1,4
10567166,3797,3787,412,189971,2024-04-14 13:00:00,29,1,1,3,4
10566998,3766,3787,412,189971,2023-08-19 17:00:00,2,1,4,6,2
7245971,5646,5812,255,187168,2021-11-10 23:30:00,31,4,0,5,8
8823171,692,674,795,188124,2023-05-14 12:00:00,34,1,2,5,4
8785981,19830,3767,412,188122,2023-02-11 16:00:00,23,3,1,3,2
6594048,1659,1673,346,186333,2020-12-12 15:00:00,18,5,0,3,2
10521350,846,687,795,189012,2024-03-09 17:30:00,28,2,3,4,6
8819531,1639,1636,346,188096,2022-10-08 14:00:00,14,3,1,6,5
7536216,686,702,795,187526,2021-11-07 17:30:00,13,2,2,3,3
10521113,687,692,795,189012,2023-08-19 15:00:00,2,1,1,9,7
7606721,3164,3178,524,187528,2022-02-19 14:00:00,26,2,0,3,6
7536197,674,687,795,187526,2022-02-06 13:00:00,23,0,0,9,9
10518793,1641,1639,346,188987,2024-03-09 15:00:00,37,1,2,0,6
8776925,1628,1613,364,188095,2023-01-21 17:30:00,21,0,0,3,15
8826955,3164,3205,524,188160,2023-04-22 18:45:00,31,1,1,9,9
8786231,3799,19830,412,188122,2023-05-07 11:00:00,34,1,2,4,3
11873126,5648,5653,255,189744,2024-05-04 19:00:00,5,2,2,4,11
7536282,676,675,795,187526,2021-10-24 14:15:00,10,1,2,6,3
6632821,674,802,795,186267,2020-09-26 14:00:00,3,1,1,4,4
7512024,1621,1655,346,187482,2022-03-12 15:00:00,37,0,1,7,3
7518030,3777,3776,412,187374,2021-08-08 15:00:00,1,3,3,4,5
7245914,5707,5646,255,187168,2021-12-01 01:00:00,36,1,3,12,4
7485309,1646,1613,364,187475,2022-05-22 15:00:00,38,1,2,8,2
6632644,700,679,795,186267,2021-01-31 15:15:00,21,2,4,2,2
8341221,5685,5644,255,187965,2022-06-05 22:00:00,9,0,2,7,3
10518367,1638,1666,346,188987,2024-02-17 15:00:00,33,0,2,5,3
7536233,675,678,795,187526,2021-12-01 20:00:00,9,1,0,7,6
7485303,1628,1614,364,187475,2021-11-27 15:00:00,13,1,2,7,3
6542873,2975,2481,426,186265,2021-02-12 19:30:00,21,2,1,3,4
8819440,1626,1640,346,188096,2022-09-03 14:00:00,8,3,0,4,1
8786241,3774,3799,412,188122,2023-04-30 13:00:00,33,4,2,7,5
6425232,3771,3782,412,186243,2020-09-17 19:00:00,1,0,2,7,6
10572048,2460,2446,426,188974,2023-09-30 13:30:00,6,0,3,3,1
10518159,10529,1618,346,188987,2023-12-13 19:45:00,21,0,1,4,3
7512090,1659,1639,346,187482,2022-02-26 15:00:00,35,2,1,6,3
6593975,1663,10531,346,186333,2021-01-16 19:45:00,24,0,2,8,5
7246081,5663,5653,255,187168,2021-09-12 19:00:00,20,0,2,5,4
10572123,2463,2454,426,188974,2023-10-22 13:30:00,8,3,1,8,3
8826722,3168,3235,524,188160,2022-10-02 13:00:00,8,1,1,1,8
7512440,1621,1627,346,187482,2021-08-21 14:00:00,4,1,2,5,6
10480113,1636,1623,364,188989,2023-09-02 11:30:00,4,2,2,4,6
10567092,3774,3779,412,189971,2023-10-29 16:05:00,10,1,1,7,5
7536111,696,681,795,187526,2021-09-18 19:00:00,5,0,2,2,8
7512352,1668,1659,346,187482,2021-09-29 18:45:00,10,0,0,4,6
8819735,1632,1637,346,188096,2023-02-11 15:00:00,31,1,0,4,8
7536125,681,695,795,187526,2022-03-19 17:30:00,29,3,1,6,1
7512399,1618,1647,346,187482,2021-09-10 19:00:00,6,2,0,2,2
6593991,10531,1637,346,186333,2020-12-30 20:00:00,22,0,0,7,2
10480123,1651,1633,364,188989,2023-08-26 16:30:00,3,1,3,17,4
10607533,3173,3163,524,188994,2023-09-17 10:30:00,4,0,0,4,6
10521306,678,686,795,189012,2024-02-02 20:00:00,23,4,0,6,2
8823108,698,680,795,188124,2023-03-19 17:30:00,26,2,0,4,1
10607774,3254,3163,524,188994,2024-05-26 18:45:00,38,0,1,11,1
8785800,3774,3803,412,188122,2022-08-31 19:00:00,5,3,1,7,3
6185030,5649,5685,255,186667,2020-11-02 23:00:00,19,2,1,3,4
10480229,1642,1623,364,188989,2023-12-02 17:30:00,14,0,1,4,3
8826794,3185,3164,524,188160,2022-11-09 19:45:00,14,2,0,4,3
10480417,1612,1646,364,188989,2024-02-10 15:00:00,24,3,1,9,3
7536162,692,695,795,187526,2022-02-21 20:00:00,25,1,1,2,5
6542974,2454,2457,426,186265,2020-12-12 14:30:00,11,1,1,13,2
10567272,3802,3780,412,189971,2024-02-04 14:00:00,20,2,3,10,6
7512324,1620,1618,346,187482,2021-10-30 14:00:00,15,0,2,9,0
6639490,3164,3159,524,186353,2021-01-30 17:00:00,20,0,2,5,8
6542969,2460,2463,426,186265,2020-12-12 14:30:00,11,0,1,5,3
6184853,5663,5651,255,186667,2020-08-08 22:00:00,1,0,2,4,4
7516870,2447,2462,426,187511,2021-08-14 16:30:00,1,5,2,7,3
10517424,1639,1643,346,188987,2023-08-05 14:00:00,1,4,1,10,2
10480216,1616,1633,364,188989,2023-12-10 14:00:00,16,5,0,3,6
6594072,1663,1659,346,186333,2020-12-04 17:30:00,16,0,4,3,4
8826812,3205,3172,524,188160,2023-01-04 13:30:00,16,2,2,3,8
7516664,2975,2463,426,187511,2022-02-11 19:30:00,22,3,1,5,6
6632594,802,692,795,186267,2021-03-07 13:00:00,26,3,4,6,3
6639345,3164,3160,524,186353,2021-05-22 18:45:00,38,3,0,2,4
6185000,5649,5659,255,186667,2020-10-14 22:15:00,16,3,1,1,4
8823013,702,698,795,188124,2022-10-31 20:00:00,12,0,1,6,2
8776875,1616,1623,364,188095,2022-10-29 16:30:00,14,0,0,13,4
7512070,1655,1640,346,187482,2022-02-22 19:45:00,34,1,2,4,4
9967587,5640,5673,255,188756,2023-10-01 19:00:00,25,1,1,9,7
8785195,2460,2453,426,188082,2023-03-19 18:30:00,25,1,1,3,5
7512270,1642,1641,346,187482,2021-11-06 15:00:00,17,3,0,5,1
8822924,676,690,795,188124,2022-08-28 17:30:00,3,4,0,14,4
8341122,5654,5643,255,187965,2022-05-21 19:30:00,7,1,0,6,4
7485323,1610,1651,364,187475,2021-12-29 19:30:00,20,1,1,10,8
11985828,1623,1612,364,188989,2024-04-24 19:00:00,29,2,0,4,13
6589570,1636,1627,364,186810,2021-02-02 18:00:00,22,2,1,9,2
7536199,682,713,795,187526,2021-12-12 13:00:00,17,2,0,4,6
6425266,3802,3804,412,186243,2021-01-06 20:00:00,18,0,0,7,5
6593809,1666,1673,346,186333,2021-03-17 19:45:00,37,1,1,2,6
10518312,1631,1620,346,188987,2024-02-17 15:00:00,33,1,2,12,4
6593785,1644,1666,346,186333,2021-04-02 14:00:00,39,1,0,6,3
8819386,1644,1646,346,188096,2022-08-12 19:00:00,3,1,0,3,6
7512395,1627,1647,346,187482,2021-09-14 19:00:00,7,0,0,5,4
7517784,3767,3787,412,187374,2021-09-25 19:00:00,8,2,0,8,7
10480282,1633,1646,364,188989,2024-03-10 14:00:00,28,2,2,4,3
8819869,10531,1641,346,188096,2023-04-19 18:45:00,43,4,2,2,4
6639347,3161,3163,524,186353,2021-05-23 13:00:00,38,5,1,3,2
6185162,5638,5660,255,186667,2021-01-23 22:00:00,32,1,1,7,2
9967546,5651,5707,255,188756,2023-08-15 23:00:00,19,2,0,5,3
8826881,3235,3158,524,188160,2023-02-28 17:30:00,24,2,1,3,3
8776858,1628,1609,364,188095,2022-08-05 19:00:00,1,0,2,3,5
8827010,3176,3163,524,188160,2023-05-14 13:00:00,35,2,0,3,3
7516608,2459,2445,426,187511,2022-04-02 13:30:00,28,1,1,6,2
6593996,1638,1644,346,186333,2021-01-26 19:00:00,22,0,0,2,8
6639486,3173,3315,524,186353,2021-01-31 14:00:00,20,1,1,3,14
6593812,1621,1655,346,186333,2021-03-17 19:45:00,37,0,0,6,4
7606919,3159,3164,524,187528,2021-09-26 10:30:00,6,3,2,4,2
6425515,3782,3804,412,186243,2021-05-23 19:00:00,38,0,1,9,3
10567039,3774,3776,412,189971,2023-09-16 15:00:00,5,2,2,5,2
10567059,3771,3776,412,189971,2023-11-04 20:00:00,11,0,0,2,8
8785104,2457,2449,426,188082,2022-10-23 15:30:00,11,2,1,5,6
7536072,678,702,795,187526,2022-04-03 12:00:00,30,2,1,7,4
8341268,5669,5646,255,187965,2022-07-30 19:30:00,20,1,2,6,5
6542930,2444,2453,426,186265,2021-01-17 14:30:00,16,2,1,14,3
8819529,1627,1660,346,188096,2022-10-08 14:00:00,14,0,0,7,4
7606648,3205,3191,524,187528,2022-04-02 13:00:00,31,1,0,5,2
6594143,10529,1663,346,186333,2020-11-03 19:45:00,10,3,0,2,3
6184857,5638,5663,255,186667,2020-08-13 22:15:00,2,1,0,5,7
6593773,1639,1638,346,186333,2021-04-05 14:00:00,40,1,2,5,4
6542764,2454,2445,426,186265,2021-05-15 13:30:00,33,1,2,2,1
6593749,1639,1641,346,186333,2021-04-17 11:30:00,42,0,0,7,1
8341141,5663,5648,255,187965,2022-05-22 19:00:00,7,0,1,12,5
8826692,3163,3158,524,188160,2022-09-04 18:45:00,5,4,0,3,7
6639557,3160,3159,524,186353,2020-12-19 19:45:00,13,0,4,4,9
10517530,1655,1627,346,188987,2023-09-16 14:00:00,6,0,0,7,7
8785846,3797,3769,412,188122,2022-10-09 13:00:00,10,2,1,4,4
7516767,2482,2457,426,187511,2021-10-29 18:30:00,10,2,0,9,4
6632509,675,681,795,186267,2021-05-01 19:00:00,34,2,0,7,0
10572021,2463,2451,426,188974,2023-08-26 13:30:00,2,1,2,6,1
10572299,2447,2481,426,188974,2024-05-04 13:30:00,32,5,1,6,9
7512407,10529,1655,346,187482,2021-08-28 11:30:00,5,1,2,4,3
6425478,19830,3775,412,186243,2021-02-03 20:00:00,23,2,1,6,2
8823282,686,756,795,188124,2022-09-03 12:00:00,4,1,1,6,3
11340305,5653,5649,255,188756,2023-11-26 19:00:00,35,3,0,7,7
6632841,674,695,795,186267,2020-09-13 19:00:00,1,4,2,3,4
11873042,5642,5677,255,189744,2024-04-21 19:00:00,3,2,2,2,7
11932872,5654,5663,255,189744,2024-07-11 23:00:00,16,1,2,9,4
10572282,2462,2975,426,188974,2024-05-18 13:30:00,34,2,2,8,3
10517638,1638,10531,346,188987,2023-09-30 14:00:00,9,0,3,6,0
6542776,2460,2444,426,186265,2021-04-24 13:30:00,31,2,1,2,3
6542880,2457,2444,426,186265,2021-02-05 19:00:00,20,0,1,3,11
10480252,1611,1624,364,188989,2024-01-14 16:30:00,21,2,2,8,13
8785917,3771,3780,412,188122,2022-12-29 20:00:00,16,6,1,1,5
10480094,1610,1609,364,188989,2023-10-21 16:30:00,9,2,2,2,7
8826680,3161,3235,524,188160,2022-08-30 18:45:00,4,3,1,6,6
6593764,1638,10531,346,186333,2021-04-10 11:30:00,41,0,3,4,3
6184885,5654,5659,255,186667,2020-08-23 14:00:00,5,1,1,5,4
7517773,3787,19830,412,187374,2022-01-23 16:05:00,22,3,2,5,10
8826659,3185,3162,524,188160,2022-08-20 16:30:00,2,0,0,6,4
6632780,690,696,795,186267,2020-10-25 13:00:00,7,0,2,2,4
6594254,1673,1626,346,186333,2020-09-12 14:00:00,1,0,1,3,7
8785069,2453,2460,426,188082,2022-10-01 13:30:00,8,2,1,5,5
6184994,5812,5685,255,186667,2020-10-11 21:15:00,15,2,1,7,11
6589677,1614,1627,364,186810,2021-04-25 18:00:00,33,2,2,11,4
6184940,5649,5663,255,186667,2020-09-13 19:00:00,10,1,1,6,2
8819651,1618,1620,346,188096,2023-01-02 15:00:00,26,1,3,9,8
7606803,3172,3178,524,187528,2022-05-21 18:45:00,38,0,1,15,2
7512441,1668,1627,346,187482,2021-08-28 19:00:00,5,0,1,6,5
8786255,3773,19830,412,188122,2023-04-22 19:00:00,32,3,0,2,4
7512209,1659,1621,346,187482,2021-12-11 15:00:00,22,0,2,5,5
10567105,3766,3770,412,189971,2023-12-20 20:00:00,17,1,0,7,7
9967619,5654,5657,255,188756,2023-10-22 19:00:00,28,1,0,7,8
10572177,2451,2444,426,188974,2023-12-20 19:30:00,16,1,2,0,6
7246031,5819,5653,255,187168,2021-10-06 22:00:00,24,2,2,4,11
6632763,687,846,795,186267,2020-11-08 15:15:00,9,2,0,15,0
6543026,2451,2459,426,186265,2020-10-25 14:30:00,5,2,1,4,3
10480401,1613,1660,364,188989,2024-02-03 15:00:00,23,4,4,8,2
7536200,692,674,795,187526,2021-12-05 20:00:00,16,1,2,6,4
6639615,3315,3163,524,186353,2020-11-06 19:45:00,7,0,0,3,6
7517670,3770,3776,412,187374,2022-03-19 20:00:00,29,0,1,7,7
7536148,681,679,795,187526,2022-02-19 15:15:00,25,0,3,4,2
6632815,698,684,795,186267,2020-09-29 19:30:00,4,3,0,1,4
7517721,19830,3788,412,187374,2022-02-13 12:00:00,24,0,0,11,2
9967569,5655,5657,255,188756,2023-10-01 19:00:00,25,4,1,5,11
7485486,1630,1623,364,187475,2021-08-21 14:00:00,2,2,2,8,5
6589598,1651,1628,364,186810,2021-02-22 20:00:00,25,1,2,13,0
6185108,5646,5685,255,186667,2020-12-27 21:15:00,27,1,0,5,8
7517651,3803,3770,412,187374,2022-04-10 13:00:00,31,1,1,4,5
10567189,3767,3766,412,189971,2024-04-21 19:00:00,30,4,1,4,11
6542851,2460,2481,426,186265,2021-02-28 14:30:00,23,0,1,5,3
8819486,1620,1643,346,188096,2022-09-17 18:45:00,11,0,0,8,3
10518070,1672,1621,346,188987,2023-12-29 19:45:00,25,3,2,3,4
6542997,2449,2451,426,186265,2020-11-21 14:30:00,8,0,2,6,5
6632709,680,690,795,186267,2020-12-19 20:00:00,14,1,1,7,7
8776928,1612,1610,364,188095,2023-01-21 12:30:00,21,0,0,5,5
6593818,10529,1639,346,186333,2021-03-16 19:00:00,37,0,0,5,3
10521324,713,684,795,189012,2024-03-17 17:30:00,29,2,0,4,7
11905086,1631,1619,346,188987,2024-04-23 19:00:00,38,5,0,1,4
7536134,675,676,795,187526,2022-03-20 20:00:00,29,0,4,4,3
8777062,1610,1669,364,188095,2023-04-26 18:45:00,33,0,2,5,2
10572096,2444,2520,426,188974,2023-10-28 13:30:00,9,8,0,7,1
9967397,5644,5643,255,188756,2023-04-30 21:30:00,3,1,0,8,11
7606759,3166,3187,524,187528,2022-01-17 17:30:00,22,0,2,1,4
8785933,3774,3775,412,188122,2023-01-02 20:00:00,17,2,1,5,2
6425354,3782,3787,412,186243,2020-11-01 12:00:00,9,0,1,8,2
6639511,3173,3157,524,186353,2021-01-18 19:45:00,18,0,2,7,4
8341295,5673,5685,255,187965,2022-07-17 22:00:00,17,0,3,10,4
6185142,5657,5660,255,186667,2021-01-17,30,0,1,10,2
10480337,1660,1669,364,188989,2024-04-20 14:00:00,34,1,5,4,9
7512144,1621,1620,346,187482,2022-01-24 19:45:00,28,1,0,6,7
8819418,1635,1627,346,188096,2022-08-30 18:45:00,7,1,1,3,2
10572133,2463,2658,426,188974,2024-01-13 14:30:00,17,1,1,9,6
6594128,1673,1660,346,186333,2020-11-07 15:00:00,11,1,1,4,2
7511925,1641,1621,346,187482,2022-04-25 18:30:00,44,1,4,4,6
7512102,1637,1640,346,187482,2022-02-12 15:00:00,32,2,3,4,5
8826965,3176,3164,524,188160,2023-04-30 16:00:00,32,5,0,11,0
6593784,1678,1621,346,186333,2021-04-02 14:00:00,39,1,0,7,4
10480427,1613,1642,364,188989,2023-12-26 12:30:00,19,1,3,10,2
7485241,1610,1624,364,187475,2022-01-23 16:30:00,23,2,0,10,3
10480324,1669,1616,364,188989,2024-05-04 14:00:00,36,0,0,7,6
10480398,1659,1642,364,188989,2024-02-04 14:00:00,23,1,1,11,6
7511957,1618,1638,346,187482,2022-04-23 14:00:00,44,2,2,4,6
6542771,2451,2500,426,186265,2021-05-08 13:30:00,32,3,0,4,3
9967508,5660,5673,255,188756,2023-07-08 21:30:00,14,3,1,7,8
6594230,1647,1621,346,186333,2020-09-26 14:00:00,3,0,4,9,4
8786170,3787,3774,412,188122,2023-04-23 15:00:00,32,1,0,4,4
6632792,846,680,795,186267,2020-10-17 11:00:00,6,1,0,4,1
8826775,3187,3315,524,188160,2022-10-29 13:00:00,12,4,0,11,5
7512065,1637,1638,346,187482,2022-03-05 15:00:00,36,0,1,6,2
6542953,2500,2447,426,186265,2020-12-18 19:30:00,13,2,1,8,6
7536121,681,684,795,187526,2021-09-23 17:30:00,6,1,3,4,7
7485242,1631,1651,364,187475,2022-01-23 14:00:00,23,1,1,4,5
6589470,1611,1625,364,186810,2020-12-12 17:30:00,12,0,0,4,3
6593792,1655,1639,346,186333,2021-04-02 14:00:00,39,0,2,8,2
7512454,10531,1639,346,187482,2021-08-17 18:45:00,3,1,3,5,5
8785197,2446,2444,426,188082,2023-03-19 16:30:00,25,2,1,5,3
6632502,678,681,795,186267,2021-05-08 19:00:00,35,2,2,10,4
6425204,3766,3813,412,186243,2020-09-18 19:00:00,4,0,0,9,2
7516844,2446,2454,426,187511,2021-08-21 16:30:00,2,4,0,7,3
8819616,1639,10529,346,188096,2022-12-10 15:00:00,22,2,2,6,5
7536026,684,702,795,187526,2022-04-19 19:00:00,33,0,1,2,3
8826676,3205,3315,524,188160,2022-08-27 18:45:00,3,2,2,2,6
8826897,3192,3236,524,188160,2023-02-26 14:00:00,24,3,0,1,3
7606939,3158,3178,524,187528,2021-10-03 16:00:00,7,2,0,5,5
10607596,3161,3166,524,188994,2023-10-07 13:00:00,8,2,2,7,7
8776901,1619,1651,364,188095,2022-12-26 15:00:00,17,1,3,4,2
10567086,3776,3803,412,189971,2023-10-22 13:00:00,9,1,0,3,5
10521206,700,680,795,189012,2023-10-28 19:00:00,11,2,2,2,4
8786332,3769,3767,412,188122,2023-05-21 18:45:00,36,1,2,4,6
6184887,5646,5655,255,186667,2020-08-23 19:00:00,5,2,1,5,6
8776811,1616,1613,364,188095,2022-10-01 14:00:00,9,1,4,1,8
7512183,1620,1642,346,187482,2021-12-26 15:00:00,24,2,0,6,7
7606858,3178,3163,524,187528,2021-12-06 17:30:00,16,3,1,8,6
8785872,3773,3787,412,188122,2022-10-15 19:00:00,11,1,0,4,5
8776868,1619,1613,364,188095,2022-11-06 14:00:00,15,1,4,8,2
9967462,5657,5649,255,188756,2023-08-06 19:00:00,18,1,0,5,7
8823136,676,679,795,188124,2023-04-23 14:15:00,30,1,0,3,3
8786311,3767,3781,412,188122,2023-05-13 19:00:00,35,5,0,8,3
8777051,1616,1625,364,188095,2023-04-30 13:00:00,34,1,2,2,5
7517842,3777,3799,412,187374,2022-05-14 19:00:00,37,1,0,1,4
8785163,2482,2445,426,188082,2023-01-24 19:30:00,17,2,2,6,4
8786102,3771,3767,412,188122,2023-02-26 19:45:00,25,0,3,7,4
6632642,675,695,795,186267,2021-01-30 15:15:00,21,1,2,3,7
10480174,1613,1611,364,188989,2023-12-02 20:00:00,14,1,0,7,3
8341319,5707,5655,255,187965,2022-08-28 21:00:00,24,0,0,14,2
6185056,5638,5657,255,186667,2020-11-22 19:00:00,22,1,1,7,4
6594153,1660,1669,346,186333,2020-10-31 15:00:00,9,0,3,5,4
6589374,1646,1619,364,186810,2020-09-26 19:00:00,3,0,1,8,2
10521346,714,708,795,189012,2024-03-17 15:15:00,29,0,1,11,3
8785852,19830,3797,412,188122,2022-10-16 15:05:00,11,1,1,3,4
6594124,1643,1641,346,186333,2020-11-07 15:00:00,11,2,1,3,2
6542778,2500,2443,426,186265,2021-04-24 13:30:00,31,3,1,11,2
8341187,5651,5656,255,187965,2022-06-16 00:30:00,12,1,1,11,4
8785851,3795,3802,412,188122,2022-10-02 13:00:00,9,2,2,10,2
7512130,1616,1664,346,187482,2022-01-29 15:00:00,29,1,1,9,3
9967492,5640,5660,255,188756,2023-07-16 14:00:00,15,0,0,11,8
10572198,2482,2500,426,188974,2024-02-17 14:30:00,22,0,1,6,2
6594003,1650,10531,346,186333,2020-12-26 15:00:00,21,0,2,7,3
10572297,2453,2658,426,188974,2024-05-11 13:30:00,33,1,1,NA,NA
6593730,1640,1641,346,186333,2021-04-24 14:00:00,44,0,1,5,2
10517863,1666,1643,346,188987,2023-10-29 13:00:00,14,2,0,4,3
6594049,1637,1618,346,186333,2020-12-09 19:45:00,17,1,2,4,1
6542815,2451,2463,426,186265,2021-04-03 13:30:00,27,1,0,5,4
7536397,681,678,795,187526,2022-01-03 20:00:00,19,1,3,4,5
8785222,2500,2463,426,188082,2023-03-04 14:30:00,23,0,0,5,4
7485235,1651,1610,364,187475,2022-01-18 20:00:00,24,1,1,5,7
6589480,1633,1628,364,186810,2020-12-16 20:00:00,13,1,1,5,3
8823211,682,700,795,188124,2023-05-24 17:30:00,36,2,0,7,6
6185041,5669,5674,255,186667,2020-11-08 23:30:00,20,0,0,9,1
6632682,675,692,795,186267,2021-01-02 20:00:00,17,2,0,1,5
8823119,678,698,795,188124,2023-04-01 14:15:00,27,0,0,13,3
8826730,3166,3164,524,188160,2022-10-08 18:45:00,9,1,1,2,5
6425200,3770,3782,412,186243,2020-09-20 15:00:00,4,2,2,4,2
10566992,3771,3803,412,189971,2023-08-26 17:00:00,3,2,0,3,10
6632738,696,687,795,186267,2020-12-06 20:00:00,12,0,0,2,3
8823336,700,756,795,188124,2023-02-10 20:00:00,21,2,0,5,6
11293149,5648,5638,255,188756,2023-11-23 00:30:00,32,1,0,3,4
6542829,2445,2482,426,186265,2021-03-14 17:00:00,25,2,0,4,4
9967559,5640,5659,255,188756,2023-08-06 21:30:00,18,0,0,8,1
10567094,3773,3802,412,189971,2023-12-16 20:00:00,16,2,0,4,7
10480126,1614,1651,364,188989,2023-09-30 11:30:00,7,6,1,1,3
6184961,5674,5656,255,186667,2020-09-24 00:30:00,12,1,0,3,8
8785781,3776,3775,412,188122,2022-08-31 19:00:00,5,1,2,6,3
11932900,5646,5640,255,189744,2024-07-21,18,2,0,6,4
7516855,2459,2453,426,187511,2021-08-14 13:30:00,1,0,0,4,9
7535972,684,846,795,187526,2022-05-15 17:30:00,37,2,0,4,9
10567139,3787,3766,412,189971,2024-02-11 16:05:00,21,1,2,1,5
10521203,713,687,795,189012,2023-10-29 15:15:00,11,2,2,4,5
10607707,3168,3176,524,188994,2024-02-02 19:45:00,23,3,2,1,3
8786325,3802,3799,412,188122,2023-05-21 13:00:00,36,2,2,7,3
7511946,1650,1636,346,187482,2022-04-29 18:45:00,45,1,3,1,15
10480076,1625,1613,364,188989,2023-08-19 19:00:00,2,1,0,3,0
8823212,713,682,795,188124,2023-05-28 17:00:00,37,2,1,4,6
7485359,1630,1609,364,187475,2021-12-18 17:30:00,18,1,4,1,4
8827031,3205,3185,524,188160,2023-05-27 13:00:00,37,0,4,5,2
10572103,2454,2658,426,188974,2023-10-28 13:30:00,9,2,1,6,4
7485227,1669,1628,364,187475,2022-02-12 15:00:00,25,0,0,3,9
7606732,3163,3185,524,187528,2022-02-06 17:00:00,24,2,0,8.8,3.2
8819886,1641,1621,346,188096,2023-04-22 16:30:00,44,1,1,4,3
9967375,5659,5673,255,188756,2023-05-28 22:00:00,8,2,0,7,0
10607829,3173,3187,524,188994,2024-02-25 14:00:00,26,1,1,4,3
8827004,3172,3194,524,188160,2023-05-20 16:00:00,36,3,1,6,3
10572271,2444,2447,426,188974,2024-03-30 17:30:00,27,0,2,7,4
8822974,676,692,795,188124,2022-10-09 19:00:00,8,1,0,6,3
8826729,3315,3161,524,188160,2022-10-08 13:00:00,9,1,2,6,5
8819615,1646,1620,346,188096,2022-12-17 15:00:00,23,3,1,4,1
7485280,1612,1630,364,187475,2022-02-23 19:45:00,19,6,0,4,0
8826937,3187,3157,524,188160,2023-04-02 18:45:00,28,0,4,10,4
6639469,3187,3159,524,186353,2021-02-13 17:00:00,22,1,0,3,9
7512175,1620,1637,346,187482,2022-01-15 15:00:00,27,2,1,5,5
6593849,1655,1659,346,186333,2021-03-03 19:45:00,34,1,2,4,5
8819393,1640,1635,346,188096,2022-11-08 19:45:00,4,2,0,6,4
12337167,5707,5812,255,189744,2024-06-22 21:30:00,11,0,0,5,4
6425562,3773,3813,412,186243,2021-04-25 13:00:00,34,2,1,4,6
10607614,3172,3192,524,188994,2023-12-18 19:45:00,16,4,1,10,7
8785267,2446,2463,426,188082,2023-05-05 18:30:00,31,1,2,9,2
11873062,5659,5685,255,189744,2024-06-26 22:00:00,12,2,1,7,4
8785142,2444,2463,426,188082,2023-01-24 19:30:00,17,1,1,9,4
6589352,1646,1611,364,186810,2021-01-12 20:15:00,1,0,1,3,4
8776884,1633,1631,364,188095,2022-11-12 15:00:00,16,0,2,7,2
7606792,3176,3315,524,187528,2021-12-19 11:30:00,18,2,2,9,3
7606768,3194,3192,524,187528,2022-01-09 19:45:00,21,1,2,17,4
6543040,2445,2446,426,186265,2020-10-03 13:30:00,3,1,1,8,12
7512079,1640,1663,346,187482,2022-02-19 15:00:00,33,1,0,3,3
8776898,1609,1613,364,188095,2023-01-03 19:45:00,19,0,0,5,5
7536003,679,675,795,187526,2022-05-08 19:00:00,35,1,0,4,6
7246254,5673,5707,255,187168,2021-06-17 19:00:00,4,0,0,3,2
6185084,5812,5643,255,186667,2020-12-07 23:00:00,24,0,1,999,999
6639418,3157,3187,524,186353,2021-03-14 19:45:00,27,0,1,5,4
7246179,5674,5648,255,187168,2021-07-10 22:00:00,11,1,2,1,3
6639319,3166,3193,524,186353,2021-05-12 18:45:00,36,0,2,12,4
6632551,674,687,795,186267,2021-04-11 14:15:00,30,2,2,4,5
7517730,3802,3803,412,187374,2022-02-20 14:00:00,25,1,1,1,6
6425366,3775,3776,412,186243,2020-10-25 16:00:00,8,1,1,5,3
7536234,695,846,795,187526,2021-11-01 20:00:00,12,0,3,3,5
9967613,5646,5677,255,188756,2023-10-28 22:00:00,30,1,0,6,1
7485452,1651,1609,364,187475,2021-10-02 16:30:00,7,0,0,8,5
7246065,5655,5677,255,187168,2021-09-12,20,0,0,5,1
10521460,676,846,795,189012,2024-02-11 20:00:00,24,3,3,6,2
8819439,1638,10529,346,188096,2022-09-03 14:00:00,8,2,0,4,6
10517636,1632,1644,346,188987,2023-10-04 18:45:00,10,2,0,5,2
7485181,1646,1625,364,187475,2022-04-02 14:00:00,31,0,2,1,8
7511942,1620,1639,346,187482,2022-04-30 14:00:00,45,3,1,7,1
7485142,1614,1612,364,187475,2022-05-10 19:00:00,33,1,2,2,3
8341391,5666,5812,255,187965,2022-10-01 22:00:00,29,1,2,11,3
6425388,19830,3804,412,186243,2021-04-11 15:05:00,32,3,0,6,4
7246119,5650,5663,255,187168,2021-08-22,17,1,1,5,9
7246033,5644,5819,255,187168,2021-10-10 14:00:00,25,5,2,7,7
8819692,1626,1618,346,188096,2023-02-21 19:45:00,29,3,1,6,1
7246098,5812,5654,255,187168,2021-12-10 00:30:00,38,2,0,4,6
6543014,2481,2460,426,186265,2020-10-31 14:30:00,6,3,1,4,1
8341342,5643,5666,255,187965,2022-08-13 19:30:00,22,1,1,6,2
7516829,2481,2454,426,187511,2021-09-18 13:30:00,5,1,0,2,6
8785087,2500,2454,426,188082,2022-10-30 14:30:00,12,2,1,6,5
8786060,3766,3773,412,188122,2023-02-12 19:45:00,23,2,1,2,5
6594201,1669,1640,346,186333,2020-10-17 14:00:00,5,2,0,8,6
6185059,5669,5653,255,186667,2020-11-22 19:00:00,22,2,2,2,7
10521425,713,678,795,189012,2024-05-25 16:30:00,38,0,1,8,2
6632669,702,698,795,186267,2021-01-11 18:00:00,18,1,3,1,7
8819644,1638,1643,346,188096,2023-01-01 15:00:00,26,3,0,10,1
7536114,678,713,795,187526,2021-09-21 20:00:00,6,1,2,2,1
6593917,10531,1626,346,186333,2021-02-05 20:15:00,28,2,0,4,2
7535911,676,687,795,187526,2021-08-15 18:00:00,1,4,2,5,3
6542788,2457,2453,426,186265,2021-05-06 16:30:00,30,3,0,4,6
6185063,5659,5663,255,186667,2020-11-22 21:15:00,22,1,2,7,5
10480134,1624,1636,364,188989,2023-09-16 14:00:00,5,2,1,15,2
6594063,1639,1620,346,186333,2020-12-05 15:00:00,16,1,0,0,2
7485204,1626,1669,364,187475,2022-03-05 15:00:00,28,1,3,5,5
6185199,5654,5656,255,186667,2021-02-14 19:00:00,36,2,1,4,3
11873128,5654,5656,255,189744,2024-05-11 19:00:00,6,2,0,13,6
8776752,1619,1630,364,188095,2022-08-13 14:00:00,2,2,2,2,5
8822990,680,674,795,188124,2022-10-18 17:00:00,10,1,1,11,6
7485273,1624,1628,364,187475,2021-12-26 15:00:00,19,3,0,4,2
8819599,1664,1618,346,188096,2022-12-10 15:00:00,22,0,0,2,6
10572222,2463,2448,426,188974,2024-04-06 13:30:00,28,2,1,9,4
6632627,692,702,795,186267,2021-02-12 20:00:00,23,3,1,3,6
7512216,1673,1640,346,187482,2021-12-11 12:30:00,22,1,1,5,9
8819855,1627,1650,346,188096,2023-04-10 14:00:00,41,2,2,8,4
8785271,2451,2460,426,188082,2023-04-30 15:30:00,30,3,0,3,5
6542755,2447,2446,426,186265,2021-05-22 13:30:00,34,3,1,3,6
8823120,702,676,795,188124,2023-04-01 19:00:00,27,0,4,11,3
9967675,5654,5648,255,188756,2023-11-11 21:30:00,34,1,1,5,2
6594253,1638,1639,346,186333,2020-09-12 14:00:00,1,0,0,2,8
10521159,682,708,795,189012,2023-09-17 14:15:00,5,2,1,6,6
6185126,5657,5659,255,186667,2021-01-10 23:30:00,29,3,0,6,3
10518941,1650,1630,346,188987,2024-04-26 19:00:00,45,4,0,7,8
7485187,1669,1646,364,187475,2022-03-12 15:00:00,29,2,0,2,9
7606806,3163,3205,524,187528,2022-05-14 16:00:00,37,2,3,4,2
12281096,5651,5641,255,189744,2024-06-13 23:00:00,8,3,1,5,3
8822994,675,680,795,188124,2022-10-22 19:00:00,11,3,1,4,3
11933003,5663,5707,255,189744,2024-09-29 19:00:00,28,1,0,7,3
6425196,3799,3803,412,186243,2020-09-27 13:00:00,5,3,2,6,1
6589366,1630,1616,364,186810,2020-09-19 14:00:00,2,4,3,5,3
10480061,1609,1616,364,188989,2023-08-26 14:00:00,3,2,2,8,3
7512154,1642,1647,346,187482,2022-01-22 12:30:00,28,2,1,4,2
7517614,3766,3787,412,187374,2022-04-23 15:00:00,34,5,2,8,2
8785272,2451,2446,426,188082,2023-04-16 17:30:00,28,0,0,2,5
10521343,675,678,795,189012,2024-03-31 19:00:00,30,2,0,4,7
11932861,5651,5638,255,189744,2024-07-04 00:30:00,14,1,2,6,2
10607874,3236,3172,524,188994,2024-04-21 18:45:00,33,1,2,2,8
7512436,1638,1616,346,187482,2021-08-17 18:45:00,3,1,2,2,5
9967470,5707,5655,255,188756,2023-07-02 21:30:00,13,3,0,9,5
6593955,10529,1650,346,186333,2021-01-20 19:00:00,25,0,1,4,6
7485404,1612,1651,364,187475,2021-10-30 14:00:00,10,2,2,5,3
8786063,3769,3766,412,188122,2023-02-17 20:00:00,24,2,1,6,4
10521420,756,846,795,189012,2024-05-24 19:00:00,38,7,0,4,2
7512390,1659,1650,346,187482,2021-09-14 18:45:00,7,2,1,3,6
6639463,3315,3166,524,186353,2021-02-20 19:45:00,23,1,1,10,6
8823023,680,687,795,188124,2022-11-09 18:00:00,14,1,2,2,1
6589450,1619,1611,364,186810,2020-11-29 14:00:00,10,2,3,5,9
10518054,1640,10531,346,188987,2023-12-29 19:45:00,25,2,2,12,4
10567190,3777,3773,412,189971,2024-04-12 19:00:00,29,2,1,5,2
7511889,1672,1650,346,187482,2021-08-14 14:00:00,2,0,3,7,2
7246019,5656,5648,255,187168,2021-10-14,26,1,0,8,3
7512421,1639,1663,346,187482,2021-09-15 18:45:00,7,1,1,11,4
6185196,5643,5659,255,186667,2021-02-13 20:00:00,36,2,0,2,5
7485385,1651,1613,364,187475,2021-11-06 17:30:00,11,1,1,2,5
6542981,2457,2500,426,186265,2020-12-04 19:30:00,10,3,1,9,2
8826841,3236,3315,524,188160,2023-01-22 14:00:00,19,1,1,999,999
10607516,3236,3168,524,188994,2023-09-17 13:00:00,4,1,1,10,1
8827019,3185,3176,524,188160,2023-05-21 13:00:00,36,1,1,3,3
10572160,2445,2481,426,188974,2023-12-20 19:30:00,16,3,0,4,4
10480345,1625,1629,364,188989,2024-05-04 16:30:00,36,5,1,6,0
7485176,1651,1626,364,187475,2022-04-02 14:00:00,31,0,0,11,2
8819521,1635,10529,346,188096,2022-10-08 14:00:00,14,1,3,6,3
6639369,3163,3173,524,186353,2021-04-21 18:45:00,32,0,1,2,5
7512417,1659,1660,346,187482,2021-09-25 14:00:00,9,2,1,4,7
11933005,5653,5642,255,189744,2024-10-05 19:30:00,29,2,2,2,5
8819897,1627,1632,346,188096,2023-04-23 11:00:00,44,1,2,4,5
6589507,1628,1631,364,186810,2020-12-28 15:00:00,16,1,1,2,5
8826749,3176,3235,524,188160,2022-08-14 16:30:00,1,3,2,11,4
7606621,3173,3194,524,187528,2022-04-30 13:00:00,35,1,2,2,2
6185144,5653,5812,255,186667,2021-01-17 21:15:00,30,3,1,10,9
8822919,680,690,795,188124,2022-08-19 20:00:00,2,1,1,12,2
11932996,5656,5812,255,189744,2024-09-21 19:00:00,27,3,0,7,2
8777058,1659,1630,364,188095,2023-04-30 13:00:00,34,4,1,2,5
10572220,2446,2443,426,188974,2024-04-14 15:30:00,29,5,0,7,0
7536087,687,698,795,187526,2022-01-23 17:30:00,22,0,0,7,2
7485121,1624,1631,364,187475,2022-05-01 13:00:00,35,3,1,6,3
10607501,3161,3236,524,188994,2023-08-19 18:45:00,1,2,0,8,3
10567132,3777,3797,412,189971,2024-03-10 14:00:00,25,1,0,5,7
8819519,1644,1626,346,188096,2022-10-15 18:45:00,15,2,1,3,12
7512243,1636,1655,346,187482,2021-11-28 12:30:00,20,2,0,7,7
6594025,1637,1626,346,186333,2020-12-16 20:00:00,19,1,2,3,5
6594040,1650,1637,346,186333,2020-12-12 15:00:00,18,0,1,2,3
8823252,756,679,795,188124,2023-03-13 20:00:00,25,0,1,1,3
6639426,3176,3160,524,186353,2021-03-07 14:00:00,26,3,3,3,3
8341301,5644,5673,255,187965,2022-07-11 23:00:00,16,1,0,13,2
8819425,1644,1650,346,188096,2022-08-27 14:00:00,6,2,3,1,4
7517976,3774,3802,412,187374,2021-09-12 13:00:00,5,0,2,4,6
8785960,3770,3771,412,188122,2023-02-01 18:00:00,21,0,2,5,7
7517702,3773,3803,412,187374,2022-03-05 16:00:00,27,0,1,4,0
7536236,678,696,795,187526,2021-10-01 19:00:00,8,1,0,13,9
10521468,700,846,795,189012,2024-03-29 20:00:00,30,1,0,5,2
7485423,1610,1625,364,187475,2021-09-25 11:30:00,6,0,1,4,13
10517766,10529,1638,346,188987,2023-12-09 15:00:00,20,1,0,4,2
10572173,2500,2463,426,188974,2023-12-20 17:30:00,16,2,0,4,5
7517959,3787,3773,412,187374,2021-10-17 15:00:00,10,1,0,3,2
6425206,3803,3788,412,186243,2020-09-20 13:00:00,4,3,2,4,6
10521297,682,686,795,189012,2024-01-20 15:15:00,21,1,1,4,6
6543056,2446,2975,426,186265,2020-09-26 13:30:00,2,1,1,4,1
6639517,3158,3161,524,186353,2021-01-10 11:30:00,17,2,2,3,7
8776946,1628,1651,364,188095,2023-02-11 15:00:00,23,1,1,1,6
8819355,1632,1640,346,188096,2022-07-31 11:00:00,1,1,1,4,3
7535892,702,680,795,187526,2021-08-28 17:30:00,3,1,1,5,3
11932947,5659,5654,255,189744,2024-08-18 21:30:00,23,4,1,5,2
6425422,3799,3782,412,186243,2021-03-13 12:00:00,29,0,1,6,3
8341420,5651,5707,255,187965,2022-09-18 22:00:00,27,2,2,8,4
7246072,5677,5685,255,187168,2021-09-19,21,1,1,4,2
6593852,1638,1641,346,186333,2021-03-02 19:00:00,34,2,1,4,2
7536120,684,691,795,187526,2021-09-19 16:30:00,5,2,2,10,4
8826671,3164,3159,524,188160,2022-08-22 18:45:00,2,0,0,3,4
6185019,5653,5674,255,186667,2020-10-25,18,0,0,13,4
10572287,2463,2500,426,188974,2024-05-11 13:30:00,33,3,2,6,8
8777101,1610,1613,364,188095,2023-05-28 15:30:00,38,1,1,10,3
6639441,3160,3161,524,186353,2021-03-04 19:45:00,25,1,2,2,2
6184992,5660,5663,255,186667,2020-10-11 19:00:00,15,0,0,2,4
7517883,3766,3802,412,187374,2021-12-01 20:00:00,16,1,2,3,4
6593863,1669,1639,346,186333,2021-02-27 15:00:00,33,2,1,4,1
11933024,5644,5649,255,189744,2024-10-19 19:00:00,30,1,0,3,6
8634704,1636,1642,346,187482,2022-05-14 14:00:00,1,1,2,8,5
10521333,676,686,795,189012,2024-03-08 20:00:00,28,1,0,4,1
8826870,3194,3192,524,188160,2023-02-13 17:30:00,22,1,0,5,1
10518786,1650,1620,346,188987,2024-03-09 15:00:00,37,0,2,10,3
7606677,3161,3194,524,187528,2022-04-09 16:00:00,32,2,0,10,2
8826740,3187,3166,524,188160,2022-10-16 16:00:00,10,3,2,6,4
7606787,3164,3161,524,187528,2021-09-12 10:30:00,3,2,2,4,4
8819394,1626,1673,346,188096,2022-08-16 18:45:00,4,2,1,8,1
8341404,5653,5669,255,187965,2022-10-09 21:00:00,31,0,0,16,0
8819567,1632,1646,346,188096,2022-10-22 14:00:00,17,2,4,2,5
7485132,1624,1651,364,187475,2022-04-16 11:30:00,33,0,1,4,4
10517802,1634,1640,346,188987,2023-12-02 15:00:00,19,2,1,1,6
7606683,3173,3162,524,187528,2022-03-05 19:45:00,28,0,3,7,5
7485210,1613,1614,364,187475,2022-02-13 14:00:00,25,1,0,3,6
8341501,5656,5669,255,187965,2022-11-05 23:30:00,36,1,0,9,11
8785320,2482,2500,426,188082,2023-05-20 13:30:00,33,4,2,1,5
6185212,5649,5651,255,186667,2021-02-21 21:15:00,37,1,0,2,2
10480286,1636,1609,364,188989,2024-03-04 20:00:00,27,0,6,0,7
6632704,675,846,795,186267,2020-12-23 18:45:00,15,2,0,8,1
10521107,679,846,795,189012,2023-08-14 19:30:00,1,3,1,3,3
6589423,1609,1614,364,186810,2020-11-08 19:15:00,8,0,3,3,8
10572187,2482,2443,426,188974,2024-03-03 16:30:00,24,2,1,3,3
7245970,5644,5651,255,187168,2021-11-13 22:00:00,32,2,1,5,5
7517659,3779,3774,412,187374,2022-04-20 19:00:00,33,2,1,2,7
8785286,2446,2447,426,188082,2023-01-29 16:30:00,18,0,2,8,4
8341446,5655,5656,255,187965,2022-10-22 22:00:00,33,0,1,7,4
7512045,1668,1639,346,187482,2022-03-12 15:00:00,37,2,2,3,3
10607558,3157,3163,524,188994,2023-11-04 19:45:00,11,0,1,11,5
7536035,682,696,795,187526,2021-12-21 18:00:00,4,5,2,6,2
6593934,1673,1639,346,186333,2021-01-30 15:00:00,27,1,1,10,3
6185111,5643,5674,255,186667,2020-12-26 22:00:00,27,1,0,4,5
6593928,1644,1650,346,186333,2021-02-01 19:45:00,27,1,2,7,5
10518105,1655,1672,346,188987,2023-12-22 19:45:00,23,3,2,7,6
10521160,708,674,795,189012,2023-09-23 19:00:00,6,2,2,7,3
7512168,1659,10529,346,187482,2021-12-30 19:45:00,25,3,0,6,1
6632761,674,675,795,186267,2020-11-08 20:00:00,9,4,1,1,8
8819395,1639,1620,346,188096,2022-08-17 18:45:00,4,2,2,4,8
8822926,691,675,795,188124,2022-08-28 20:00:00,3,1,3,7,7
10567192,3787,3788,412,189971,2024-04-07 13:00:00,28,2,0,5,7
6589699,1630,1624,364,186810,2021-05-08 11:30:00,35,3,1,8,6
10518049,1655,1638,346,188987,2024-01-01 15:00:00,26,0,1,6,5
10480155,1660,1628,364,188989,2023-11-25 15:00:00,13,2,1,4,5
9967519,5646,5643,255,188756,2023-09-16 00:30:00,23,1,0,6,3
7517994,3779,3803,412,187374,2021-08-29 13:00:00,4,3,1,1,9
7246231,5669,5653,255,187168,2021-06-24 22:00:00,6,2,1,6,7
8819665,1620,1638,346,188096,2023-01-14 15:00:00,27,1,0,6,3
6184928,5655,5653,255,186667,2020-09-10 00:30:00,9,3,1,4,5
8785969,3795,3766,412,188122,2023-02-04 18:00:00,22,1,3,5,6
9967527,5638,5659,255,188756,2023-08-19 19:00:00,20,0,0,5,2
8819766,1636,1644,346,188096,2023-02-25 15:00:00,34,1,0,5,5
10567022,3779,3773,412,189971,2023-09-29 19:00:00,7,0,1,2,3
6632725,698,680,795,186267,2020-12-12 15:15:00,13,0,1,5,3
6425370,3766,19830,412,186243,2020-10-25 20:00:00,8,4,1,2,12
10518044,1618,1655,346,188987,2023-12-29 19:45:00,25,0,0,1,6
10567111,3775,3802,412,189971,2023-12-10 12:00:00,15,2,1,9,0
7485195,1631,1630,364,187475,2022-03-05 12:30:00,28,1,0,5,10
11933017,5663,5653,255,189744,2024-10-17 00:45:00,30,1,1,7,3
6639428,3159,3162,524,186353,2021-03-06 19:45:00,26,3,1,4,4
11873040,5663,5646,255,189744,2024-06-27 00:30:00,12,3,0,3,8
10480385,1614,1612,364,188989,2024-05-13 19:00:00,37,3,3,5,4
9967512,5657,5648,255,188756,2023-09-16 19:00:00,23,4,2,4,11
7536031,698,702,795,187526,2021-09-13 18:00:00,4,0,1,8,2
8826900,3166,3162,524,188160,2023-03-11 19:45:00,26,0,0,5,2
6425185,3803,19830,412,186243,2020-10-04 13:00:00,6,1,0,1,8
8785940,3788,19830,412,188122,2023-01-11 20:00:00,18,2,2,3,4
8785932,3766,3797,412,188122,2023-01-01 16:00:00,17,0,1,7,4
7245972,5655,5685,255,187168,2021-11-10 22:00:00,31,2,0,5,7
8819753,1626,10529,346,188096,2023-02-25 15:00:00,34,2,0,3,5
7516620,2463,2460,426,187511,2022-04-09 13:30:00,29,3,2,8,5
7536060,680,846,795,187526,2022-04-08 19:00:00,31,4,2,14,3
7511895,1621,10531,346,187482,2021-08-07 14:00:00,1,2,1,7,5
10521103,682,684,795,189012,2023-08-13 17:30:00,1,1,2,9,4
8819446,1673,1664,346,188096,2022-09-04 14:00:00,8,0,1,10,2
6594251,1650,1642,346,186333,2020-09-12 14:00:00,1,2,0,4,2
10521471,708,679,795,189012,2024-02-24 20:00:00,26,2,2,2,7
8785889,3795,3788,412,188122,2022-10-23 13:00:00,12,2,2,3,6
7246276,5655,5669,255,187168,2021-06-06,2,3,1,4,1
10607727,3192,3315,524,188994,2024-04-05 18:45:00,31,2,2,4,9
6184927,5638,5685,255,186667,2020-09-09 22:15:00,9,1,1,5,1
7516753,2481,2448,426,187511,2021-12-04 14:30:00,14,2,3,13,6
6425270,3766,3773,412,186243,2021-01-06 20:00:00,18,3,2,7,4
6639309,3157,3173,524,186353,2021-05-16 18:45:00,37,0,0,9,7
7512393,1642,10529,346,187482,2021-09-12 13:30:00,6,1,2,4,4
10480180,1636,1659,364,188989,2023-11-25 15:00:00,13,1,3,4,7
8785301,2445,2482,426,188082,2023-05-27 13:30:00,34,1,1,9,2
9967542,5648,5663,255,188756,2023-09-03 19:00:00,22,1,0,5,7
10607818,3166,3315,524,188994,2024-02-03 19:45:00,23,4,2,7,4
10480317,1629,1623,364,188989,2023-12-30 15:00:00,20,3,0,5,2
9967503,5646,5654,255,188756,2023-07-09,14,1,1,4,7
7512275,1663,10531,346,187482,2021-11-24 19:45:00,19,0,2,0,2
6594089,1642,10531,346,186333,2020-11-29 12:00:00,14,0,1,6,8
10572253,2447,2462,426,188974,2024-03-17 16:30:00,26,3,1,8,3
6589728,1616,1613,364,186810,2021-05-23 15:00:00,38,0,2,5,4
6184942,5651,5660,255,186667,2020-09-12 19:30:00,10,1,0,9,6
6589361,1636,1629,364,186810,2020-09-14 17:00:00,1,0,2,12,5
10518701,1627,1655,346,188987,2024-03-16 15:00:00,38,2,0,3,7
6594088,1637,1655,346,186333,2020-11-28 12:30:00,14,3,1,5,1
7246150,5655,5656,255,187168,2021-08-08 19:00:00,15,0,0,5,3
6542871,2451,2454,426,186265,2021-02-14 17:00:00,21,0,0,9,6
10572241,2446,2444,426,188974,2024-02-10 17:30:00,21,3,0,4,6
8785947,3773,3769,412,188122,2023-01-14 16:00:00,19,1,0,9,2
6639587,3164,3157,524,186353,2020-12-06 19:45:00,10,1,2,9,6
7512076,10529,1664,346,187482,2022-02-19 15:00:00,33,1,1,3,2
6589485,1646,1629,364,186810,2020-12-21 17:30:00,14,2,1,1,7
8341386,5646,5638,255,187965,2022-10-16 19:00:00,32,0,0,15,3
8826758,3235,3164,524,188160,2022-10-24 16:30:00,11,0,1,5,1
7485300,1633,1651,364,187475,2021-12-01 19:30:00,14,1,1,9,5
10567019,3775,3766,412,189971,2023-08-27 18:45:00,3,0,0,7,2
8819590,1650,1646,346,188096,2022-12-11 13:00:00,22,0,3,2,6
10567215,3787,3770,412,189971,2024-04-26 19:00:00,31,1,1,3,6
7246285,5656,5812,255,187168,2021-05-30 21:15:00,1,0,1,10,3
6185169,5655,5656,255,186667,2021-02-17 22:00:00,33,1,0,6,5
10521335,674,675,795,189012,2024-03-02 20:00:00,27,2,2,2,2
10566994,3771,3802,412,189971,2023-08-12 15:00:00,1,2,1,10,10
8819544,1626,1660,346,188096,2022-10-18 18:45:00,16,0,1,4,2
11622950,1649,1627,346,188987,2024-02-20 19:45:00,29,0,3,2,7
8826915,3157,3192,524,188160,2023-03-13 19:45:00,26,1,1,6,4
7512111,1627,1659,346,187482,2022-04-06 19:00:00,30,2,0,6,5
7512413,1642,1638,346,187482,2021-09-25 14:00:00,9,1,1,3,4
11933087,5640,5646,255,189744,2024-12-05 00:30:00,37,1,2,7,6
8786152,3787,3780,412,188122,2023-04-09 13:00:00,30,1,2,4,3
7512116,1663,10529,346,187482,2022-02-02 19:45:00,30,0,1,6,0
8341492,5638,5644,255,187965,2022-11-09 00:30:00,37,0,1,7,2
8826805,3158,3166,524,188160,2023-01-04 15:30:00,16,1,0,3,3
8823352,682,676,795,188124,2023-02-12 20:00:00,21,0,1,6,2
6542766,2445,2481,426,186265,2021-05-07 18:30:00,32,2,1,2,12
9967360,5685,5677,255,188756,2023-04-15 21:30:00,1,2,1,4,7
6589469,1631,1651,364,186810,2020-12-13 19:15:00,12,3,0,9,5
10480423,1646,1609,364,188989,2024-02-17 15:00:00,25,0,5,4,6
6632480,676,692,795,186267,2021-05-16 16:30:00,37,1,2,7,1
6632740,690,695,795,186267,2020-11-27 20:00:00,11,1,1,3,11
8341411,5812,5644,255,187965,2022-09-19 23:00:00,27,1,2,10,2
9967367,5648,5707,255,188756,2023-05-13 21:30:00,6,2,0,7,4
6543008,2500,2459,426,186265,2020-11-07 14:30:00,7,5,0,5,1
7512021,1664,10531,346,187482,2022-03-12 15:00:00,37,1,0,7,3
6184983,5663,5653,255,186667,2020-10-08 00:30:00,14,2,1,1,8
6639370,3193,3219,524,186353,2021-04-21 18:45:00,32,2,2,3,0
8341191,5643,5669,255,187965,2022-06-12 19:00:00,11,1,1,2,10
7517782,3773,3795,412,187374,2021-11-05 20:00:00,13,4,0,4,2
10480139,1623,1629,364,188989,2023-08-26 14:00:00,3,0,1,7,0
8341392,5648,5673,255,187965,2022-10-09 21:00:00,31,0,2,8,7
6639353,3219,3163,524,186353,2021-04-25 10:30:00,33,2,4,11,2
10517807,1634,1638,346,188987,2023-11-29 20:00:00,18,3,1,4,2
10572174,2520,2451,426,188974,2023-12-16 14:30:00,15,0,1,7,7
7606891,3158,3157,524,187528,2021-10-31 19:45:00,11,1,2,5,2
6632470,695,700,795,186267,2021-05-21 19:00:00,38,2,2,7,0
6593869,1641,1650,346,186333,2021-02-24 19:45:00,32,0,0,8,2
6639507,3187,3176,524,186353,2021-01-17 11:30:00,18,6,0,1,4
10567211,3775,3793,412,189971,2024-05-10 19:00:00,33,1,0,6,1
7516747,2481,2469,426,187511,2022-05-14 13:30:00,34,2,1,3,5
7511893,1640,1642,346,187482,2021-08-08 15:30:00,1,2,1,0,5
8786351,3781,3771,412,188122,2023-06-03 19:00:00,38,1,0,2,3
9967449,5651,5659,255,188756,2023-06-03 21:30:00,9,1,0,6,7
7246124,5649,5677,255,187168,2021-08-21 22:00:00,17,2,0,4,2
10517595,1627,1650,346,188987,2023-10-24 19:00:00,13,2,0,6,2
7516571,2445,2451,426,187511,2022-04-30 13:30:00,32,1,1,7,9
7517924,3766,3773,412,187374,2021-10-30 19:00:00,12,2,1,3,5
10518181,1650,1672,346,188987,2023-12-09 15:00:00,20,2,0,4,4
10572055,2445,2520,426,188974,2023-09-22 18:30:00,5,3,1,5,4
8341123,5638,5707,255,187965,2022-05-15 19:00:00,6,2,1,15,3
6594055,1639,10529,346,186333,2020-12-08 19:45:00,17,1,2,3,4
6542919,2446,2447,426,186265,2021-01-19 19:30:00,17,2,1,6,6
7512350,1647,1660,346,187482,2021-10-19 18:45:00,13,2,2,5,5
6185121,5649,5677,255,186667,2021-01-06 22:15:00,28,2,1,3,10
8341318,5660,5812,255,187965,2022-09-11 19:00:00,26,2,0,7,8
8823105,676,674,795,188124,2023-03-05 15:15:00,24,1,0,5,2
6589567,1646,1625,364,186810,2021-02-03 18:00:00,22,0,2,1,3
8341150,5651,5653,255,187965,2022-04-17 21:00:00,2,0,1,2,5
12337149,5663,5649,255,189744,2024-06-19 23:00:00,10,1,0,8,3
6589635,1629,1612,364,186810,2021-03-15 20:00:00,28,0,1,2,2
6425557,3802,3771,412,186243,2021-04-23 19:00:00,34,1,3,5,2
11340304,5648,5660,255,188756,2023-11-26,35,2,1,6,4
8341279,5648,5669,255,187965,2022-07-09 22:00:00,16,2,1,9,10
7517990,3775,3771,412,187374,2021-10-27 19:00:00,3,1,1,6,5
7517950,3797,19830,412,187374,2021-09-26 15:00:00,8,1,3,5,1
7536069,695,682,795,187526,2022-04-02 14:15:00,30,2,0,1,8
8786112,3781,3795,412,188122,2023-02-26 14:00:00,25,2,1,6,3
6632722,687,701,795,186267,2020-12-13 13:00:00,13,1,1,5,4
6185020,5644,5654,255,186667,2020-10-25 21:15:00,18,2,2,1,7
6425288,3770,3799,412,186243,2020-12-20 14:00:00,16,1,1,5,6
7516736,2463,2481,426,187511,2021-12-10 19:30:00,15,0,2,9,4
10567206,3780,3803,412,189971,2024-05-19 19:00:00,34,0,3,6,2
6589462,1627,1628,364,186810,2020-12-06 12:00:00,11,1,5,4,6
6542840,2459,2500,426,186265,2021-03-07 17:00:00,24,0,0,3,3
8785907,3802,3770,412,188122,2022-11-06 14:00:00,14,1,0,10,4
8341394,5646,5660,255,187965,2022-10-06 22:00:00,30,4,0,9,6
6425274,3774,3777,412,186243,2020-12-23 18:00:00,17,1,0,6,5
6425287,3775,3766,412,186243,2020-12-19 20:00:00,16,1,4,8,2
7512293,1640,10531,346,187482,2021-11-02 19:45:00,16,1,2,7,3
8819453,1621,1650,346,188096,2022-07-30 14:00:00,1,1,0,6,0
8776776,1612,1613,364,188095,2022-08-31 19:00:00,5,2,1,13,0
7485320,1669,1630,364,187475,2022-05-22 15:00:00,38,1,2,3,2
6542980,2449,2446,426,186265,2020-12-06 17:00:00,10,0,3,2,8
6185143,5644,5663,255,186667,2021-01-17 23:30:00,30,4,2,6,1
6632716,676,674,795,186267,2020-12-19 15:15:00,14,2,2,8,3
6632552,675,676,795,186267,2021-04-10 19:00:00,30,2,1,5,6
8786137,3799,3775,412,188122,2023-04-02 13:00:00,29,1,1,5,2
8785164,2443,2500,426,188082,2023-01-25 19:30:00,17,1,2,5,7
6543032,2481,2975,426,186265,2020-10-17 13:30:00,4,0,2,5,8
10518590,1621,1666,346,188987,2024-04-21 11:30:00,44,1,3,6,2
8819811,1635,1640,346,188096,2023-03-14 19:45:00,37,1,1,6,4
6639542,3219,3157,524,186353,2021-01-03 17:00:00,15,0,2,12,4
6425567,3804,3775,412,186243,2021-04-18 13:00:00,33,2,0,1,9
8786261,19830,3787,412,188122,2023-04-30 11:00:00,33,0,4,3,11
10517819,1632,1673,346,188987,2023-11-29 19:45:00,18,1,2,999,999
9967620,5651,5638,255,188756,2023-10-29 19:00:00,30,1,1,4,3
6542872,2446,2460,426,186265,2021-02-13 14:30:00,21,2,2,2,2
7606692,3187,3157,524,187528,2022-03-06 19:45:00,28,0,1,6,8
9967368,5644,5651,255,188756,2023-05-10 22:00:00,5,0,2,4,3
10607515,3162,3236,524,188994,2023-09-23 18:45:00,5,1,1,1,3
6425262,3804,3771,412,186243,2021-01-09 20:00:00,19,0,0,0,6
8776868,1619,1613,364,188095,2022-11-06 14:00:00,15,1,4,8,2
7485215,1644,1651,364,187475,2022-02-12 15:00:00,25,0,2,4,5
10572072,2445,2443,426,188974,2023-12-02 17:30:00,13,2,0,6,7
6639602,3219,3159,524,186353,2020-11-28 17:00:00,9,1,1,5,8
8777089,1619,1616,364,188095,2023-05-13 14:00:00,36,0,2,1,8
7511988,1660,1638,346,187482,2022-04-02 14:00:00,40,2,2,5,4
8786328,3803,3797,412,188122,2023-05-21 13:00:00,36,2,1,7,1
10480381,1633,1660,364,188989,2024-05-11 14:00:00,37,3,1,7,6
10521167,676,684,795,189012,2023-09-16 19:00:00,5,5,0,9,5
8786119,3803,3767,412,188122,2023-03-11 20:00:00,27,1,2,6,3
10517775,1621,1630,346,188987,2023-12-09 12:30:00,20,0,2,13,3
7536337,684,692,795,187526,2022-01-02 17:30:00,19,0,2,3,3
10480374,1609,1623,364,188989,2024-05-19 15:00:00,38,2,1,8,1
7535903,691,682,795,187526,2021-08-21 17:30:00,2,0,0,9,7
7606890,3161,3163,524,187528,2021-10-31 11:30:00,11,2,0,6,4
10567013,3779,3770,412,189971,2023-10-06 19:00:00,8,1,2,3,11
8785260,2446,2975,426,188082,2023-04-23 15:30:00,29,2,0,0,9
10521278,700,681,795,189012,2023-12-10 17:30:00,16,1,1,2,4
6185223,5648,5663,255,186667,2021-02-26 00:30:00,38,2,0,3,5
10518649,1641,1643,346,188987,2024-03-29 15:00:00,39,3,0,2,2
8826886,3236,3157,524,188160,2023-02-18 17:00:00,23,0,1,10,3
8341246,5685,5650,255,187965,2022-07-31 22:00:00,20,1,0,7,5
10480154,1610,1625,364,188989,2023-11-12 16:30:00,12,4,4,3,3
6639338,3166,3176,524,186353,2021-05-02 13:00:00,34,3,3,3,5
7516600,2457,2500,426,187511,2022-04-09 16:30:00,29,1,4,2,8
9967664,5685,5659,255,188756,2023-11-12 19:00:00,34,2,2,7,3
6542818,2975,2444,426,186265,2021-04-03 16:30:00,27,0,1,8,4
7516654,2975,2453,426,187511,2022-03-05 14:30:00,25,1,1,4,1
7516671,2469,2463,426,187511,2022-02-26 14:30:00,24,1,1,7,11
6593918,1639,1637,346,186333,2021-02-06 15:00:00,28,0,0,6,4
6589559,1623,1613,364,186810,2021-01-30 12:30:00,21,0,2,6,12
7606687,3187,3163,524,187528,2022-03-19 14:00:00,30,2,1,7,4
10517773,1620,1634,346,188987,2023-12-09 15:00:00,20,0,2,5,3
8785265,2460,2449,426,188082,2023-05-05 18:30:00,31,2,3,7,6
7246059,5669,5655,255,187168,2021-09-19,21,0,0,6,4
6594145,1621,1620,346,186333,2020-11-03 19:45:00,10,0,0,3,13
6639355,3315,3164,524,186353,2021-04-24 18:45:00,33,1,0,8,3
9967536,5644,5707,255,188756,2023-07-29 19:00:00,17,1,2,7,5
6589573,1613,1628,364,186810,2021-02-02 20:15:00,22,1,2,9,1
10567208,3802,3774,412,189971,2024-05-19 19:00:00,34,2,1,2,4
7512445,1638,1664,346,187482,2021-08-28 14:00:00,5,2,1,14,0
10521293,846,714,795,189012,2024-02-03 15:15:00,23,1,1,2,9
8819366,1672,1626,346,188096,2022-08-13 14:00:00,3,2,1,2,11
6594146,1678,1666,346,186333,2020-10-31 15:00:00,9,1,0,7,9
10521297,682,686,795,189012,2024-01-20 15:15:00,21,1,1,4,6
9967416,5649,5660,255,188756,2023-06-25 19:00:00,12,5,1,8,5
7606882,3157,3161,524,187528,2021-11-07 19:45:00,12,1,1,4,8
8819623,1627,1643,346,188096,2022-12-17 15:00:00,23,3,0,6,3
11933010,5649,5663,255,189744,2024-10-05 00:30:00,29,3,1,10,2
6639663,3172,3173,524,186353,2020-10-04 10:30:00,3,5,2,3,9
7606920,3187,3185,524,187528,2021-10-17 16:00:00,8,1,0,3,4
7536131,696,846,795,187526,2022-03-19 13:00:00,29,2,3,6,2
8777056,1613,1624,364,188095,2023-04-23 13:00:00,32,6,1,9,3
11873052,5650,5654,255,189744,2024-06-26 23:00:00,12,2,1,7,8
10517796,1618,1666,346,188987,2023-11-25 15:00:00,17,2,1,6,6
11276315,1636,1633,364,188989,2024-01-21 14:00:00,21,2,2,4,1
10607840,3173,3194,524,188994,2024-04-01 13:00:00,30,1,1,7,2
11933041,5650,5663,255,189744,2024-11-02 21:30:00,32,0,3,5,3
7536264,679,676,795,187526,2021-10-02 19:00:00,8,2,0,2,6
6589432,1633,1616,364,186810,2020-11-07 20:00:00,8,1,0,9,5
8786177,3779,3781,412,188122,2023-04-16 13:00:00,31,3,1,5,0
7246166,5654,5638,255,187168,2021-07-25 19:00:00,13,5,1,7,4
8823163,684,687,795,188124,2023-04-25 20:00:00,31,0,0,2,4
10607677,3192,3178,524,188994,2024-02-09 19:45:00,24,1,3,4,8
6593708,1655,1669,346,186333,2021-05-08 11:30:00,46,1,3,1,2
6593850,1637,1621,346,186333,2021-03-02 20:00:00,34,1,0,2,5
7536141,713,680,795,187526,2022-03-13 13:00:00,28,1,1,5,6
10566985,3773,3774,412,189971,2023-08-20 18:45:00,2,1,1,11,0
8827009,3159,3235,524,188160,2023-05-14 18:45:00,35,2,0,7,0
10517641,1618,1627,346,188987,2023-10-06 19:00:00,11,3,1,6,8
10521373,696,692,795,189012,2024-04-27 16:30:00,33,3,0,8,3
7536115,675,680,795,187526,2021-11-28 20:00:00,15,2,1,0,4
8819420,1640,1641,346,188096,2022-08-31 18:45:00,7,0,1,9,6
6632742,687,682,795,186267,2020-11-29 20:00:00,11,1,1,4,4
10607557,3159,3194,524,188994,2023-10-28 18:45:00,10,1,0,5,1
6639649,3158,3219,524,186353,2020-10-18 18:45:00,4,5,2,6,4
12281097,5650,5642,255,189744,2024-06-11 22:00:00,8,1,1,5,4
6632729,682,702,795,186267,2020-12-06 17:30:00,12,0,0,4,0
8826903,3315,3235,524,188160,2023-03-06 17:30:00,25,3,2,4,3
8776862,1624,1612,364,188095,2022-11-06 16:30:00,15,1,2,5,3
10521122,676,700,795,189012,2023-08-20 17:30:00,2,2,0,10,2
7517960,19830,3772,412,187374,2021-10-03 13:00:00,9,3,0,10,2
7485363,1609,1633,364,187475,2021-12-15 20:00:00,17,2,0,5,2
7511973,1616,1641,346,187482,2022-04-19 18:45:00,43,3,0,6,5
6425276,3813,3804,412,186243,2020-12-23 18:00:00,17,1,3,7,3
6593843,1663,1618,346,186333,2021-03-06 15:00:00,35,1,0,5,3
6632724,802,696,795,186267,2020-12-12 17:30:00,13,1,0,5,2
6632526,679,701,795,186267,2021-04-18 14:15:00,33,5,0,8,3
8819379,1621,1627,346,188096,2022-08-14 14:00:00,3,2,1,1,5
10517851,1650,1631,346,188987,2023-10-28 14:00:00,14,1,2,1,8
10607525,3187,3162,524,188994,2023-09-02 18:45:00,3,1,2,7,2
10567165,3793,3777,412,189971,2024-04-21 13:00:00,30,0,1,4,2
10521265,686,680,795,189012,2023-12-09 20:00:00,16,1,0,4,12
7606874,3315,3162,524,187528,2021-12-12 17:00:00,17,2,1,6,0
6425358,3770,3767,412,186243,2020-10-31 20:00:00,9,0,3,2,4
7535894,676,698,795,187526,2021-08-29 15:00:00,3,2,1,3,2
7485346,1619,1669,364,187475,2022-01-11 19:45:00,18,4,1,5,2
10518346,1639,1640,346,188987,2024-02-17 15:00:00,33,0,1,5,4
8826838,3194,3168,524,188160,2023-01-21 14:00:00,19,2,0,5,4
7517758,3766,3767,412,187374,2022-01-09 19:45:00,20,1,1,2,7
7516707,2463,2445,426,187511,2021-12-19 16:30:00,17,1,0,2,1
6594164,1678,1644,346,186333,2020-10-27 19:45:00,8,1,1,5,7
9967570,5657,5638,255,188756,2023-10-07 21:30:00,26,0,0,7,3
7246189,5812,5674,255,187168,2021-07-07 22:15:00,10,1,1,4,7
7517944,3772,3770,412,187374,2021-10-17 13:00:00,10,1,1,2,5
10517843,1672,1641,346,188987,2023-10-28 14:00:00,14,1,0,2,11
10480292,1625,1611,364,188989,2024-03-03 15:30:00,27,3,1,15,2
8786316,3787,3788,412,188122,2023-05-14 13:00:00,35,1,1,11,5
8667716,1673,1642,346,187482,2022-05-29 15:30:00,1,0,1,4,2
8826896,3157,3172,524,188160,2023-02-26 19:45:00,24,2,0,4,3
11933004,5648,5640,255,189744,2024-10-04 00:30:00,29,1,0,2,2
10480432,1633,1624,364,188989,2024-04-02 19:15:00,31,1,1,9,5
7511892,1673,1616,346,187482,2021-08-14 14:00:00,2,1,5,5,7
7606911,3163,3176,524,187528,2021-09-26 13:00:00,6,0,1,4,1
7245926,5669,5656,255,187168,2021-11-25 23:00:00,35,2,1,2,5
8826763,3236,3185,524,188160,2022-08-13 18:45:00,1,1,2,2,7
7536172,676,679,795,187526,2022-02-06 15:15:00,23,4,2,3,5
11873112,5638,5648,255,189744,2024-05-13 23:00:00,6,2,1,7,4
8826661,3161,3205,524,188160,2022-08-20 18:45:00,2,3,0,10,4
6589537,1616,1610,364,186810,2021-01-16 17:30:00,19,0,1,1,12
8823030,676,691,795,188124,2022-12-31 13:00:00,15,1,1,9,2
8819816,1644,1635,346,188096,2023-03-18 15:00:00,38,1,1,5,4
8785086,2447,2444,426,188082,2022-10-08 16:30:00,9,2,2,7,4
6639516,3205,3164,524,186353,2021-01-11 19:45:00,17,2,1,4,2
7485177,1630,1626,364,187475,2022-03-13 14:00:00,29,2,1,6,2
7485227,1669,1628,364,187475,2022-02-12 15:00:00,25,0,0,3,9
10521268,674,682,795,189012,2024-01-02 20:30:00,19,3,1,4,3
10566989,19830,3779,412,189971,2023-08-20 17:00:00,2,3,0,4,3
7246222,5649,5663,255,187168,2021-06-27 23:00:00,7,0,0,10,5
6185062,5654,5660,255,186667,2020-11-21 22:00:00,22,3,1,4,4
10480331,1636,1646,364,188989,2024-04-20 14:00:00,34,1,4,11,2
6425317,3770,3779,412,186243,2020-12-06 14:00:00,13,0,4,7,3
8823159,674,690,795,188124,2023-04-27 17:30:00,31,2,1,6,2
8823041,702,681,795,188124,2023-01-22 15:15:00,18,1,1,7,2
11622949,1666,1644,346,188987,2024-01-31 19:45:00,29,0,0,5,4
6542886,2443,2449,426,186265,2021-01-30 14:30:00,19,1,1,6,1
7512203,1637,1672,346,187482,2021-12-04 15:00:00,21,1,1,4,6
6184869,5653,5669,255,186667,2020-08-16 14:00:00,3,2,0,4,0
6639607,3164,3166,524,186353,2020-11-22 14:00:00,8,1,2,9,10
7606755,3163,3172,524,187528,2022-01-09 15:30:00,21,2,6,2,5
8785312,2975,2449,426,188082,2023-05-27 13:30:00,34,4,2,4,5
11932916,5677,5644,255,189744,2024-07-27 23:00:00,20,1,1,4,2
7516867,2447,2482,426,187511,2021-08-27 18:30:00,3,3,2,4,7
7485182,1610,1613,364,187475,2022-03-13 14:00:00,29,1,0,7,2
7485158,1630,1619,364,187475,2022-04-02 14:00:00,31,1,1,4,7
7518008,3773,3788,412,187374,2021-08-29 13:00:00,4,2,2,8,4
9967434,5638,5646,255,188756,2023-06-11 19:00:00,10,0,2,8,3
6593705,1647,1666,346,186333,2021-05-08 11:30:00,46,3,3,6,10
6594252,1641,10531,346,186333,2020-09-12 14:00:00,1,0,1,2,3
10607768,3159,3157,524,188994,2024-04-27 16:00:00,34,0,0,9,4
11932999,5638,5656,255,189744,2024-09-29 19:00:00,28,3,1,7,2
8819860,1620,1672,346,188096,2023-04-19 19:00:00,43,3,1,4,3
11276367,1612,1613,364,188989,2024-01-01 20:00:00,20,4,2,7,3
6425423,3779,19830,412,186243,2021-03-03 20:00:00,28,1,0,5,7
8826778,3178,3315,524,188160,2022-11-05 14:00:00,13,1,0,3,6
9967681,5644,5673,255,188756,2023-11-01 22:00:00,31,1,1,3,5
7512222,1641,1663,346,187482,2021-12-11 15:00:00,22,2,1,6,2
7512349,1664,1641,346,187482,2021-10-23 14:00:00,14,2,0,3,5
8777019,1642,1613,364,188095,2023-03-17 20:00:00,28,1,2,3,7
8823043,698,691,795,188124,2023-01-15 13:00:00,17,1,2,5,1
9967533,5643,5663,255,188756,2023-08-05 21:30:00,18,1,0,5,2
7606729,3158,3193,524,187528,2022-02-05 14:00:00,24,0,0,6,4
7536124,680,687,795,187526,2022-03-20 17:30:00,29,0,0,7,3
6542945,2457,2449,426,186265,2021-01-02 17:30:00,14,3,0,9,5
8819711,1672,10529,346,188096,2023-02-04 15:00:00,30,1,0,3,7
7516643,2453,2444,426,187511,2022-04-02 13:30:00,28,1,4,1,6
7535912,674,698,795,187526,2021-08-13 19:00:00,1,1,0,1,9
6589447,1623,1630,364,186810,2020-11-28 17:30:00,10,0,1,4,2
6639562,3219,3193,524,186353,2020-12-20 14:00:00,13,2,0,6,5
10517816,1626,1650,346,188987,2023-11-25 15:00:00,17,1,0,4,7
7512011,1640,1672,346,187482,2022-03-16 19:45:00,38,0,2,12,4
6589648,1610,1627,364,186810,2021-04-03 11:30:00,30,2,5,10,3
8826678,3157,3166,524,188160,2022-08-27 18:45:00,3,2,0,5,1
8823151,679,686,795,188124,2023-04-26 17:30:00,31,3,1,5,8
8785242,2453,2457,426,188082,2023-04-01 13:30:00,26,1,1,2,2
6542853,2451,2457,426,186265,2021-02-27 14:30:00,23,2,0,3,5
6639638,3159,3194,524,186353,2020-10-25 19:45:00,5,1,1,6,3
7516859,2454,2444,426,187511,2021-08-13 18:30:00,1,1,1,3,8
6589697,1614,1611,364,186810,2021-05-09 13:05:00,35,1,3,5,6
7485207,1669,1613,364,187475,2022-02-26 15:00:00,27,0,2,6,6
8785181,2975,2500,426,188082,2023-02-11 17:30:00,20,1,2,3,4
6589561,1625,1636,364,186810,2021-01-30 15:00:00,21,1,0,10,0
9967639,5659,5707,255,188756,2023-10-29 23:00:00,30,0,1,7,2
7535976,696,700,795,187526,2022-05-22 18:00:00,38,0,1,4,4
11932973,5650,5644,255,189744,2024-09-01 21:30:00,25,1,3,6,4
7512430,1639,1673,346,187482,2021-09-11 14:00:00,6,2,1,3,5
8785078,2457,2453,426,188082,2022-10-09 15:30:00,9,2,2,4,2
8819906,1639,1650,346,188096,2023-04-29 14:00:00,45,0,1,7,0
10480199,1611,1614,364,188989,2023-12-26 20:00:00,19,3,2,3,6
7606927,3315,3185,524,187528,2021-09-17 18:45:00,4,0,1,6,3
8819796,1618,1621,346,188096,2023-04-01 14:00:00,39,1,0,4,7
8341310,5659,5648,255,187965,2022-06-26 19:00:00,14,0,1,1,6
10607809,3187,3192,524,188994,2024-01-13 14:00:00,20,2,1,8,3
8785127,2443,2449,426,188082,2022-11-05 17:30:00,13,2,1,3,3
8776962,1642,1630,364,188095,2023-02-05 14:00:00,22,1,0,0,2
6593941,10531,1669,346,186333,2021-01-27 19:00:00,26,1,1,1,9
8819354,1650,1620,346,188096,2022-08-06 14:00:00,2,3,2,5,5
10607681,3254,3158,524,188994,2024-02-18 17:00:00,25,0,3,10,2
6185079,5663,5656,255,186667,2020-12-03 00:30:00,24,0,0,3,4
8776741,1630,1629,364,188095,2022-08-06 14:00:00,1,2,1,6,4
8819817,1646,1632,346,188096,2023-03-31 19:00:00,39,0,0,5,4
8785126,2449,2453,426,188082,2022-10-30 16:30:00,12,0,2,4,8
7246022,5654,5650,255,187168,2021-10-13 22:00:00,26,3,1,6,6
8776974,1625,1613,364,188095,2023-03-04 12:30:00,26,2,0,8,4
6185055,5644,5648,255,186667,2020-11-22 21:15:00,22,1,2,4,4
6425257,3767,3803,412,186243,2021-01-09 20:00:00,19,3,0,7,4
10567067,3767,19830,412,189971,2023-11-24 20:00:00,13,5,2,2,10
6425529,3771,3799,412,186243,2021-05-16 19:00:00,37,3,2,3,4
6425301,3804,3776,412,186243,2020-12-16 18:00:00,15,0,2,5,4
8777024,1609,1628,364,188095,2023-03-19 14:00:00,28,4,1,5,4
8826713,3168,3236,524,188160,2022-09-11 13:00:00,6,1,1,8,5
6542878,2460,2500,426,186265,2021-02-06 14:30:00,20,1,0,3,1
11932971,5651,5646,255,189744,2024-09-01 21:30:00,25,0,2,4,4
7606664,3159,3161,524,187528,2022-04-03 18:45:00,31,0,1,8,1
6589438,1611,1627,364,186810,2020-11-21 20:00:00,9,1,0,8,2
6589616,1614,1629,364,186810,2021-03-06 17:30:00,27,0,0,5,3
8819455,1620,10529,346,188096,2022-09-13 18:45:00,10,2,3,9,3
7246020,5674,5656,255,187168,2021-10-09 19:30:00,25,1,0,7,4
9967649,5648,5643,255,188756,2023-10-25 22:00:00,29,5,3,6,1
8785261,2444,2457,426,188082,2023-04-30 13:30:00,30,2,0,18,1
7606752,3161,3162,524,187528,2022-01-09 19:45:00,21,2,1,4,3
7517871,3777,3788,412,187374,2021-12-12 14:00:00,18,4,1,3,8
6589693,1619,1631,364,186810,2021-04-30 19:00:00,34,1,1,0,10
7512041,1642,1637,346,187482,2022-03-12 15:00:00,37,4,0,2,4
8819371,10529,1618,346,188096,2022-08-13 11:30:00,3,1,0,2,2
10607736,3192,3236,524,188994,2024-02-24 17:00:00,26,0,2,7,11
7485141,1613,1629,364,187475,2022-04-08 19:00:00,32,1,0,1,2
8819657,1650,1660,346,188096,2022-12-29 18:00:00,25,0,3,6,0
6632524,680,696,795,186267,2021-05-23 19:00:00,38,1,0,6,4
7606678,3173,3159,524,187528,2022-04-09 18:45:00,32,1,2,1,4
6184999,5653,5648,255,186667,2020-10-15 00:30:00,16,1,1,10,4
9967380,5660,5657,255,188756,2023-05-11 22:00:00,5,1,1,5,5
6184905,5648,5812,255,186667,2020-09-02 22:15:00,7,1,1,2,9
7485261,1631,1626,364,187475,2022-05-11 18:45:00,21,3,0,10,2
6425506,3787,19830,412,186243,2021-01-15 20:00:00,20,2,3,5,6
10518749,1619,1632,346,188987,2024-03-09 15:00:00,37,4,2,6,2
8785820,3769,3788,412,188122,2022-09-16 19:00:00,8,1,3,9,5
8785845,3787,19830,412,188122,2022-10-09 11:00:00,10,0,2,7,2
8826994,3192,3176,524,188160,2023-05-03 16:00:00,33,3,3,2,3
8786070,3802,3795,412,188122,2023-02-12 14:00:00,23,4,0,5,2
7512104,1642,1640,346,187482,2022-04-06 18:45:00,30,2,0,7,2
7512086,1616,1673,346,187482,2022-02-19 12:30:00,33,1,2,12,2
6632780,690,696,795,186267,2020-10-25 13:00:00,7,0,2,2,4
11340312,5644,5685,255,188756,2023-11-26 21:30:00,35,1,0,4,7
6594197,1641,10529,346,186333,2020-10-18 11:00:00,5,0,1,9,3
9967502,5685,5638,255,188756,2023-07-09 19:00:00,14,0,0,6,4
10521241,684,675,795,189012,2023-12-09 15:15:00,16,1,1,7,6
8785125,2460,2451,426,188082,2022-11-05 14:30:00,13,0,3,9,4
6589505,1646,1636,364,186810,2020-12-29 18:00:00,16,1,0,3,5
10607559,3157,3159,524,188994,2023-10-22 18:45:00,9,0,1,6,3
6184937,5646,5674,255,186667,2020-09-13 22:45:00,10,2,2,6,2
8341424,5643,5663,255,187965,2022-10-01 22:00:00,29,0,1,6,3
8823162,700,681,795,188124,2023-04-25 17:30:00,31,0,1,11,2
10518616,1632,1638,346,188987,2024-04-20 14:00:00,44,0,1,11,4
8819627,1632,1621,346,188096,2022-12-26 12:30:00,24,2,1,7,3
6184916,5657,5651,255,186667,2020-09-06 21:00:00,8,1,0,3,2
10480122,1669,1659,364,188989,2023-09-02 14:00:00,4,2,2,5,2
6593952,1642,1620,346,186333,2021-01-20 19:00:00,25,1,2,4,6
6425248,3803,3779,412,186243,2020-10-25 14:00:00,8,0,3,12,2
8341379,5669,5673,255,187965,2022-10-01 18:00:00,29,1,2,5,4
10521309,692,687,795,189012,2024-01-20 20:00:00,21,0,1,6,3
8341389,5812,5646,255,187965,2022-10-10 21:30:00,31,1,1,4,9
10480256,1612,1610,364,188989,2024-01-31 20:15:00,22,4,1,8,1
8776822,1631,1628,364,188095,2022-10-15 11:30:00,11,0,0,9,2
10517438,1644,1621,346,188987,2023-08-27 11:00:00,4,0,1,8,4
6639608,3158,3160,524,186353,2020-11-22 14:00:00,8,3,0,4,1
7246088,5654,5812,255,187168,2021-11-06 00:30:00,19,2,0,9,7
10572250,2454,2453,426,188974,2024-03-30 14:30:00,27,0,3,14,1
8819606,1672,1637,346,188096,2022-11-12 15:00:00,21,1,2,4,6
7517996,3797,3777,412,187374,2021-08-29 13:00:00,4,2,2,6,3
8827028,3235,3192,524,188160,2023-06-03 19:00:00,38,2,0,4,6
7516811,2975,2457,426,187511,2021-09-25 13:30:00,6,6,0,2,1
6542756,2444,2481,426,186265,2021-05-22 13:30:00,34,5,2,10,2
10607605,3168,3315,524,188994,2023-10-06 18:45:00,8,1,1,5,3
8785172,2445,2463,426,188082,2023-02-18 14:30:00,21,3,0,3,6
6632834,846,696,795,186267,2020-09-20 16:30:00,2,2,1,4,4
10480237,1642,1624,364,188989,2023-12-15 20:00:00,17,0,2,6,4
8823197,676,687,795,188124,2023-05-20 19:00:00,35,1,2,8,2
11873036,5646,5654,255,189744,2024-04-21 19:00:00,3,0,0,6,5
7536001,682,680,795,187526,2022-05-08 14:15:00,35,1,1,4,2
7512121,1620,1616,346,187482,2022-04-06 18:45:00,30,0,1,8,4
10572185,2500,2447,426,188974,2024-03-02 14:30:00,24,0,2,8,7
7512201,1642,1672,346,187482,2021-12-18 15:00:00,23,2,1,5,5
8785199,2449,2447,426,188082,2023-03-11 17:30:00,24,2,2,3,6
6639300,3173,3193,524,186353,2021-05-22 18:45:00,38,0,1,8,4
8341335,5659,5673,255,187965,2022-09-11 14:00:00,26,0,0,6,11
10607498,3236,3178,524,188994,2023-08-26 16:30:00,2,2,0,6,5
7485166,1609,1651,364,187475,2022-04-09 14:00:00,32,1,2,11,2
10518427,1641,1634,346,188987,2024-02-03 15:00:00,30,3,2,6,3
8776798,1612,1651,364,188095,2022-10-01 14:00:00,9,3,3,9,2
6425180,3767,3799,412,186243,2020-10-02 19:00:00,6,6,1,6,2
10567182,3771,3767,412,189971,2024-03-31 18:45:00,27,0,2,5,3
11932964,5646,5707,255,189744,2024-08-24 21:30:00,24,5,0,7,1
10567032,3788,19830,412,189971,2023-09-17 11:00:00,5,2,2,8,6
10517582,1673,10529,346,188987,2023-10-24 18:45:00,13,0,4,9,6
8819450,1646,1655,346,188096,2022-09-17 14:00:00,11,2,1,8,5
10521117,692,675,795,189012,2023-08-25 19:30:00,3,0,1,3,5
6593867,1659,1644,346,186333,2021-02-27 12:30:00,33,1,0,5,4
7517881,3787,3797,412,187374,2021-12-05 14:00:00,17,1,0,1,3
6543039,2454,2451,426,186265,2020-10-17 18:30:00,4,1,1,5,4
8786104,3787,3773,412,188122,2023-02-25 20:00:00,25,1,1,4,6
6425419,3788,3775,412,186243,2021-03-14 14:00:00,29,1,1,5,2
7245996,5674,5812,255,187168,2021-10-31 23:30:00,29,2,0,6,3
7516794,2457,2453,426,187511,2021-10-02 13:30:00,7,1,2,4,9
9967342,5653,5651,255,188756,2023-04-30,3,2,1,1,5
9967506,5653,5656,255,188756,2023-07-08 21:30:00,14,0,1,10,2
10567079,3779,3797,412,189971,2023-11-05 14:00:00,11,0,0,5,6
8819399,1636,1621,346,188096,2022-08-20 14:00:00,5,3,0,11,4
10567219,3793,3779,412,189971,2024-05-04 13:00:00,32,3,1,3,2
7536338,692,691,795,187526,2021-12-17 20:00:00,18,3,1,3,3
6185052,5643,5651,255,186667,2020-11-14 20:00:00,21,0,1,8,10
11932901,5640,5650,255,189744,2024-07-24 22:00:00,19,2,0,6,5
10518571,1619,10531,346,188987,2023-12-26 15:00:00,24,5,0,3,1
8819618,1641,1650,346,188096,2022-12-17 15:00:00,23,0,1,4,4
7512277,1655,1639,346,187482,2021-11-24 19:45:00,19,1,0,4,5
10607839,3161,3187,524,188994,2024-03-17 19:45:00,29,1,1,5,7
6425512,3802,3782,412,186243,2021-01-09 20:00:00,19,3,1,0,3
7512240,1664,1660,346,187482,2021-12-04 15:00:00,21,0,3,6,2
6425374,19830,3787,412,186243,2020-10-18 13:00:00,7,1,1,10,2
6639586,3205,3162,524,186353,2020-12-05 14:00:00,10,1,2,7,0
8786173,3774,3802,412,188122,2023-04-15 15:00:00,31,3,0,6,4
10567197,19830,3788,412,189971,2024-03-17 14:00:00,26,2,2,10,8
10607701,3193,3168,524,188994,2024-01-28 11:30:00,22,2,1,3,8
7516713,2482,2481,426,187511,2022-01-08 14:30:00,18,3,1,2,4
11932893,5649,5642,255,189744,2024-07-21 14:00:00,18,2,0,7,4
6632579,680,684,795,186267,2021-03-14 20:00:00,27,1,0,3,6
6542854,2446,2453,426,186265,2021-02-28 17:00:00,23,1,2,8,3
6542844,2462,2445,426,186265,2021-03-06 14:30:00,24,1,1,13,4
7512061,1638,1636,346,187482,2022-02-26 15:00:00,35,1,0,4,2
8341486,5643,5650,255,187965,2022-11-05 22:00:00,36,1,0,5,8
6425220,3802,3776,412,186243,2020-08-30 11:00:00,2,0,1,1,2
6185082,5648,5651,255,186667,2020-12-05 22:00:00,24,3,1,15,2
6542775,2481,2463,426,186265,2021-04-23 18:30:00,31,2,3,6,3
7536266,698,678,795,187526,2021-12-06 20:00:00,16,0,0,5,3
8826815,3194,3235,524,188160,2023-01-09 17:30:00,17,2,0,3,5
7245977,5656,5707,255,187168,2021-11-14,32,3,2,4,5
6543044,2462,2482,426,186265,2020-10-03 13:30:00,3,2,1,5,7
10567183,3771,3773,412,189971,2024-04-28 19:00:00,31,2,1,3,11
8819363,1655,1632,346,188096,2022-08-06 14:00:00,2,2,3,8,9
7512017,1660,1641,346,187482,2022-03-16 19:45:00,38,4,0,4,3
7606611,3166,3315,524,187528,2022-05-15 10:30:00,37,1,3,4,9
7606696,3178,3159,524,187528,2022-02-26 17:05:00,27,2,3,7,3
7246091,5646,5654,255,187168,2021-09-12 19:00:00,20,1,3,7,4
8819621,1626,1621,346,188096,2022-12-17 17:30:00,23,0,2,6,2
11932989,5657,5646,255,189744,2024-09-22 19:00:00,27,0,1,5,5
7516628,2447,2459,426,187511,2022-03-13 16:30:00,26,1,0,4,5
8823310,674,700,795,188124,2023-01-06 20:00:00,16,0,1,13,2
8785783,3767,19830,412,188122,2022-08-28 18:45:00,4,1,1,4,3
11933091,5641,5654,255,189744,2024-12-04 23:00:00,37,0,3,7,3
6425326,3767,3772,412,186243,2020-11-28 20:00:00,12,2,2,14,5
7518007,3772,3799,412,187374,2021-08-22 13:00:00,3,1,1,3,3
7606653,3178,3194,524,187528,2022-03-20 14:00:00,30,1,1,3,7
6542819,2447,2462,426,186265,2021-04-03 13:30:00,27,1,2,10,2
8777098,1611,1629,364,188095,2023-05-13 14:00:00,36,2,0,11,7
7512401,1650,1640,346,187482,2021-08-28 14:00:00,5,2,0,5,11
7518034,3779,3799,412,187374,2021-08-08 13:00:00,1,0,2,5,4
10480435,1646,1625,364,188989,2023-08-11 19:00:00,1,0,3,6,5
10572224,2451,2454,426,188974,2024-04-07 15:30:00,28,1,3,4,4
9967454,5649,5638,255,188756,2023-06-04 19:00:00,9,2,1,7,8
8776975,1613,1651,364,188095,2023-05-18 18:30:00,25,4,1,6,1
10480116,1625,1616,364,188989,2023-09-02 14:00:00,4,5,1,4,5
7536008,686,846,795,187526,2022-05-07 12:00:00,35,2,6,5,5
8776831,1651,1624,364,188095,2022-10-08 16:30:00,10,0,1,6,2
6542973,2446,2482,426,186265,2020-12-13 17:00:00,11,4,1,6,5
9967398,5655,5673,255,188756,2023-04-29 21:30:00,3,3,2,2,6
11932903,5707,5648,255,189744,2024-07-21 23:00:00,18,0,1,6,4
8819763,1627,1620,346,188096,2023-02-25 15:00:00,34,2,0,4,8
8785259,2500,2446,426,188082,2023-04-29 13:30:00,30,0,0,6,4
8823278,681,713,795,188124,2022-09-04 12:00:00,4,2,1,4,0
10567114,3788,3779,412,189971,2023-12-17 14:00:00,16,1,2,6,1
11932898,5650,5638,255,189744,2024-07-21 21:30:00,18,0,0,1,4
8776938,1624,1609,364,188095,2023-01-15 16:30:00,20,0,2,4,3
8826735,3158,3168,524,188160,2022-10-09 18:45:00,9,2,1,13,4
8785835,3767,3775,412,188122,2022-10-01 19:00:00,9,2,1,4,0
10521244,682,692,795,189012,2023-12-20 20:30:00,18,3,2,4,7
9967621,5677,5663,255,188756,2023-10-21 21:30:00,28,2,0,7,2
8819397,1664,1655,346,188096,2022-08-27 14:00:00,6,3,3,5,3
8786163,3788,3780,412,188122,2023-04-23 13:00:00,32,0,1,2,7
6632519,684,674,795,186267,2021-04-18 16:30:00,33,2,2,6,3
8777013,1609,1630,364,188095,2023-04-01 14:00:00,29,4,1,4,3
10521291,674,680,795,189012,2024-02-17 20:00:00,25,0,0,7,2
10517619,1673,1650,346,188987,2023-10-21 14:00:00,12,2,1,2,9
7246063,5646,5650,255,187168,2021-10-03 21:15:00,23,1,1,8,2
6589406,1646,1624,364,186810,2020-10-26 20:00:00,6,0,1,4,5
6632628,676,696,795,186267,2021-02-13 20:00:00,23,5,1,5,4
10521315,698,675,795,189012,2024-02-01 20:00:00,20,0,2,2,6
8776847,1623,1628,364,188095,2022-10-22 14:00:00,13,3,0,3,4
8341186,5656,5643,255,187965,2022-06-19 19:00:00,13,1,0,6,4
6594234,1663,1640,346,186333,2020-09-26 14:00:00,3,0,0,5,7
11932965,5641,5649,255,189744,2024-08-25 19:00:00,24,0,1,6,9
6543019,2453,2446,426,186265,2020-11-01 14:30:00,6,2,4,4,6
9967511,5640,5685,255,188756,2023-09-03 21:30:00,22,0,0,8,5
6639349,3187,3173,524,186353,2021-05-02 13:00:00,34,1,1,3,1
8341144,5685,5638,255,187965,2022-04-23 19:30:00,3,1,1,6,9
8826879,3192,3162,524,188160,2023-02-19 14:00:00,23,0,2,2,9
7512231,1640,1639,346,187482,2022-01-25 19:45:00,23,1,0,5,5
7246016,5677,5646,255,187168,2021-10-13 00:30:00,26,0,0,14,5
8819804,1672,1646,346,188096,2023-03-15 19:45:00,37,1,3,3,3
10521349,676,698,795,189012,2024-02-24 15:15:00,26,4,0,5,8
6184938,5655,5638,255,186667,2020-09-12 22:00:00,10,2,2,5,2
10567127,3793,3775,412,189971,2023-12-16 16:00:00,16,3,1,2,9
6425217,3779,3775,412,186243,2020-08-29 19:00:00,2,0,2,3,1
10521133,708,846,795,189012,2023-10-01 12:00:00,8,3,3,1,5
7536185,678,691,795,187526,2022-02-07 20:00:00,23,2,1,5,3
6425541,3766,3788,412,186243,2021-05-08 15:00:00,36,4,1,5,1
8819879,1632,1618,346,188096,2023-04-15 14:00:00,42,2,1,9,2
10480184,1633,1642,364,188989,2023-11-12 14:00:00,12,3,2,9,4
10518134,1644,1634,346,188987,2023-12-12 19:45:00,21,1,2,6,4
7485327,1613,1609,364,187475,2022-05-16 19:00:00,37,2,0,12,8
6589493,1627,1614,364,186810,2020-12-20 19:15:00,14,0,3,1,7
7536133,713,675,795,187526,2022-02-26 17:30:00,26,0,1,5,9
8826670,3187,3236,524,188160,2022-08-21 16:30:00,2,4,0,10,4
6639496,3158,3205,524,186353,2021-01-23 14:00:00,19,4,3,3,1
8785887,3769,3799,412,188122,2022-08-14 13:00:00,2,2,2,4,5
6639360,3160,3197,524,186353,2021-04-24 16:00:00,33,3,4,7,5
10607662,3236,3193,524,188994,2023-12-10 14:00:00,15,1,0,2,3
10517853,1640,1627,346,188987,2023-10-30 20:00:00,14,0,2,5,5
7516681,2444,2975,426,187511,2022-02-05 17:30:00,21,3,2,2,0
6542889,2462,2457,426,186265,2021-01-30 14:30:00,19,3,1,4,7
6632638,696,690,795,186267,2021-02-05 20:00:00,22,1,0,11,1
8823213,690,676,795,188124,2023-05-23 20:00:00,36,3,1,2,6
7516796,2445,2482,426,187511,2021-10-02 13:30:00,7,3,1,9,4
7606750,3172,3161,524,187528,2022-01-16 19:45:00,22,0,0,6,4
7517910,19830,3776,412,187374,2021-11-19 20:00:00,14,2,2,6,5
8819658,1635,1632,346,188096,2022-12-29 19:45:00,25,1,4,1,4
7512334,1616,10529,346,187482,2021-10-20 18:45:00,13,2,0,6,2
6184936,5659,5657,255,186667,2020-09-13 23:30:00,10,2,3,5,4
6639513,3172,3193,524,186353,2021-01-17 17:00:00,18,0,0,9,1
8785925,3779,3788,412,188122,2022-11-13 16:05:00,15,1,1,4,2
6632710,681,682,795,186267,2020-12-19 17:30:00,14,1,3,2,2
10480269,1669,1651,364,188989,2024-04-03 18:30:00,31,0,0,1,5
7512202,1620,10531,346,187482,2021-12-04 15:00:00,21,1,0,5,5
9967393,5685,5673,255,188756,2023-05-10 22:00:00,5,2,2,5,4
6185052,5643,5651,255,186667,2020-11-14 20:00:00,21,0,1,8,10
7512014,1668,10531,346,187482,2022-03-16 19:45:00,38,2,3,3,4
8819723,1644,1621,346,188096,2023-02-11 15:00:00,31,1,1,6,2
8786345,3776,3770,412,188122,2023-05-27 19:00:00,37,2,1,5,3
7512405,1659,1636,346,187482,2021-10-02 14:00:00,11,2,1,4,7
7485461,1614,1669,364,187475,2021-08-28 14:00:00,3,1,1,3,2
6639359,3176,3159,524,186353,2021-04-25 13:00:00,33,1,1,7,2
8776807,1610,1612,364,188095,2023-04-04 19:00:00,8,0,0,3,5
8341134,5656,5663,255,187965,2022-05-01 19:00:00,4,1,0,9,4
7512163,10529,1621,346,187482,2022-01-15 12:30:00,27,0,1,7,2
7517991,3776,3787,412,187374,2021-08-29 15:00:00,4,2,1,3,4
6632508,680,678,795,186267,2021-05-03 19:00:00,34,0,1,6,2
7606904,3205,3193,524,187528,2021-10-26 16:30:00,10,1,1,3,3
7516771,2500,2457,426,187511,2021-11-20 17:30:00,12,2,0,7,6
6589550,1610,1629,364,186810,2021-01-27 18:00:00,20,0,0,12,1
6185034,5643,5657,255,186667,2020-11-01 23:30:00,19,1,1,2,6
8823194,692,756,795,188124,2023-05-23 17:30:00,36,1,1,9,3
8341340,5651,5648,255,187965,2022-09-03 22:00:00,25,1,0,6,3
8341293,5638,5650,255,187965,2022-06-26 21:00:00,14,0,0,16,1
10480344,1633,1612,364,188989,2024-04-27 11:30:00,35,2,2,5,8
8822932,698,679,795,188124,2022-08-15 17:30:00,1,0,3,3,6
8785105,2448,2500,426,188082,2022-10-23 13:30:00,11,2,1,3,7
8823075,702,682,795,188124,2023-02-04 15:15:00,20,3,1,6,10
7517686,3774,3799,412,187374,2022-03-06 14:00:00,27,2,0,7,7
8819704,1620,1664,346,188096,2023-02-04 15:00:00,30,3,0,9,7
7518001,3766,3788,412,187374,2021-09-25 19:00:00,8,1,1,9,3
8785203,2462,2445,426,188082,2023-03-11 14:30:00,24,1,1,3,2
7516720,2446,2482,426,187511,2021-12-15 19:30:00,16,2,2,6,3
7485417,1644,1613,364,187475,2021-09-25 14:00:00,6,1,1,5,6
10521260,714,698,795,189012,2023-12-01 20:00:00,15,2,0,4,4
7517767,3799,3782,412,187374,2022-01-26 18:00:00,20,0,1,3,1
7512428,1636,1668,346,187482,2021-09-11 14:00:00,6,6,2,11,3
7485173,1646,1619,364,187475,2022-04-21 18:45:00,30,2,0,10,10
7606931,3158,3315,524,187528,2021-09-12 18:45:00,3,2,1,4,6
7512274,1620,1638,346,187482,2021-11-20 15:00:00,18,1,1,10,4
6542813,2460,2459,426,186265,2021-04-03 13:30:00,27,1,1,2,3
7606848,3159,3176,524,187528,2021-11-06 17:00:00,12,1,0,5,5
10607847,3166,3176,524,188994,2024-02-14 18:00:00,21,2,0,2,3
6543054,2453,2451,426,186265,2020-09-27 16:00:00,2,1,1,9,1
8826845,3159,3172,524,188160,2023-01-22 19:45:00,19,3,3,6,4
8826961,3159,3187,524,188160,2023-04-23 18:45:00,31,0,1,3,6
6632717,679,702,795,186267,2020-12-19 13:00:00,14,3,1,2,4
7512335,1642,1664,346,187482,2021-10-16 14:00:00,12,2,1,4,3
7246259,5819,5669,255,187168,2021-06-13 23:30:00,3,0,0,2,7
10521249,676,708,795,189012,2023-12-20 18:00:00,18,3,2,12,0
10572227,2460,2482,426,188974,2024-04-13 13:30:00,29,4,1,9,3
6184974,5643,5655,255,186667,2020-10-04 21:15:00,13,2,3,2,4
10518603,1655,1621,346,188987,2024-04-10 18:45:00,42,5,0,6,8
7485392,1631,1609,364,187475,2021-10-30 11:30:00,10,0,2,7,6
7517641,19830,3795,412,187374,2022-04-10 13:00:00,31,2,1,10,1
10521229,696,675,795,189012,2023-12-21 20:30:00,18,0,1,3,3
7535899,695,675,795,187526,2021-08-22 20:00:00,2,3,3,4,6
10480343,1610,1623,364,188989,2024-04-15 19:00:00,33,6,0,4,8
11932863,5659,5653,255,189744,2024-07-07 23:30:00,15,3,0,3,2
11933095,5651,5648,255,189744,2024-12-01 21:30:00,36,1,1,3,8
6593745,1626,1644,346,186333,2021-04-20 17:00:00,43,0,1,5,13
7536099,674,675,795,187526,2021-09-19 19:00:00,5,1,2,2,5
8823038,691,684,795,188124,2023-01-21 15:15:00,18,1,0,7,4
6593855,10529,1647,346,186333,2021-03-02 19:00:00,34,4,0,6,5
7511931,1636,1616,346,187482,2022-05-07 11:30:00,46,4,0,2,7
8785174,2454,2444,426,188082,2023-02-18 14:30:00,21,3,2,4,0
10480058,1611,1642,364,188989,2023-08-26 14:00:00,3,3,2,11,3
7512294,1637,1659,346,187482,2021-10-30 19:00:00,15,0,2,6,5
8826978,3178,3166,524,188160,2023-05-04 18:45:00,33,3,1,2,5
7518004,3802,3770,412,187374,2021-09-26 13:00:00,8,3,1,3,7
7512281,1638,1659,346,187482,2021-11-24 19:45:00,19,1,1,6,2
8785175,2446,2460,426,188082,2023-02-19 18:30:00,21,2,3,4,5
10572097,2658,2481,426,188974,2023-10-22 15:30:00,8,2,5,6,5
7536385,702,682,795,187526,2022-01-16 13:00:00,21,1,0,3,8
8777031,1633,1609,364,188095,2023-04-16 13:00:00,31,2,2,7,2
9967384,5707,5653,255,188756,2023-05-10 23:00:00,5,0,4,6,1
7517859,3802,3799,412,187374,2021-12-05 14:00:00,17,1,2,7,4
11749326,1659,1660,364,188989,2024-03-13 19:30:00,17,4,3,11,3
10480081,1614,1623,364,188989,2023-08-20 13:00:00,2,4,0,7,6
9967498,5657,5707,255,188756,2023-06-27,12,1,0,4,6
8819471,1637,1632,346,188096,2022-09-14 19:00:00,10,0,3,3,7
10607807,3194,3254,524,188994,2024-01-28 14:00:00,22,1,1,1,9
10607679,3187,3193,524,188994,2024-02-17 14:00:00,25,1,1,7,2
8776933,1630,1633,364,188095,2023-01-04 19:45:00,19,2,2,8,1
8823077,684,692,795,188124,2023-02-04 20:00:00,20,3,4,5,5
10518617,1643,1618,346,188987,2024-04-20 14:00:00,44,0,0,7,6
6185137,5651,5638,255,186667,2021-01-17 19:00:00,30,1,1,1,3
8785210,2447,2975,426,188082,2023-03-03 19:30:00,23,2,1,4,6
8786162,3766,3771,412,188122,2023-04-23 18:45:00,32,1,2,5,3
10517776,1643,10531,346,188987,2023-12-09 15:00:00,20,1,2,6,11
11933054,5657,5644,255,189744,2024-11-21 23:00:00,34,0,1,8,3
9967418,5654,5649,255,188756,2023-06-11 21:30:00,10,3,0,3,7
10518313,1620,1649,346,188987,2024-02-24 15:00:00,34,0,2,6,6
10517812,1672,1643,346,188987,2023-11-28 19:45:00,18,4,1,7,4
8819908,1627,1626,346,188096,2023-04-29 16:30:00,45,2,1,7,1
11340323,5646,5648,255,188756,2023-12-03 19:00:00,37,1,0,7,1
10480101,1624,1612,364,188989,2023-09-30 16:30:00,7,2,1,11,5
6632839,682,802,795,186267,2020-09-13 16:30:00,1,1,1,6,6
7512233,1627,1642,346,187482,2021-11-26 20:00:00,20,0,0,7,7
8776737,1612,1628,364,188095,2022-08-15 19:00:00,2,1,1,4,2
8341178,5666,5673,255,187965,2022-04-10 22:00:00,1,1,0,6,1
10607632,3236,3159,524,188994,2023-12-01 19:45:00,14,1,2,7,3
8341284,5673,5643,255,187965,2022-07-03 21:00:00,15,1,0,11,3
7536259,674,702,795,187526,2021-12-11 17:30:00,17,2,1,8,1
8341281,5812,5638,255,187965,2022-07-03 19:00:00,15,1,2,3,0
7485127,1630,1625,364,187475,2022-04-30 16:30:00,35,0,4,3,6
10567288,3776,3779,412,189971,2024-04-21 13:00:00,30,1,0,4,4
7517769,3775,3797,412,187374,2022-02-06 14:00:00,23,0,1,5,3
10567162,3770,3774,412,189971,2024-04-20 15:00:00,30,0,3,3,7
7485197,1619,1626,364,187475,2022-02-25 20:00:00,27,2,0,13,6
6425243,3813,3767,412,186243,2020-10-16 19:00:00,7,0,4,1,9
10517599,1626,1620,346,188987,2023-10-24 18:45:00,13,1,2,4,7
6589563,1627,1616,364,186810,2021-01-30 15:00:00,21,2,2,2,3
8826849,3205,3158,524,188160,2023-01-22 17:00:00,19,0,2,4,0
7485116,1644,1646,364,187475,2022-04-30 14:00:00,35,1,2,5,6
6632809,682,696,795,186267,2020-09-30 17:00:00,4,3,1,2,0
7485281,1651,1669,364,187475,2021-12-26 20:00:00,19,2,0,6,9
6589369,1611,1628,364,186810,2020-09-19 16:30:00,2,1,3,9,3
6632823,700,680,795,186267,2020-09-27 16:30:00,3,1,3,6,5
7606913,3162,3161,524,187528,2021-10-16 16:00:00,8,3,1,7,3
7606655,3185,3157,524,187528,2022-04-10 18:45:00,32,0,0,6,5
10567271,19830,3793,412,189971,2024-02-04 12:00:00,20,1,1,9,4
10572270,2443,2451,426,188974,2024-03-30 14:30:00,27,0,2,3,6
8776947,1659,1613,364,188095,2023-02-11 17:30:00,23,1,1,3,6
8786166,3767,3773,412,188122,2023-04-15 19:00:00,31,3,1,3,10
6184874,5812,5674,255,186667,2020-08-16 22:00:00,3,1,1,4,9
10518064,1638,1626,346,188987,2023-12-29 19:45:00,25,1,0,5,3
7536014,676,692,795,187526,2022-05-10 19:30:00,36,3,1,2,8
6632810,680,695,795,186267,2020-10-01 17:00:00,4,1,0,2,4
8823091,676,700,795,188124,2023-02-19 20:00:00,22,2,0,5,6
7485364,1614,1631,364,187475,2021-12-05 16:30:00,15,2,1,3,6
7536143,680,684,795,187526,2022-02-27 15:15:00,26,2,1,4,4
7246082,5674,5644,255,187168,2021-09-13 23:00:00,20,0,1,5,4
6593716,1643,1621,346,186333,2021-05-01 14:00:00,45,1,1,4,7
10607555,3315,3192,524,188994,2023-11-10 17:30:00,12,2,2,12,0
6593866,1663,1638,346,186333,2021-02-27 15:00:00,33,2,1,10,3
10567113,19830,3766,412,189971,2023-12-15 20:00:00,16,0,1,6,1
6589387,1630,1625,364,186810,2020-10-03 16:30:00,4,1,1,7,10
7606739,3164,3185,524,187528,2022-01-15 14:00:00,22,1,2,3,10
6589579,1630,1628,364,186810,2021-02-08 20:00:00,23,2,0,5,3
8823009,675,756,795,188124,2022-10-30 15:15:00,12,1,1,7,1
11873044,5638,5641,255,189744,2024-06-27 23:00:00,12,2,1,2,2
7535962,675,684,795,187526,2022-05-20 19:00:00,38,0,0,8,5
6593983,1626,1663,346,186333,2021-01-02 15:00:00,23,1,0,7,2
7511991,1638,1663,346,187482,2022-04-09 14:00:00,41,4,1,7,7
7512269,1621,1668,346,187482,2021-11-24 19:45:00,19,4,0,5,3
6639470,3185,3193,524,186353,2021-02-13 14:00:00,22,0,0,3,5
6589533,1612,1646,364,186810,2021-01-21 20:00:00,18,0,1,11,0
8823337,691,678,795,188124,2023-04-08 14:15:00,28,1,2,8,7
10567166,3797,3787,412,189971,2024-04-14 13:00:00,29,1,1,3,4
7606804,3192,3161,524,187528,2021-12-17 19:45:00,18,0,5,3,10
10572255,2482,2444,426,188974,2024-05-18 13:30:00,34,4,2,6,5
6185046,5674,5657,255,186667,2020-11-14 19:30:00,21,0,2,4,2
9967636,5659,5646,255,188756,2023-11-02 00:30:00,31,3,4,2,6
6542869,2500,2449,426,186265,2021-02-13 17:30:00,21,0,0,1,6
7485155,1629,1625,364,187475,2022-05-11 19:15:00,33,1,5,6,2
7246278,5819,5685,255,187168,2021-05-30 21:15:00,1,0,3,5,7
7246118,5812,5819,255,187168,2021-08-21 20:00:00,17,1,1,6,1
12482866,5641,5663,255,189744,2024-07-24 22:00:00,3,1,1,4,5
6425304,3767,3766,412,186243,2020-12-13 20:00:00,14,0,1,5,6
7512330,1636,1639,346,187482,2021-10-16 14:00:00,12,2,1,8,4
11932881,5651,5677,255,189744,2024-07-10 22:00:00,16,1,3,9,2
9967686,5643,5655,255,188756,2023-11-09 22:00:00,33,0,1,5,6
6184954,5812,5653,255,186667,2020-09-20,11,3,4,6,4
7536251,846,680,795,187526,2021-10-03 19:00:00,8,1,0,2,6
8826853,3235,3161,524,188160,2023-01-28 17:00:00,20,1,2,2,14
11933078,5638,5653,255,189744,2024-11-24 00:30:00,35,2,2,7,1
9967500,5648,5677,255,188756,2023-06-24 21:30:00,12,2,1,9,10
10518083,1666,10529,346,188987,2023-12-23 15:00:00,23,1,2,10,3
8826986,3172,3205,524,188160,2023-05-03 16:00:00,33,3,2,12,3
11933050,5659,5707,255,189744,2024-11-09 19:30:00,33,0,0,8,1
10518573,1640,1666,346,188987,2023-12-26 15:00:00,24,2,0,5,9
8785225,2457,2481,426,188082,2023-02-25 14:30:00,22,2,0,1,6
7485477,1609,1626,364,187475,2021-09-11 14:00:00,4,1,0,8,4
10521415,680,686,795,189012,2024-04-22 19:00:00,32,2,1,4,4
7517709,3787,3774,412,187374,2022-02-25 20:00:00,26,2,4,7,1
7535992,680,686,795,187526,2022-05-11 18:30:00,36,0,0,6,3
7606723,3193,3192,524,187528,2022-02-13 14:00:00,25,1,1,5,4
7517731,3770,3802,412,187374,2022-02-13 14:00:00,24,1,0,5,5
6593743,1666,1621,346,186333,2021-04-20 18:00:00,43,1,0,3,2
7511939,1639,1640,346,187482,2022-05-07 11:30:00,46,1,1,4,7
8819853,1640,1644,346,188096,2023-04-10 14:00:00,41,2,2,6,4
11873061,5707,5663,255,189744,2024-06-16 21:30:00,9,5,0,5,1
10480275,1610,1646,364,188989,2024-03-30 15:00:00,30,2,2,12,4
10517590,1644,1666,346,188987,2023-10-21 14:00:00,12,1,0,4,5
11932873,5812,5651,255,189744,2024-07-07 21:30:00,15,1,2,4,11
11873073,5653,5640,255,189744,2024-04-21,3,3,0,4,4
7485295,1669,1623,364,187475,2021-11-28 14:00:00,13,1,0,3,3
6184908,5655,5657,255,186667,2020-09-03 00:30:00,7,2,2,9,2
6184921,5674,5643,255,186667,2020-09-06 23:30:00,8,2,1,9,4
7536116,687,702,795,187526,2021-09-26 16:30:00,7,1,0,6,1
10567238,19830,3780,412,189971,2024-02-18 14:00:00,22,1,2,4,6
8777077,1669,1633,364,188095,2023-05-14 13:00:00,36,2,0,7,5
7516792,2451,2481,426,187511,2021-11-06 14:30:00,11,1,0,0,8
8826781,3192,3235,524,188160,2022-11-05 14:00:00,13,2,2,2,2
7536330,684,687,795,187526,2021-12-12 17:30:00,17,4,0,4,7
7516594,2460,2444,426,187511,2022-04-30 13:30:00,32,3,1,7,8
8823059,678,700,795,188124,2023-02-03 20:00:00,20,4,1,0,3
7246038,5707,5673,255,187168,2021-10-02 20:00:00,23,0,2,4,3
9967377,5649,5663,255,188756,2023-05-14 19:00:00,6,0,0,9,5
8785180,2463,2462,426,188082,2023-02-12 16:30:00,20,3,0,3,9
10572261,2453,2975,426,188974,2024-04-06 13:30:00,28,1,4,8,4
10607872,3185,3157,524,188994,2024-05-18 18:45:00,37,3,1,3,8
8823238,698,690,795,188124,2022-10-01 14:15:00,7,2,3,4,2
8819867,1621,1640,346,188096,2023-04-19 18:45:00,43,1,1,5,6
6639559,3161,3205,524,186353,2020-12-20 14:00:00,13,2,1,3,2
8826954,3166,3157,524,188160,2023-04-15 13:00:00,30,1,1,2,6
10518034,1621,1673,346,188987,2024-01-20 15:00:00,28,1,1,7,3
6639454,3193,3194,524,186353,2021-02-20 17:00:00,23,2,2,5,1
7518011,3788,3776,412,187374,2021-09-10 19:00:00,5,2,1,2,5
7606812,3194,3185,524,187528,2022-05-14 16:00:00,37,0,1,4,4
6632484,702,696,795,186267,2021-05-11 18:00:00,36,0,2,7,5
7606642,3205,3161,524,187528,2022-04-15 17:00:00,33,1,3,6,7
7606897,3166,3157,524,187528,2021-10-23 18:45:00,9,2,4,4,1
8785958,3769,3787,412,188122,2023-01-29 14:00:00,20,0,2,5,3
8819469,1639,1660,346,188096,2022-11-08 19:45:00,9,2,0,5,13
8776955,1612,1623,364,188095,2023-02-13 20:00:00,23,2,0,3,3
8819542,1643,1672,346,188096,2022-10-22 14:00:00,17,2,4,4,7
10567273,3767,3776,412,189971,2024-02-10 20:00:00,21,3,1,6,8
6632759,702,692,795,186267,2020-11-06 20:00:00,9,1,1,3,3
6632602,695,678,795,186267,2021-02-26 20:00:00,25,1,1,2,10
10480304,1642,1628,364,188989,2024-03-30 15:00:00,30,1,1,4,6
6594239,1643,1638,346,186333,2020-09-19 14:00:00,2,0,1,8,3
10480330,1642,1625,364,188989,2024-04-28 15:30:00,35,0,2,4,5
6185067,5677,5638,255,186667,2020-11-28 22:00:00,23,1,3,5,9
6639468,3161,3162,524,186353,2021-02-14 19:45:00,22,3,1,4,0
10518441,1638,1641,346,188987,2024-01-27 15:00:00,29,1,1,8,3
8819518,1641,1639,346,188096,2022-10-15 14:00:00,15,0,2,3,6
8826772,3236,3166,524,188160,2022-10-31 19:45:00,12,1,2,4,5
8785879,3776,3769,412,188122,2022-08-07 13:00:00,1,4,1,7,2
7246203,5673,5655,255,187168,2021-07-03 22:00:00,9,2,0,2,12
7516717,2460,2448,426,187511,2022-01-15 14:30:00,19,1,0,7,3
7485226,1609,1612,364,187475,2022-03-16 20:15:00,27,0,2,1,6
8826673,3158,3236,524,188160,2022-08-30 18:45:00,4,3,0,5,4
8819524,10529,1640,346,188096,2022-10-15 14:00:00,15,0,1,12,7
10518383,1630,1643,346,188987,2024-02-10 15:00:00,31,3,0,5,3
7536390,686,687,795,187526,2022-03-02 20:00:00,21,0,2,3,4
7245924,5644,5655,255,187168,2021-11-28 22:00:00,36,1,1,3,5
7536392,702,846,795,187526,2022-01-02 15:15:00,19,0,0,6,3
8819370,1637,10529,346,188096,2022-08-06 14:00:00,2,2,1,1,2
7246250,5654,5685,255,187168,2021-06-20,5,2,3,13,2
8785826,3802,3773,412,188122,2022-09-04 13:00:00,6,1,1,4,4
7246027,5663,5649,255,187168,2021-10-13 23:30:00,26,1,0,10,4
10607738,3162,3157,524,188994,2024-03-01 19:45:00,27,0,1,2,5
7512085,10531,1659,346,187482,2022-04-26 18:45:00,34,3,3,4,7
6639650,3187,3172,524,186353,2020-10-17 13:00:00,4,4,1,6,2
8785956,3779,3780,412,188122,2023-01-29 14:00:00,20,1,2,4,2
6425359,19830,3772,412,186243,2020-11-01 16:00:00,9,4,0,10,4
6594117,1660,1621,346,186333,2020-11-21 15:00:00,12,1,1,4,6
8785855,3799,3779,412,188122,2022-10-09 13:00:00,10,2,3,6,6
7512149,1672,10531,346,187482,2022-01-29 15:00:00,29,2,0,1,2
7517610,3770,3774,412,187374,2022-05-11 19:00:00,36,2,1,5,5
6589482,1612,1624,364,186810,2020-12-16 20:00:00,13,2,1,7,4
8819429,1637,1639,346,188096,2022-09-04 11:00:00,8,2,1,4,6
7512165,1621,1673,346,187482,2022-01-02 14:00:00,26,0,0,9,3
7536113,686,698,795,187526,2021-11-27 17:30:00,15,0,0,2,0
6185160,5644,5649,255,186667,2021-01-24 19:00:00,32,2,1,6,1
6589483,1625,1627,364,186810,2020-12-15 20:00:00,13,1,1,13,2
6594085,1644,1641,346,186333,2020-11-28 15:00:00,14,4,1,8,3
10517440,1643,1631,346,188987,2023-08-26 14:00:00,4,1,2,5,4
7517743,3782,3779,412,187374,2022-02-20 14:00:00,25,2,2,3,4
8826840,3161,3178,524,188160,2023-01-23 19:45:00,19,0,1,2,3
8341120,5638,5651,255,187965,2022-04-10 22:00:00,1,4,0,5,5
8819412,1618,1626,346,188096,2022-08-30 18:45:00,7,1,2,6,8
7246239,5650,5674,255,187168,2021-06-20 23:30:00,5,1,0,3,5
7517644,3799,3776,412,187374,2022-04-10 13:00:00,31,1,1,5,7
7517927,3782,3797,412,187374,2021-11-07 14:00:00,13,3,2,9,2
8819722,1618,10529,346,188096,2023-02-14 19:45:00,32,0,2,5,4
6632477,692,684,795,186267,2021-05-22 16:00:00,38,2,3,8,4
6639368,3194,3176,524,186353,2021-04-20 18:45:00,32,1,2,5,3
7518027,3803,3774,412,187374,2021-08-15 13:00:00,2,1,1,6,11
10607526,3173,3157,524,188994,2023-09-27 16:30:00,6,1,3,3,5
8819612,1632,1627,346,188096,2022-12-12 20:00:00,22,1,2,5,5
8341333,5660,5653,255,187965,2022-08-14 14:00:00,22,0,1,1,9
9967564,5646,5653,255,188756,2023-10-19 22:00:00,27,0,2,7,2
10480106,1623,1659,364,188989,2023-10-07 14:00:00,8,3,0,8,7
6185095,5812,5648,255,186667,2020-12-17 00:30:00,26,2,1,11,6
7606616,3158,3166,524,187528,2022-05-01 18:45:00,35,0,0,10,5
8826889,3205,3159,524,188160,2023-02-19 17:00:00,23,0,2,7,4
7517699,3777,3773,412,187374,2022-03-13 14:00:00,28,0,0,5,4
6639556,3164,3197,524,186353,2020-12-19 17:00:00,13,3,1,3,1
10607665,3158,3163,524,188994,2023-11-26 17:00:00,13,3,1,7,1
8785776,3802,3797,412,188122,2022-08-14 13:00:00,2,2,4,1,6
8777037,1624,1651,364,188095,2023-04-08 14:00:00,30,2,1,3,7
7517896,3771,3795,412,187374,2021-11-28 19:45:00,15,1,0,7,3
6632760,690,678,795,186267,2020-11-08 17:30:00,9,2,1,2,11
11933056,5656,5640,255,189744,2024-11-20 14:00:00,34,2,1,3,4
8823050,681,686,795,188124,2023-01-14 17:30:00,17,1,0,3,1
10607621,3185,3172,524,188994,2023-12-04 19:45:00,14,3,0,4,3
8777103,1619,1612,364,188095,2023-05-28 15:30:00,38,4,4,2,9
8826666,3194,3172,524,188160,2022-08-28 16:30:00,3,0,1,7,6
7606839,3315,3187,524,187528,2021-12-01 19:45:00,15,2,2,5,4
6632572,687,676,795,186267,2021-03-21 20:00:00,28,1,6,1,1
8823193,678,692,795,188124,2023-05-20 14:15:00,35,2,1,8,5
6425399,3788,3803,412,186243,2021-04-04 13:00:00,31,1,0,6,5
7512195,1668,1637,346,187482,2022-02-16 19:45:00,24,0,0,8,3
7246197,5646,5649,255,187168,2021-07-07 22:00:00,10,2,0,4,5
7485230,1624,1629,364,187475,2022-02-13 14:00:00,25,0,2,7,3
10572018,2500,2975,426,188974,2023-09-03 15:30:00,3,0,3,3,7
10518106,1650,1619,346,188987,2023-12-23 15:00:00,23,0,1,7,5
7246182,5651,5685,255,187168,2021-07-10 20:30:00,11,2,2,3,2
7516638,2448,2469,426,187511,2022-03-05 14:30:00,25,2,1,3,6
10480314,1624,1628,364,188989,2024-03-02 15:00:00,27,3,1,11,1
7512389,1663,1621,346,187482,2021-09-18 14:00:00,8,0,0,8,1
7485361,1614,1646,364,187475,2022-05-19 19:00:00,18,1,1,13,6
10521433,756,684,795,189012,2024-03-31 14:15:00,30,3,2,5,4
8822938,691,713,795,188124,2022-08-19 18:00:00,2,0,2,9,2
7245966,5707,5685,255,187168,2021-11-01 23:00:00,29,1,0,7,2
8341490,5673,5644,255,187965,2022-11-02 19:00:00,35,1,0,7,8
8823338,676,756,795,188124,2023-04-10 19:00:00,28,0,0,12,2
10521288,682,698,795,189012,2024-02-16 20:00:00,25,1,1,8,3
8341482,5651,5659,255,187965,2022-11-13 19:00:00,38,3,0,6,3
10567055,3770,3802,412,189971,2023-11-05 14:00:00,11,0,1,10,6
8777044,1659,1633,364,188095,2023-04-23 13:00:00,32,0,4,8,5
8776982,1629,1659,364,188095,2023-02-18 15:00:00,24,0,1,12,2
10517460,1673,1626,346,188987,2023-08-26 14:00:00,4,0,4,5,3
7485331,1630,1614,364,187475,2022-03-10 19:45:00,20,0,3,3,5
10518136,1632,1630,346,188987,2023-12-12 20:00:00,21,1,0,6,3
8819727,1640,1638,346,188096,2023-02-14 19:45:00,32,1,0,3,6
10567281,3779,3802,412,189971,2024-04-13 15:00:00,29,3,1,5,4
10480357,1609,1614,364,188989,2024-04-14 15:30:00,33,0,2,4,6
6184975,5654,5674,255,186667,2020-10-07 22:15:00,14,3,0,8,6
8826757,3192,3205,524,188160,2022-10-22 13:00:00,11,1,0,4,7
6639483,3160,3166,524,186353,2021-02-07 17:00:00,21,0,3,5,1
10518408,1655,1630,346,188987,2024-02-02 20:00:00,30,0,1,2,4
8819421,1620,10531,346,188096,2022-08-27 14:00:00,6,2,1,8,4
6542852,2500,2482,426,186265,2021-02-28 12:30:00,23,1,1,3,4
11331215,686,700,795,189012,2023-11-29 20:00:00,13,1,1,7,0
8341350,5673,5660,255,187965,2022-09-03 23:30:00,25,2,0,4,5
8341452,5650,5638,255,187965,2022-10-23 19:00:00,33,1,2,5,6
10567007,3767,3775,412,189971,2023-09-15 19:00:00,5,2,3,4,3
10572226,2443,2445,426,188974,2024-04-21 13:30:00,30,2,1,1,7
7512152,1659,1672,346,187482,2022-01-22 15:00:00,28,0,1,4,7
8826776,3168,3159,524,188160,2022-10-29 16:00:00,12,0,1,7,7
6425544,3767,3773,412,186243,2021-05-01 15:00:00,35,2,1,6,2
7512103,1655,1620,346,187482,2022-02-19 15:00:00,33,2,1,0,13
7517722,3767,3782,412,187374,2022-02-26 20:00:00,26,3,1,8,3
7512208,1618,10529,346,187482,2021-12-11 15:00:00,22,2,2,8,5
8777096,1633,1630,364,188095,2023-05-21 12:30:00,37,3,1,9,5
7512049,1642,1655,346,187482,2022-02-26 15:00:00,35,2,0,11,5
6593886,1626,1643,346,186333,2021-02-20 15:00:00,31,1,0,3,5
8819676,1618,1641,346,188096,2023-01-21 15:00:00,28,1,2,5,3
7516686,2454,2500,426,187511,2022-01-22 14:30:00,20,1,2,4,1
10572310,2463,2453,426,188974,2024-05-04 16:30:00,32,0,0,7,1
10607584,3315,3166,524,188994,2023-10-28 13:00:00,10,1,1,6,2
6589420,1636,1625,364,186810,2020-10-31 12:30:00,7,0,1,2,5
10521100,698,696,795,189012,2023-08-28 17:30:00,3,1,0,4,5
10480191,1660,1612,364,188989,2023-11-05 16:30:00,11,1,1,4,7
7485162,1669,1633,364,187475,2022-04-10 13:00:00,32,2,0,4,6
8819767,1673,1640,346,188096,2023-03-04 15:00:00,35,0,4,5,5
8341160,5644,5663,255,187965,2022-04-17 21:00:00,2,2,1,8,5
6425214,3804,3803,412,186243,2020-09-13 13:00:00,3,0,2,5,7
6589458,1612,1629,364,186810,2020-12-06 19:15:00,11,4,0,4,6
8819587,1627,1664,346,188096,2022-11-01 20:00:00,19,1,0,7,2
6632785,700,682,795,186267,2020-10-25 15:00:00,7,0,0,0,5
7485139,1609,1611,364,187475,2022-04-23 11:30:00,34,3,1,1,7
10567133,3776,3774,412,189971,2024-03-10 16:00:00,25,2,2,6,3
6593942,1639,1644,346,186333,2021-01-22 19:45:00,26,1,2,8,4
7536243,686,680,795,187526,2021-10-27 17:00:00,11,1,1,4,2
8826755,3194,3158,524,188160,2022-10-31 17:30:00,12,1,3,2,4
8785238,2446,2462,426,188082,2023-04-08 13:30:00,27,3,1,2,5
10521186,696,684,795,189012,2023-10-08 16:30:00,9,1,1,5,4
6593783,1621,1659,346,186333,2021-04-05 14:00:00,40,0,2,4,3
10567099,3802,3793,412,189971,2023-12-20 20:00:00,17,1,0,6,2
9967521,5654,5651,255,188756,2023-09-14 00:30:00,23,0,3,8,2
7517714,3799,3773,412,187374,2022-02-27 14:00:00,26,1,2,7,3
11932967,5659,5663,255,189744,2024-09-01,25,2,0,9,5
8823131,680,682,795,188124,2023-04-23 19:00:00,30,2,1,5,3
6185168,5644,5685,255,186667,2021-01-31 21:15:00,33,2,1,3,7
7512040,1641,1659,346,187482,2022-03-05 15:00:00,36,2,1,2,4
6593739,1638,1659,346,186333,2021-04-21 17:00:00,43,1,4,3,1
6425245,3776,3773,412,186243,2020-10-18 19:00:00,7,4,0,7,2
6425430,3776,3771,412,186243,2021-03-03 20:00:00,28,2,0,11,1
7246070,5673,5651,255,187168,2021-09-11 19:00:00,20,2,0,9,5
10521197,698,700,795,189012,2023-11-06 20:00:00,12,1,0,6,3
11933066,5640,5649,255,189744,2024-11-28,35,1,1,5,1
6639539,3193,3162,524,186353,2021-01-03 14:00:00,15,1,1,4,9
13018402,5644,5654,255,189744,2024-10-30 22:00:00,17,1,1,5,5
10567024,3774,3770,412,189971,2023-10-01 18:45:00,7,3,1,6,4
8823210,687,708,795,188124,2023-05-23 17:30:00,36,1,0,10,2
10567213,3780,3787,412,189971,2024-05-03 17:00:00,32,1,2,8,0
6593900,1641,1644,346,186333,2021-02-16 19:00:00,30,0,1,4,8
10521200,682,678,795,189012,2023-11-05 17:30:00,12,2,3,9,3
8819751,1643,1640,346,188096,2023-02-18 15:00:00,33,0,2,4,2
7516703,2482,2454,426,187511,2021-12-18 14:30:00,17,1,1,15,3
11407884,3787,3797,412,189971,2023-11-29 18:00:00,8,1,1,8,0
6632739,702,700,795,186267,2020-11-28 13:00:00,11,1,1,1,9
10517836,1649,1620,346,188987,2023-11-04 15:00:00,15,3,3,8,6
9967610,5640,5644,255,188756,2023-11-05 19:00:00,32,1,2,8,1
10607728,3173,3172,524,188994,2024-04-07 16:00:00,31,2,1,4,4
8819378,1639,1664,346,188096,2022-08-06 14:00:00,2,2,0,5,6
8786148,3774,3773,412,188122,2023-04-01 19:00:00,29,0,1,5,5
11932904,5654,5641,255,189744,2024-07-20 19:00:00,18,2,1,7,4
8819511,1636,1650,346,188096,2022-10-04 18:45:00,13,0,1,9,3
6594065,1641,1678,346,186333,2020-12-05 15:00:00,16,2,2,8,6
8777084,1629,1614,364,188095,2023-05-06 14:00:00,35,1,0,5,6
6589363,1614,1636,364,186810,2020-09-21 17:00:00,2,1,0,9,4
10572028,2443,2482,426,188974,2023-10-07 16:30:00,7,2,3,4,4
7485351,1628,1623,364,187475,2021-12-12 16:30:00,16,3,1,8,2
7246216,5656,5638,255,187168,2021-07-01 00:30:00,8,0,0,5,3
6593954,1673,1638,346,186333,2021-01-20 19:00:00,25,0,1,3,7
10517434,10531,1618,346,188987,2023-08-05 14:00:00,1,1,1,5,5
8776789,1609,1623,364,188095,2023-03-01 19:45:00,7,4,0,5,1
7516748,2500,2453,426,187511,2021-12-15 19:30:00,16,0,0,4,3
8776838,1619,1609,364,188095,2022-10-23 13:00:00,13,1,1,9,4
6594178,1673,1641,346,186333,2020-10-24 14:00:00,7,1,2,8,6
6589615,1627,1651,364,186810,2021-02-27 15:00:00,26,1,0,7,4
6639440,3315,3187,524,186353,2021-03-03 17:30:00,25,3,3,6,4
8826684,3159,3205,524,188160,2022-08-31 18:45:00,4,2,0,7,3
10572033,2975,2444,426,188974,2023-09-30 16:30:00,6,2,2,5,1
7516772,2481,2444,426,187511,2021-11-19 19:30:00,12,2,1,1,10
7516786,2453,2469,426,187511,2021-10-30 13:30:00,10,3,1,5,2
6639623,3172,3161,524,186353,2020-11-08 14:00:00,7,1,1,2,5
6593712,1678,1659,346,186333,2021-05-01 14:00:00,45,1,0,4,1
6543021,2454,2975,426,186265,2020-10-31 17:30:00,6,1,0,2,4
10607660,3161,3163,524,188994,2023-12-09 19:45:00,15,4,0,6,1
6185175,5677,5648,255,186667,2021-02-04 00:30:00,34,0,1,4,1
7246030,5649,5707,255,187168,2021-10-07 00:30:00,24,2,2,7,3
8341244,5638,5654,255,187965,2022-08-06 23:30:00,21,0,2,5,3
6589609,1630,1614,364,186810,2021-02-27 17:30:00,26,0,1,7,5
10521255,686,681,795,189012,2023-12-21 20:30:00,18,3,2,6,0
8785890,3780,3779,412,188122,2022-10-23 13:00:00,12,2,2,6,6
8341329,5650,5666,255,187965,2022-09-03 19:30:00,25,1,1,7,3
7245969,5649,5648,255,187168,2021-11-10 00:30:00,31,1,0,6,0
8786250,3797,3802,412,188122,2023-04-30 13:00:00,33,1,0,6,8
7246103,5649,5653,255,187168,2021-12-10 00:30:00,38,4,3,3,9
10517632,1666,1673,346,188987,2023-10-07 14:00:00,11,0,0,5,4
8785979,3779,3787,412,188122,2023-02-05 14:00:00,22,2,0,4,7
7517890,3788,3770,412,187374,2021-12-05 14:00:00,17,0,1,8,3
8826668,3163,3192,524,188160,2022-08-20 16:30:00,2,0,0,6,6
6639653,3166,3315,524,186353,2020-10-18 10:30:00,4,3,4,7,11
8785132,2445,2975,426,188082,2022-08-07 13:30:00,1,1,1,1,9
10517606,1673,1634,346,188987,2023-09-30 14:00:00,9,1,1,5,6
8777021,1628,1631,364,188095,2023-04-01 14:00:00,29,2,1,10,1
10607685,3178,3194,524,188994,2023-08-19 16:30:00,1,0,1,2,4
8823232,708,684,795,188124,2023-02-11 15:15:00,21,2,3,8,2
8341418,5666,5651,255,187965,2022-09-11 14:00:00,26,1,1,7,2
10567072,3797,3788,412,189971,2023-11-12 14:00:00,12,1,0,5,4
8776800,1625,1611,364,188095,2022-10-02 13:00:00,9,6,3,5,1
10518763,1638,1618,346,188987,2024-03-09 15:00:00,37,1,0,4,4
8819594,1638,1635,346,188096,2022-12-10 15:00:00,22,1,1,4,3
7516586,2444,2447,426,187511,2022-04-23 16:30:00,31,3,1,3,1
10572203,2463,2446,426,188974,2024-03-03 14:30:00,24,0,2,1,9
8819403,1646,1664,346,188096,2022-08-20 14:00:00,5,3,3,4,6
9967347,5663,5644,255,188756,2023-04-15 21:30:00,1,1,1,5,1
6639575,3315,3219,524,186353,2020-12-11 19:45:00,11,1,0,1,10
6639572,3176,3315,524,186353,2020-12-16 19:45:00,12,1,1,4,1
11873046,5685,5656,255,189744,2024-04-20 21:30:00,3,1,0,3,4
6639447,3166,3162,524,186353,2021-02-27 17:00:00,24,2,0,4,7
6639639,3193,3161,524,186353,2020-10-24 16:00:00,5,0,2,1,9
8819620,10531,1626,346,188096,2022-12-10 15:00:00,22,0,1,7,4
9967652,5649,5654,255,188756,2023-10-26 00:30:00,29,3,2,6,1
7517863,3788,3767,412,187374,2021-12-22 20:00:00,19,1,1,6,8
11932920,5646,5642,255,189744,2024-07-27 22:00:00,20,0,2,13,2
10567034,3793,3788,412,189971,2023-09-03 13:00:00,4,3,0,5,4
9967526,5643,5651,255,188756,2023-08-21 23:00:00,20,1,1,4,7
8826681,3164,3162,524,188160,2022-08-31 16:30:00,4,1,1,5,7
8823034,690,675,795,188124,2022-12-30 20:30:00,15,0,2,5,9
11932924,5648,5677,255,189744,2024-08-04 19:00:00,21,1,0,3,3
8777071,1624,1628,364,188095,2023-05-06 14:00:00,35,1,0,8,4
10521410,708,682,795,189012,2024-04-21 14:15:00,32,1,2,5,2
9967379,5653,5646,255,188756,2023-05-28 21:30:00,8,1,1,3,3
7485378,1646,1628,364,187475,2021-11-20 15:00:00,12,3,3,3,6
10518412,1621,1650,346,188987,2024-02-03 15:00:00,30,1,2,4,10
8341232,5656,5638,255,187965,2022-05-22 19:00:00,7,1,1,8,8
8785231,2460,2443,426,188082,2023-04-08 13:30:00,27,2,2,1,2
7536222,713,686,795,187526,2021-11-22 20:00:00,14,3,1,6,4
7517698,3766,3776,412,187374,2022-02-27 19:45:00,26,0,1,7,3
6542763,2446,2500,426,186265,2021-05-15 13:30:00,33,1,1,4,5
6184852,5660,5644,255,186667,2020-08-08 22:30:00,1,0,1,2,6
7516762,2975,2447,426,187511,2021-11-06 17:30:00,11,2,1,5,6
8785847,3775,3795,412,188122,2022-10-09 13:00:00,10,3,2,5,5
6594176,1626,1678,346,186333,2020-10-24 14:00:00,7,2,1,10,6
9967606,5663,5656,255,188756,2023-09-14 22:00:00,23,2,1,6,3
6589546,1646,1614,364,186810,2021-01-27 18:00:00,20,3,2,2,4
7516607,2469,2453,426,187511,2022-03-19 14:30:00,27,0,0,1,11
6594071,1669,1621,346,186333,2020-12-05 15:00:00,16,2,2,4,2
8823141,756,702,795,188124,2023-04-16 12:00:00,29,2,0,3,4
6589671,1631,1627,364,186810,2021-04-22 19:00:00,32,3,0,7,3
10572294,2444,2451,426,188974,2024-05-12 15:30:00,33,2,0,4,0
7485451,1631,1625,364,187475,2021-09-11 14:00:00,4,0,1,5,8
6542950,2481,2462,426,186265,2020-12-19 14:30:00,13,0,2,2,4
8819614,1672,1632,346,188096,2022-12-17 15:00:00,23,1,1,7,4
7485406,1625,1628,364,187475,2021-10-30 14:00:00,10,0,2,7,1
8819406,1655,10529,346,188096,2022-08-21 11:00:00,5,2,0,7,8
10572260,2444,2460,426,188974,2024-03-09 14:30:00,25,8,1,NA,NA
8819548,1639,1643,346,188096,2022-10-18 19:00:00,16,0,1,8,3
7516763,2460,2454,426,187511,2021-11-05 19:30:00,11,1,1,9,1
8777080,1659,1610,364,188095,2023-05-06 14:00:00,35,1,3,7,7
6632577,679,696,795,186267,2021-03-21 17:30:00,28,1,0,5,5
6639364,3197,3164,524,186353,2021-04-21 18:45:00,32,0,1,2,6
7245944,5649,5685,255,187168,2021-11-16 21:00:00,33,3,0,11,1
6589466,1623,1610,364,186810,2020-12-12 20:00:00,12,1,0,6,6
7512036,1663,1655,346,187482,2022-03-15 19:45:00,38,2,0,7,3
8823303,756,678,795,188124,2022-11-04 20:00:00,13,2,1,7,1
6593964,1621,10531,346,186333,2021-03-09 18:00:00,25,1,1,5,3
10521224,698,684,795,189012,2023-10-21 14:15:00,10,1,1,4,8
11932983,5649,5654,255,189744,2024-09-22 21:30:00,27,3,2,4,6
7246247,5674,5649,255,187168,2021-06-17 22:00:00,4,1,0,2,7
8826848,3163,3194,524,188160,2023-01-30 19:45:00,20,1,1,14,6
8785806,3775,19830,412,188122,2022-09-04 18:45:00,6,0,1,3,6
8826893,3176,3157,524,188160,2023-03-04 19:45:00,25,2,1,11,5
10572054,2453,2481,426,188974,2023-10-01 15:30:00,6,2,0,2,3
7512145,1664,1638,346,187482,2022-01-22 15:00:00,28,1,0,6,2
6639601,3166,3197,524,186353,2020-11-29 14:00:00,9,1,0,10,3
8819788,1618,1643,346,188096,2023-03-11 15:00:00,36,2,0,4,10
8776957,1613,1612,364,188095,2023-02-18 17:30:00,24,0,2,6,7
8819829,1621,1626,346,188096,2023-04-07 14:00:00,40,0,2,8,5
6589454,1614,1613,364,186810,2021-01-23 20:00:00,11,2,0,4,4
8785938,3770,3769,412,188122,2023-01-01 14:00:00,17,1,0,3,7
8826936,3194,3315,524,188160,2023-04-08 16:30:00,29,2,1,4,10
8776825,1642,1614,364,188095,2022-10-10 19:00:00,10,1,1,1,4
7606606,3159,3191,524,187528,2022-05-01 10:30:00,35,2,1,8,4
6639537,3159,3163,524,186353,2021-01-03 19:45:00,15,4,1,7,1
7512380,1663,1638,346,187482,2021-10-02 14:00:00,11,0,1,5,7
7485196,1611,1624,364,187475,2022-03-12 17:30:00,29,3,2,4,5
7512129,1638,1627,346,187482,2022-01-29 15:00:00,29,2,0,2,4
6589668,1610,1651,364,186810,2021-04-20 19:00:00,32,0,0,0,3
10607675,3163,3159,524,188994,2023-08-20 18:45:00,1,0,3,7,3
6589584,1636,1610,364,186810,2021-02-07 19:15:00,23,1,2,1,8
8777035,1612,1642,364,188095,2023-04-22 14:00:00,32,3,2,9,3
7517915,3788,3774,412,187374,2021-11-28 14:00:00,15,0,2,3,4
8826686,3192,3164,524,188160,2022-08-28 16:30:00,3,4,0,6,3
7246117,5655,5654,255,187168,2021-08-28 22:00:00,18,0,4,4,5
6639618,3162,3159,524,186353,2020-11-08 11:30:00,7,1,1,4,2
7517766,3777,3779,412,187374,2022-01-09 14:00:00,20,0,2,4,3
10480382,1616,1625,364,188989,2024-05-11 11:30:00,37,0,4,1,7
10517643,1643,1655,346,188987,2023-10-04 19:00:00,10,1,2,4,4
7517674,3767,3772,412,187374,2022-03-13 12:00:00,28,3,0,2,4
7536205,692,713,795,187526,2022-02-05 17:30:00,23,2,0,7,2
9967464,5707,5638,255,188756,2023-07-22 21:30:00,16,2,1,2,4
9967348,5638,5673,255,188756,2023-04-22 21:30:00,2,3,0,3,7
8786072,3767,3776,412,188122,2023-02-19 12:00:00,24,4,3,3,6
6639403,3164,3185,524,186353,2021-03-21 14:00:00,28,1,0,1,7
7512224,1655,1673,346,187482,2021-12-18 15:00:00,23,2,3,5,5
7512071,1641,1637,346,187482,2022-02-19 15:00:00,33,2,3,5,6
7512369,1668,1618,346,187482,2021-09-18 14:00:00,8,3,0,4,6
10521443,678,756,795,189012,2024-02-19 20:00:00,25,3,2,3,4
7512015,1655,1627,346,187482,2022-03-19 15:00:00,39,2,2,3,5
10572225,2520,2453,426,188974,2024-04-14 13:30:00,29,0,1,2,2
6632472,846,698,795,186267,2021-05-23 16:30:00,38,0,0,6,3
7517930,3771,3767,412,187374,2021-10-24 18:45:00,11,0,0,4,5
8776783,1625,1624,364,188095,2023-01-19 20:00:00,7,4,2,8,3
11933060,5677,5646,255,189744,2024-11-20 21:00:00,34,1,2,4,5
10521256,684,756,795,189012,2023-12-21 18:00:00,18,1,1,7,6
8785779,3770,3776,412,188122,2022-08-12 19:00:00,2,1,1,5,11
6639321,3172,3219,524,186353,2021-05-12 18:45:00,36,2,0,7,5
6639675,3163,3205,524,186353,2020-09-30 16:00:00,1,0,2,2,2
6639581,3173,3161,524,186353,2020-12-13 11:45:00,11,1,3,3,9
6594243,1626,1641,346,186333,2020-09-19 14:00:00,2,2,2,4,9
7485288,1651,1630,364,187475,2021-11-27 17:30:00,13,0,0,6,1
10572300,2448,2446,426,188974,2024-05-12 17:30:00,33,0,5,2,6
10567222,3770,3776,412,189971,2024-05-12 19:00:00,33,1,2,5,4
6589433,1614,1651,364,186810,2020-11-21 15:00:00,9,1,2,12,3
7512192,1616,1618,346,187482,2022-01-18 19:45:00,24,6,2,6,5
7485165,1624,1613,364,187475,2022-04-03 15:30:00,31,5,1,2,3
6425226,3799,3772,412,186243,2020-08-30 13:00:00,2,0,2,5,7
8785023,2482,2481,426,188082,2022-08-27 13:30:00,4,1,0,4,6
8823118,679,684,795,188124,2023-04-02 19:00:00,27,1,0,5,1
10518042,1630,1641,346,188987,2024-01-21 12:00:00,28,2,1,9,3
8785809,3771,3797,412,188122,2022-08-31 19:00:00,5,1,0,7,1
8823049,690,713,795,188124,2023-01-14 13:00:00,17,0,1,4,8
7516593,2447,2448,426,187511,2022-04-30 13:30:00,32,3,4,10,3
8776739,1669,1611,364,188095,2022-08-13 16:30:00,2,4,0,8,2
9967547,5638,5677,255,188756,2023-07-30 14:00:00,17,0,0,10,5
6543024,2460,2454,426,186265,2020-10-24 13:30:00,5,2,3,3,7
8826869,3235,3168,524,188160,2023-02-04 14:00:00,21,0,2,4,8
8776879,1628,1616,364,188095,2022-12-26 15:00:00,17,0,3,1,7
6594034,1655,1638,346,186333,2020-12-15 19:45:00,19,0,2,0,2
8822983,708,713,795,188124,2022-10-08 12:00:00,8,3,1,7,6
6589442,1629,1619,364,186810,2020-11-23 20:00:00,9,1,1,7,4
7536391,691,702,795,187526,2022-01-10 20:00:00,20,1,2,13,0
6632507,674,676,795,186267,2021-05-02 19:00:00,34,2,3,2,1
10607860,3162,3192,524,188994,2024-04-12 18:45:00,32,4,1,9,0
6185146,5685,5657,255,186667,2021-01-21 00:30:00,31,4,1,3,3
6632640,690,802,795,186267,2021-01-29 20:00:00,21,1,3,6,7
8786188,3788,3799,412,188122,2023-02-05 14:00:00,22,0,0,8,6
6593761,1644,1637,346,186333,2021-04-09 18:45:00,41,2,0,3,3
10480255,1623,1614,364,188989,2024-01-14 14:00:00,21,0,0,4,5
10607842,3178,3185,524,188994,2024-04-06 18:45:00,31,3,2,1,7
11271039,1643,1634,346,188987,2023-11-07 20:00:00,12,2,2,6,8
8826703,3164,3157,524,188160,2022-09-10 18:45:00,6,1,2,2,4
8786263,3802,3779,412,188122,2023-04-23 11:00:00,32,0,2,5,4
11873078,5649,5651,255,189744,2024-04-17 22:00:00,2,2,0,9,2
10521251,713,692,795,189012,2023-12-11 20:00:00,16,0,0,7,1
7511992,1621,1664,346,187482,2022-04-09 14:00:00,41,1,1,7,6
10572180,2658,2520,426,188974,2023-12-09 14:30:00,14,3,2,7,3
10572139,2454,2443,426,188974,2023-12-15 19:30:00,15,2,2,4,3
8819356,1640,1643,346,188096,2022-10-25 18:45:00,2,2,2,6,1
10521374,713,708,795,189012,2024-05-05 19:00:00,34,0,1,9,2
6593770,1663,1620,346,186333,2021-04-10 14:00:00,41,2,0,5,6
6542824,2457,2446,426,186265,2021-03-21 14:30:00,26,3,0,4,8
6594084,1659,1641,346,186333,2020-12-01 19:45:00,15,2,3,1,4
6589719,1628,1609,364,186810,2021-05-19 18:00:00,37,1,3,6,7
7516769,2447,2463,426,187511,2021-10-30 13:30:00,10,2,0,4,3
6543066,2444,2449,426,186265,2020-09-18 18:30:00,1,8,0,9,2
7246032,5812,5651,255,187168,2021-10-06 22:00:00,24,0,2,11,7
6639613,3197,3162,524,186353,2020-11-21 14:00:00,8,0,2,2,6
6425496,3767,3787,412,186243,2021-01-22 20:00:00,21,4,0,7,1
10567017,3775,3803,412,189971,2023-10-01 13:00:00,7,0,0,6,4
8823148,756,675,795,188124,2023-04-25 17:30:00,31,4,2,3,8
7518033,3773,3782,412,187374,2021-08-15 15:00:00,2,2,2,7,2
6593961,1643,1639,346,186333,2021-01-19 19:45:00,25,3,3,5,7
10480117,1669,1623,364,188989,2023-09-23 16:30:00,6,1,3,1,4
6639599,3193,3160,524,186353,2020-11-30 19:45:00,9,1,2,2,2
10567150,3803,3771,412,189971,2024-02-18 19:45:00,22,1,0,6,4
8819419,1655,1673,346,188096,2022-08-31 18:45:00,7,2,0,4,7
6542810,2444,2500,426,186265,2021-04-10 13:30:00,28,1,1,8,1
6543052,2449,2443,426,186265,2020-09-26 16:30:00,2,1,3,8,3
10572195,2500,2658,426,188974,2024-02-24 14:30:00,23,2,2,4,2
7246110,5651,5646,255,187168,2021-12-06 22:00:00,37,0,0,8,1
8819405,1640,1673,346,188096,2023-01-28 15:00:00,5,2,0,6,3
6589582,1613,1619,364,186810,2021-02-06 15:00:00,23,3,2,0,7
10607823,3162,3166,524,188994,2024-02-18 11:30:00,25,1,2,8,3
9967687,5656,5651,255,188756,2023-11-01 22:00:00,31,1,0,1,7
10517425,1655,1641,346,188987,2023-08-05 14:00:00,1,1,1,2,4
7485375,1619,1651,364,187475,2021-12-04 15:00:00,15,1,1,6,2
11933015,5654,5648,255,189744,2024-10-17 23:00:00,30,0,2,5,1
6632651,687,684,795,186267,2021-01-23 17:30:00,20,2,2,8,3
10518594,1641,1626,346,188987,2024-04-13 14:00:00,43,0,1,5,6
7606907,3157,3194,524,187528,2021-10-16 18:45:00,8,3,2,5,4
6594114,1641,1666,346,186333,2020-11-21 15:00:00,12,1,0,6,6
7512128,10529,1668,346,187482,2022-02-09 19:45:00,31,4,0,7,6
6632793,698,676,795,186267,2020-10-17 19:00:00,6,1,0,7,2
12684506,5644,5650,255,189744,2024-08-14 22:30:00,6,2,1,8,1
6593724,1644,1638,346,186333,2021-04-24 14:00:00,44,1,0,5,5
7245933,5655,5663,255,187168,2021-11-25 22:00:00,35,2,0,6,4
8341369,5654,5653,255,187965,2022-10-15 23:30:00,32,1,0,0,10
7512239,1641,1616,346,187482,2021-11-27 12:30:00,20,1,1,4,4
8785309,2447,2460,426,188082,2023-05-27 13:30:00,34,2,2,6,3
8819608,1655,1644,346,188096,2022-11-12 15:00:00,21,0,0,4,3
7536138,692,684,795,187526,2022-03-20 15:15:00,29,0,0,2,2
7485345,1609,1619,364,187475,2021-12-11 15:00:00,16,3,0,9,8
7517763,19830,3797,412,187374,2022-01-16 14:00:00,21,4,0,6,1
10521302,681,692,795,189012,2024-02-04 15:15:00,23,0,3,9,1
7246264,5653,5638,255,187168,2021-06-13 19:00:00,3,1,0,4,5
10518397,1672,1638,346,188987,2024-02-03 15:00:00,30,1,0,4,4
8826957,3185,3192,524,188160,2023-04-16 13:00:00,30,1,1,4,2
6639425,3163,3315,524,186353,2021-03-06 17:00:00,26,2,0,5,5
10521403,674,684,795,189012,2024-04-20 16:30:00,32,1,2,7,6
8785052,2444,2446,426,188082,2022-09-30 18:30:00,8,4,0,6,2
7516741,2459,2975,426,187511,2022-05-14 13:30:00,34,1,1,2,5
7606738,3192,3205,524,187528,2022-02-07 19:45:00,24,2,2,5,6
7606641,3172,3192,524,187528,2022-05-02 18:45:00,35,1,1,11,4
6632512,701,696,795,186267,2021-05-01 12:00:00,34,3,0,10,5
7516685,2975,2451,426,187511,2022-01-23 14:30:00,20,2,0,4,3
10572172,2482,2520,426,188974,2023-12-19 19:30:00,16,3,3,8,3
6425382,3799,3774,412,186243,2021-04-17 10:45:00,33,0,3,2,3
10567069,3787,3803,412,189971,2023-11-26 14:00:00,13,1,3,9,1
6543047,2447,2453,426,186265,2020-10-03 13:30:00,3,4,0,3,2
6639322,3194,3185,524,186353,2021-05-09 13:00:00,35,1,1,9,3
8819914,1632,1644,346,188096,2023-04-29 14:00:00,45,2,2,10,2
6639632,3197,3172,524,186353,2020-10-31 14:00:00,6,1,2,1,3
11932922,5650,5641,255,189744,2024-07-27 22:00:00,20,1,2,5,7
10572169,2975,2482,426,188974,2023-12-16 17:30:00,15,3,1,9,2
8777087,1631,1612,364,188095,2023-05-15 19:00:00,36,0,3,4,4
11932864,5653,5638,255,189744,2024-07-12 00:30:00,16,2,1,2,6
9967617,5646,5638,255,188756,2023-10-25 23:00:00,29,5,0,5,0
7512031,1663,1637,346,187482,2022-04-02 14:00:00,40,1,1,1,8
7517952,3782,3772,412,187374,2021-09-18 19:00:00,6,1,2,7,2
8819571,1635,1639,346,188096,2022-11-02 19:45:00,19,0,1,2,7
6594248,1621,1678,346,186333,2020-09-19 14:00:00,2,5,0,12,2
6632758,696,674,795,186267,2020-11-22 20:00:00,10,2,2,4,5
11932894,5653,5657,255,189744,2024-07-21 19:00:00,18,2,0,6,1
10572165,2481,2462,426,188974,2023-12-03 18:30:00,13,2,1,2,4
7512235,1672,1638,346,187482,2021-11-27 15:00:00,20,2,1,7,5
9967645,5663,5673,255,188756,2023-10-08 21:30:00,26,3,2,8,2
10521385,698,678,795,189012,2024-05-03 19:00:00,34,0,2,10,5
8823236,708,674,795,188124,2023-04-09 16:30:00,28,2,1,3,7
10607548,3161,3176,524,188994,2023-09-03 16:30:00,3,4,0,1,1
6593922,1620,1669,346,186333,2021-02-06 15:00:00,28,1,4,7,2
8776900,1630,1625,364,188095,2022-12-28 20:00:00,17,1,3,3,5
10572171,2481,2447,426,188974,2023-12-16 14:30:00,15,1,1,4,7
6589611,1625,1633,364,186810,2021-02-27 12:30:00,26,2,1,4,2
10518584,1620,1630,346,188987,2024-04-22 19:00:00,44,3,4,11,4
10572207,2448,2444,426,188974,2024-02-18 16:30:00,22,3,2,4,9
8785149,2446,2445,426,188082,2022-11-12 14:30:00,15,2,0,4,2
8785291,2448,2481,426,188082,2023-05-13 13:30:00,32,3,2,7,7
7517684,3779,3766,412,187374,2022-04-10 17:00:00,31,1,1,5,3
8823306,687,674,795,188124,2022-11-06 15:15:00,13,1,1,1,11
10517467,1672,1655,346,188987,2023-08-25 18:30:00,4,1,1,4,5
7517987,3766,3795,412,187374,2021-09-22 19:00:00,7,3,1,7,3
8341348,5648,5646,255,187965,2022-08-27 22:00:00,24,1,1,3,3
11932889,5812,5657,255,189744,2024-07-17 22:00:00,17,0,1,4,6
10518942,10529,1620,346,188987,2024-04-27 14:00:00,45,1,4,4,1
9967394,5643,5646,255,188756,2023-05-07 21:30:00,4,0,5,4,6
11340321,5656,5644,255,188756,2023-12-02 21:00:00,37,1,2,5,4
6542949,2444,2460,426,186265,2021-01-03 17:00:00,14,5,2,10,2
8776952,1614,1631,364,188095,2023-02-04 15:00:00,22,2,4,11,3
11933008,5646,5653,255,189744,2024-09-28 21:30:00,28,2,1,7,3
6639337,3162,3193,524,186353,2021-05-02 10:30:00,34,4,3,7,4
11873056,5677,5657,255,189744,2024-06-27 00:30:00,12,2,1,7,0
10521225,675,681,795,189012,2023-10-07 14:15:00,9,4,0,5,4
8777017,1619,1624,364,188095,2023-03-18 15:00:00,28,3,3,10,3
6184988,5655,5649,255,186667,2020-10-11 19:00:00,15,2,1,4,7
7485490,1613,1633,364,187475,2021-08-15 13:00:00,1,2,4,7,6
8341271,5660,5707,255,187965,2022-07-25 23:00:00,19,1,0,4,4
9967461,5656,5638,255,188756,2023-05-14 19:00:00,6,1,1,5,4
8777073,1612,1669,364,188095,2023-05-06 16:30:00,35,1,0,7,3
6639666,3205,3315,524,186353,2020-09-27 10:30:00,2,1,4,3,5
8819517,1655,1638,346,188096,2022-10-15 14:00:00,15,1,2,0,6
8823202,684,698,795,188124,2023-05-24 20:00:00,36,0,1,2,5
6594220,1660,1678,346,186333,2020-10-03 14:00:00,4,2,0,6,4
6589646,1609,1612,364,186810,2021-04-03 19:00:00,30,0,3,1,2
8822987,756,681,795,188124,2022-10-23 16:30:00,11,1,1,3,5
7536262,676,674,795,187526,2021-10-17 19:00:00,9,3,1,9,3
6593823,1650,1673,346,186333,2021-03-13 15:00:00,36,0,1,5,7
6185180,5651,5644,255,186667,2021-02-05,34,0,0,3,2
6184921,5674,5643,255,186667,2020-09-06 23:30:00,8,2,1,9,4
7606789,3161,3185,524,187528,2021-12-22 17:30:00,19,1,0,7,4
8785278,2975,2482,426,188082,2023-04-29 13:30:00,30,1,0,7,1
7485131,1612,1623,364,187475,2022-04-24 15:30:00,34,2,0,13,1
8341403,5663,5666,255,187965,2022-10-09 19:00:00,31,2,0,3,6
11932915,5812,5677,255,189744,2024-07-25 00:30:00,19,1,1,8,4
6593859,1641,1673,346,186333,2021-02-27 15:00:00,33,3,0,5,8
8823291,686,676,795,188124,2022-10-01 19:00:00,7,0,1,5,5
7536097,684,695,795,187526,2021-11-28 13:00:00,15,3,1,5,8
7606947,3187,3191,524,187528,2021-08-22 18:45:00,1,2,0,2,2
10607769,3161,3185,524,188994,2024-04-28 10:30:00,34,2,0,5,4
6185220,5685,5649,255,186667,2021-02-26 00:30:00,38,1,0,3,7
6589413,1614,1619,364,186810,2020-11-01 12:00:00,7,3,4,11,1
6632661,674,681,795,186267,2021-01-21 18:00:00,19,1,1,9,4
7512412,1642,1620,346,187482,2021-09-15 18:45:00,7,0,2,6,7
6543006,2481,2457,426,186265,2020-11-07 14:30:00,7,0,3,2,6
7246268,5685,5677,255,187168,2021-06-06,2,3,3,9,2
8785964,3795,3773,412,188122,2023-01-28 16:00:00,20,1,1,3,11
6594137,1642,1640,346,186333,2020-11-04 19:45:00,10,2,1,5,4
6593976,1659,1660,346,186333,2021-01-16 15:00:00,24,0,1,8,4
6542817,2454,2453,426,186265,2021-04-03 18:30:00,27,2,1,0,3
7512273,1668,1616,346,187482,2021-11-06 15:00:00,17,0,1,3,5
6639464,3158,3163,524,186353,2021-02-14 11:30:00,22,3,0,7,2
8823054,756,676,795,188124,2023-01-28 15:15:00,19,0,1,4,2
10521177,674,700,795,189012,2023-10-23 19:00:00,10,2,0,4,5
7517612,3779,3767,412,187374,2022-04-29 19:00:00,35,3,3,2,5
6589588,1610,1613,364,186810,2021-02-15 20:00:00,24,2,0,10,5
10480420,1642,1616,364,188989,2024-04-02 18:30:00,31,3,1,3,8
10572143,2463,2462,426,188974,2024-02-03 17:30:00,20,2,0,7,7
8786330,3799,3795,412,188122,2023-05-27 19:00:00,37,2,1,14,3
9967435,5656,5685,255,188756,2023-07-02 14:00:00,13,0,1,4,2
10607576,3193,3194,524,188994,2023-11-10 19:45:00,12,1,0,6,7
7516848,2457,2451,426,187511,2021-08-21 13:30:00,2,1,2,4,4
6425300,3766,3803,412,186243,2020-12-16 20:00:00,15,2,2,12,3
6639641,3173,3197,524,186353,2020-10-25 11:30:00,5,4,2,5,1
6593981,1643,10529,346,186333,2021-02-09 19:00:00,23,1,2,12,7
10567151,3776,3793,412,189971,2024-02-17 16:00:00,22,3,0,1,2
10572036,2658,2500,426,188974,2023-09-30 13:30:00,6,1,0,5,7
8819764,1639,1638,346,188096,2023-02-25 15:00:00,34,0,1,9,4
8785063,2482,2460,426,188082,2022-09-10 13:30:00,6,4,1,7,5
6639351,3315,3172,524,186353,2021-05-02 13:00:00,34,1,1,4,4
10521289,692,676,795,189012,2024-02-17 17:30:00,25,1,2,2,5
10572075,2454,2482,426,188974,2023-12-02 14:30:00,13,2,1,6,3
8826798,3161,3166,524,188160,2022-11-09 19:45:00,14,6,1,4,4
8776794,1659,1651,364,188095,2023-04-04 18:45:00,7,0,2,5,5
8819431,1643,1644,346,188096,2022-09-03 14:00:00,8,1,1,3,6
7535901,679,702,795,187526,2021-08-22 17:30:00,2,1,0,2,1
6589690,1623,1614,364,186810,2021-05-01 19:00:00,34,1,2,3,6
7512360,1620,1668,346,187482,2021-10-16 14:00:00,12,2,0,4,3
6593729,1647,1618,346,186333,2021-04-24 14:00:00,44,1,2,0,3
6184862,5651,5643,255,186667,2020-08-12 22:15:00,2,2,1,3,2
8786236,3795,3775,412,188122,2023-04-30 13:00:00,33,0,1,3,14
13018401,5648,5651,255,189744,2024-10-22 22:30:00,17,1,0,5,3
8776987,1642,1623,364,188095,2023-03-05 14:00:00,26,2,2,3,3
6185093,5685,5663,255,186667,2020-12-12 20:00:00,25,2,1,2,5
10517531,1631,1672,346,188987,2023-09-02 14:00:00,5,0,1,8,3
8822992,690,692,795,188124,2022-10-19 17:00:00,10,4,1,3,7
7512100,1647,1668,346,187482,2022-02-19 15:00:00,33,1,0,8,1
6593878,1647,1673,346,186333,2021-02-23 19:00:00,32,2,0,3,6
10517435,1640,1620,346,188987,2023-08-12 11:30:00,2,3,0,7,7
10521310,714,675,795,189012,2024-01-27 15:15:00,22,1,2,1,6
8822964,690,700,795,188124,2022-09-16 19:00:00,6,0,1,8,2
6543050,2481,2447,426,186265,2020-09-26 13:30:00,2,2,0,3,11
8819824,1646,1673,346,188096,2023-02-25 15:00:00,34,4,0,5,2
6594219,1620,1663,346,186333,2020-10-03 14:00:00,4,2,1,4,3
10572082,2451,2443,426,188974,2023-11-05 14:30:00,10,2,2,5,2
10607816,3172,3315,524,188994,2024-02-17 19:45:00,25,3,0,11,5
7512094,1660,1663,346,187482,2022-02-08 19:45:00,31,2,1,9,4
8819894,1672,10531,346,188096,2023-04-29 14:00:00,45,1,1,3,5
6543015,2463,2444,426,186265,2020-10-31 14:30:00,6,1,2,5,1
7485256,1651,1628,364,187475,2022-01-14 20:00:00,22,1,1,9,0
9967655,5677,5644,255,188756,2023-10-19 00:30:00,27,1,0,5,3
10567050,3776,19830,412,189971,2023-10-29 14:00:00,10,2,0,2,8
8786341,3803,3774,412,188122,2023-06-03 19:00:00,38,1,2,3,3
7512351,1673,1618,346,187482,2021-10-20 18:45:00,13,0,0,2,2
7606637,3172,3194,524,187528,2022-04-18 19:00:00,33,1,2,10,1
6593759,1621,1647,346,186333,2021-04-16 17:00:00,42,2,1,3,5
8819907,1646,10529,346,188096,2023-05-08 14:00:00,46,3,0,5,3
6639616,3160,3176,524,186353,2020-11-07 19:45:00,7,0,0,2,3
6593801,1626,1621,346,186333,2021-03-20 15:00:00,38,1,1,5,5
7512356,1660,1673,346,187482,2021-10-02 14:00:00,11,0,0,6,4
8819377,1620,1636,346,188096,2022-08-14 13:00:00,3,2,2,5,4
6542780,2451,2447,426,186265,2021-04-24 13:30:00,31,0,2,10,2
7517712,3770,3767,412,187374,2022-02-19 20:00:00,25,3,1,5,7
7517845,19830,3774,412,187374,2021-12-22 20:00:00,19,2,1,7,5
10572115,2520,2460,426,188974,2023-11-11 14:30:00,11,0,0,0,5
10607758,3157,3173,524,188994,2024-05-11 18:45:00,36,5,1,6,3
7517630,3771,3766,412,187374,2022-05-01 18:45:00,35,0,3,3,6
8785191,2462,2457,426,188082,2023-02-04 14:30:00,19,3,0,7,1
6639362,3166,3185,524,186353,2021-04-21 18:45:00,32,1,1,3,7
10607693,3157,3158,524,188994,2024-01-14 19:45:00,20,3,1,2,5
8826827,3205,3168,524,188160,2023-01-08 14:00:00,17,0,0,5,7
10517786,1644,1643,346,188987,2023-11-11 15:00:00,16,5,0,7,2
6594199,1660,1639,346,186333,2020-10-17 14:00:00,5,0,2,15,3
7246127,5648,5653,255,187168,2021-08-23 23:00:00,17,1,1,6,6
8826910,3205,3161,524,188160,2023-03-10 19:45:00,26,2,1,1,13
8823311,678,681,795,188124,2023-01-09 20:00:00,16,0,0,14,1
6542932,2481,2445,426,186265,2021-01-10 14:30:00,15,1,4,4,11
10607639,3315,3193,524,188994,2023-12-22 17:30:00,17,1,2,3,6
6542983,2453,2454,426,186265,2020-12-05 14:30:00,10,2,2,5,5
7536057,679,696,795,187526,2022-04-02 19:00:00,30,4,1,7,2
7516734,2975,2454,426,187511,2021-12-11 14:30:00,15,4,1,6,0
7246257,5656,5685,255,187168,2021-06-16 23:30:00,4,1,2,9,12
8826928,3176,3168,524,188160,2023-03-19 14:00:00,27,1,0,1,3
7485175,1610,1669,364,187475,2022-04-02 14:00:00,31,1,4,12,7
10480080,1609,1611,364,188989,2023-09-03 15:30:00,4,3,1,12,3
8341236,5643,5685,255,187965,2022-05-28 19:30:00,8,1,1,6,1
8819569,1639,1618,346,188096,2022-11-05 15:00:00,20,1,2,4,3
10521230,687,684,795,189012,2023-12-17 15:15:00,17,0,0,2,7
7485416,1609,1614,364,187475,2021-10-22 19:00:00,9,3,1,7,4
7512449,1655,10531,346,187482,2021-08-20 18:45:00,4,0,1,1,2
7511977,1673,1663,346,187482,2022-04-22 18:45:00,44,2,1,2,7
10607499,3187,3315,524,188994,2023-08-27 18:45:00,2,2,0,12,4
10572006,2462,2463,426,188974,2023-09-03 13:30:00,3,1,1,8,1
8776895,1633,1628,364,188095,2022-11-06 14:00:00,15,1,2,2,5
7512206,1627,1637,346,187482,2021-12-11 15:00:00,22,1,0,6,1
7512058,1672,1627,346,187482,2022-03-05 15:00:00,36,0,2,5,2
8776886,1669,1624,364,188095,2022-12-26 12:30:00,17,2,2,6,5
6425391,3773,3788,412,186243,2021-04-11 13:00:00,32,4,1,5,10
6589694,1624,1636,364,186810,2021-05-02 18:15:00,34,4,0,6,6
8823015,674,686,795,188124,2022-10-22 16:30:00,11,1,2,5,3
6632475,700,702,795,186267,2021-05-16 16:30:00,37,1,3,1,8
10572309,2460,2463,426,188974,2024-04-28 15:30:00,31,1,1,6,6
7536098,713,700,795,187526,2021-09-26 16:30:00,7,3,1,4,3
6589384,1614,1612,364,186810,2020-10-04 18:15:00,4,7,2,2,7
8785762,3771,3802,412,188122,2022-08-07 18:45:00,1,4,1,6,7
9967523,5644,5663,255,188756,2023-08-19 19:00:00,20,0,1,10,6
7246281,5669,5649,255,187168,2021-05-30 19:00:00,1,3,2,5,4
8785774,19830,3773,412,188122,2022-08-20 15:00:00,3,1,4,3,5
10521166,846,756,795,189012,2023-09-18 19:00:00,5,2,4,4,5
8819777,1636,1660,346,188096,2023-03-11 15:00:00,36,0,1,3,4
10521390,708,700,795,189012,2024-05-25 16:30:00,38,6,1,1,3
7517925,3779,3788,412,187374,2021-10-31 14:00:00,12,4,0,6,3
10517600,1619,1643,346,188987,2023-10-07 14:00:00,11,1,1,12,4
10607617,3166,3158,524,188994,2023-12-17 17:00:00,16,2,0,0,4
8823037,756,713,795,188124,2022-12-29 16:00:00,15,2,2,2,4
9967611,5643,5657,255,188756,2023-10-29 19:00:00,30,1,1,7,2
7606802,3158,3164,524,187528,2021-12-22 17:30:00,19,1,1,10,2
9967494,5653,5654,255,188756,2023-07-30,17,1,2,6,2
9967631,5660,5649,255,188756,2023-11-01 23:00:00,31,1,2,6,11
6543027,2446,2481,426,186265,2020-10-26 19:30:00,5,3,1,3,3
6184981,5677,5657,255,186667,2020-10-07 22:15:00,14,3,0,4,6
7606725,3172,3164,524,187528,2022-02-28 19:50:00,27,4,0,8,1
7485312,1629,1626,364,187475,2022-05-15 13:00:00,37,1,1,5,3
10480166,1624,1614,364,188989,2023-11-26 14:00:00,13,1,2,9,3
10572286,2500,2453,426,188974,2024-05-18 13:30:00,34,2,1,3,7
7606706,3185,3191,524,187528,2022-02-12 19:45:00,25,1,2,8,4
6639595,3315,3161,524,186353,2020-11-28 14:00:00,9,0,3,6,2
7516670,2446,2445,426,187511,2022-02-12 17:30:00,22,4,2,10,0
6594016,1666,1640,346,186333,2020-12-19 15:00:00,20,1,0,5,3
10607523,3187,3163,524,188994,2023-09-27 18:45:00,6,4,1,8,4
10480150,1624,1610,364,188989,2023-11-06 20:00:00,11,1,4,1,6
11985831,1609,1610,364,188989,2024-04-23 19:00:00,29,5,0,4,2
7512225,10531,1642,346,187482,2021-12-11 15:00:00,22,1,4,2,2
7517988,3799,3774,412,187374,2021-08-29 13:00:00,4,2,0,3,1
6425519,3777,3771,412,186243,2021-05-23 19:00:00,38,1,1,1,10
6632570,690,680,795,186267,2021-03-20 20:00:00,28,1,1,2,8
10517446,1649,1619,346,188987,2023-08-19 11:30:00,3,1,2,5,10
7606760,3159,3163,524,187528,2022-01-15 19:45:00,22,2,0,7,6
8786081,3775,3781,412,188122,2023-02-10 20:00:00,23,3,0,5,5
7536260,687,678,795,187526,2021-10-31 20:00:00,12,1,1,2,7
7606711,3176,3166,524,187528,2022-03-13 11:30:00,29,1,0,9,1
11873115,5646,5651,255,189744,2024-05-12 19:00:00,6,0,2,9,6
8785318,2462,2453,426,188082,2023-05-27 13:30:00,34,2,1,3,6
8822930,684,681,795,188124,2022-08-26 20:00:00,3,1,0,2,4
6593834,1639,1678,346,186333,2021-03-06 15:00:00,35,2,0,6,4
10607852,3315,3178,524,188994,2024-02-24 14:00:00,26,2,3,4,1
6542806,2449,2481,426,186265,2021-04-11 13:30:00,28,1,0,4,6
7536325,679,713,795,187526,2022-01-02 15:15:00,19,2,0,8,2
6542959,2445,2500,426,186265,2020-12-15 19:30:00,12,2,2,2,3
8785782,3795,3799,412,188122,2022-08-28 13:00:00,4,3,1,8,3
8786314,3795,3767,412,188122,2023-05-07 18:45:00,34,1,3,6,6
7512385,1663,1642,346,187482,2021-09-29 18:45:00,10,1,3,2,6
8819454,1626,1655,346,188096,2022-09-14 18:45:00,10,3,2,2,8
11932958,5653,5648,255,189744,2024-08-25,24,0,2,5,2
8341259,5666,5655,255,187965,2022-07-16 22:00:00,17,1,0,6,8
7245958,5651,5669,255,187168,2021-11-10 21:30:00,31,2,1,6,3
6589650,1630,1636,364,186810,2021-04-03 14:00:00,30,2,1,5,7
7517971,3767,3797,412,187374,2021-09-11 15:00:00,5,4,0,4,4
8819438,1627,1646,346,188096,2022-09-02 19:00:00,8,1,1,9,1
8823081,698,674,795,188124,2023-02-20 20:00:00,22,1,0,4,5
10480207,1660,1613,364,188989,2023-12-23 15:00:00,18,1,0,5,7
6632549,682,681,795,186267,2021-04-11 12:00:00,30,1,2,6,5
7246160,5707,5656,255,187168,2021-07-26 23:00:00,13,1,2,5,5
8785150,2449,2444,426,188082,2022-11-12 17:30:00,15,0,2,4,5
8341148,5666,5650,255,187965,2022-05-15 21:00:00,6,1,2,6,6
10607672,3166,3194,524,188994,2024-02-23 19:45:00,26,2,0,11,1
8819905,1643,1620,346,188096,2023-05-01 12:00:00,45,1,0,1,11
9967469,5673,5657,255,188756,2023-09-25 23:00:00,15,0,1,3,8
7516645,2453,2451,426,187511,2022-03-12 14:30:00,26,3,2,7,5
7606701,3205,3173,524,187528,2022-03-12 14:00:00,29,2,0,8,7
8823076,686,675,795,188124,2023-02-05 13:00:00,20,1,0,1,12
8819464,1636,1643,346,188096,2022-11-08 19:45:00,9,0,1,12,1
10480403,1616,1659,364,188989,2024-02-10 15:00:00,24,3,1,1,13
7516873,2460,2975,426,187511,2021-08-15 13:30:00,1,1,0,5,11
8341223,5656,5673,255,187965,2022-05-29 21:00:00,8,1,1,6,5
8826922,3162,3158,524,188160,2023-03-19 17:00:00,27,1,0,5,2
6542934,2449,2482,426,186265,2021-01-09 14:30:00,15,4,0,5,4
8341471,5659,5655,255,187965,2022-11-10 23:00:00,37,3,0,3,4
7485251,1612,1669,364,187475,2022-01-16 14:00:00,22,3,0,9,0
8786115,3781,3787,412,188122,2023-03-12 14:00:00,27,0,1,1,3
6632658,696,675,795,186267,2021-01-23 20:00:00,20,1,4,4,4
8786154,3781,3769,412,188122,2023-04-09 13:00:00,30,0,3,7,5
11340320,5651,5655,255,188756,2023-12-03 21:30:00,37,3,0,6,6
10480310,1659,1636,364,188989,2024-03-09 15:00:00,28,2,2,10,3
7516636,2462,2469,426,187511,2022-04-02 13:30:00,28,0,0,9,0
7516814,2463,2975,426,187511,2021-09-18 16:30:00,5,1,1,4,10
6185119,5646,5656,255,186667,2021-01-18 22:00:00,28,4,0,7,7
11933099,5707,5657,255,189744,2024-12-08 19:00:00,38,1,2,2,5
11873135,5638,5663,255,189744,2024-04-14,1,1,2,11,4
10607828,3194,3159,524,188994,2024-02-17 17:00:00,25,2,2,5,4
6542816,2446,2449,426,186265,2021-04-03 13:30:00,27,2,1,5,4
7536341,678,684,795,187526,2021-12-19 15:15:00,18,3,2,5,6
7517989,3787,3788,412,187374,2021-08-22 13:00:00,3,3,1,6,1
7512327,1616,1650,346,187482,2021-10-16 11:30:00,12,4,1,7,2
8819673,1672,1673,346,188096,2023-01-14 15:00:00,27,1,1,4,4
8786107,3795,3787,412,188122,2023-02-19 14:00:00,24,0,1,2,10
7512228,1660,1616,346,187482,2021-12-11 15:00:00,22,1,1,2,4
10607697,3176,3163,524,188994,2024-01-14 17:00:00,20,2,2,4,4
12281095,5659,5648,255,189744,2024-06-11 23:00:00,8,1,0,14,2
10518031,1619,1649,346,188987,2023-12-29 18:00:00,25,2,1,9,3
6594260,1659,1621,346,186333,2020-09-12 14:00:00,1,3,2,5,2
10480242,1651,1646,364,188989,2023-12-09 15:00:00,16,1,1,9,1
7512354,1672,1620,346,187482,2021-10-02 14:00:00,11,2,0,1,1
7512276,1664,1627,346,187482,2021-11-23 19:45:00,19,0,0,1,8
10480291,1659,1623,364,188989,2024-03-30 15:00:00,30,2,1,9,8
6542863,2462,2444,426,186265,2021-02-20 14:30:00,22,2,1,6,10
7606688,3194,3191,524,187528,2022-02-27 14:00:00,27,3,1,5,5
8776992,1609,1659,364,188095,2023-03-04 15:00:00,26,3,2,17,1
8776910,1628,1624,364,188095,2023-01-04 20:00:00,19,0,4,10,4
6632614,802,846,795,186267,2021-02-21 17:30:00,24,3,2,5,2
8341155,5651,5669,255,187965,2022-05-07 23:30:00,5,1,0,4,9
6185172,5669,5651,255,186667,2021-01-31 22:00:00,33,0,2,4,4
8786126,3779,3803,412,188122,2023-03-05 14:00:00,26,0,1,9,2
10518060,1649,1644,346,188987,2024-01-01 15:00:00,26,3,3,8,5
9967432,5643,5648,255,188756,2023-06-11 21:30:00,10,2,2,6,7
10572137,2658,2453,426,188974,2023-12-20 19:30:00,16,3,2,7,4
8341197,5660,5646,255,187965,2022-06-12 21:00:00,11,0,2,5,6
8341248,5656,5659,255,187965,2022-07-30 22:00:00,20,1,0,4,4
10521437,696,682,795,189012,2024-02-10 13:00:00,24,1,1,10,9
10521320,681,674,795,189012,2024-04-15 19:00:00,31,0,1,4,1
8819648,1673,1643,346,188096,2022-12-29 19:45:00,25,2,0,0,2
8823098,684,675,795,188124,2023-03-05 20:00:00,24,0,0,5,3
10518052,1634,1650,346,188987,2023-12-29 19:45:00,25,0,0,5,9
7536320,713,681,795,187526,2022-02-12 17:30:00,24,0,3,4,5
8819890,1655,1643,346,188096,2023-04-22 14:00:00,44,2,1,7,7
6185002,5651,5656,255,186667,2020-10-15 00:30:00,16,0,1,8,2
7485329,1609,1629,364,187475,2022-02-24 19:45:00,20,2,1,5,4
7485475,1651,1644,364,187475,2021-08-21 16:30:00,2,2,0,7,2
10480144,1669,1660,364,188989,2023-12-02 15:00:00,14,3,1,7,5
8785834,3788,3776,412,188122,2022-10-02 11:00:00,9,2,1,0,14
8823222,692,676,795,188124,2023-06-04 19:00:00,38,2,1,2,4
10607854,3168,3194,524,188994,2024-03-10 11:30:00,28,0,1,11,6
7536150,846,702,795,187526,2022-03-12 15:15:00,28,0,1,3,3
7245974,5654,5677,255,187168,2021-11-11 22:00:00,31,3,0,8,3
11932888,5663,5642,255,189744,2024-07-18 00:30:00,17,3,1,1,6
10521473,680,687,795,189012,2024-03-02 13:00:00,27,3,2,2,5
7485192,1612,1633,364,187475,2022-03-05 17:30:00,28,1,0,4,6
8785029,2454,2460,426,188082,2022-09-04 15:30:00,5,0,1,4,8
6184967,5646,5669,255,186667,2020-10-03 22:00:00,13,2,1,9,4
6542765,2975,2451,426,186265,2021-05-16 18:30:00,33,2,2,11,3
8341458,5653,5650,255,187965,2022-10-27 22:30:00,34,1,0,3,4
8777097,1624,1669,364,188095,2023-05-20 11:30:00,37,1,3,8,2
7511998,1641,1650,346,187482,2022-04-09 14:00:00,41,2,1,7,5
6593907,1637,1638,346,186333,2021-02-13 15:00:00,29,1,2,4,5
8823279,680,676,795,188124,2022-09-03 19:00:00,4,0,3,4,4
8341488,5812,5655,255,187965,2022-11-02 22:00:00,35,2,3,4,7
8341262,5656,5660,255,187965,2022-07-21 00:30:00,18,3,1,9,2
8776945,1616,1642,364,188095,2023-02-11 15:00:00,23,2,0,5,4
9967589,5654,5677,255,188756,2023-09-30 19:00:00,25,1,0,12,2
7517882,3799,19830,412,187374,2021-12-01 18:00:00,16,1,3,4,4
8785145,2443,2975,426,188082,2022-11-12 14:30:00,15,1,2,0,4
9967440,5656,5648,255,188756,2023-05-28 19:00:00,8,2,0,7,6
6632797,678,695,795,186267,2020-10-18 12:00:00,6,2,0,9,3
8819663,1643,1621,346,188096,2023-01-14 12:30:00,27,4,0,4,2
8777083,1651,1623,364,188095,2023-05-08 16:30:00,35,1,5,15,1
8785314,2447,2454,426,188082,2023-05-13 16:30:00,32,5,2,10,4
10518377,1619,1673,346,188987,2024-02-10 15:00:00,31,5,3,6,6
8785201,2454,2453,426,188082,2023-03-04 14:30:00,23,0,0,6,5
10521377,674,696,795,189012,2024-05-05 16:30:00,34,0,1,5,7
7512295,1639,10529,346,187482,2021-10-30 14:00:00,15,3,3,7,5
7606836,3194,3173,524,187528,2021-11-30 19:45:00,15,0,0,11,1
8785099,2463,2481,426,188082,2022-10-16 13:30:00,10,3,2,5,3
11932878,5677,5707,255,189744,2024-07-13 19:00:00,17,1,2,8,4
10572067,2463,2482,426,188974,2023-09-16 13:30:00,4,1,3,13,4
7485248,1630,1613,364,187475,2022-01-22 15:00:00,23,0,1,6,7
8819493,1650,1639,346,188096,2022-09-17 14:00:00,11,0,0,8,6
8786171,3780,3766,412,188122,2023-04-14 19:00:00,31,1,2,8,5
8776734,1614,1623,364,188095,2022-08-13 11:30:00,2,2,1,5,8
6639534,3205,3194,524,186353,2021-01-03 14:00:00,15,0,1,3,5
8819485,1655,1640,346,188096,2022-10-04 18:45:00,13,0,0,9,2
6185016,5657,5656,255,186667,2020-10-22 00:30:00,18,1,2,9,6
8819677,1636,1639,346,188096,2023-01-14 15:00:00,27,3,1,2,6
6593771,1659,1640,346,186333,2021-04-10 14:00:00,41,4,1,4,3
7606679,3191,3315,524,187528,2022-03-06 14:00:00,28,1,4,8,6
10518056,10529,1631,346,188987,2023-12-29 19:45:00,25,0,2,5,2
7536273,687,674,795,187526,2021-11-21 20:00:00,14,0,0,2,4
11933077,5650,5707,255,189744,2024-11-23 22:30:00,35,1,1,6,5
6632530,682,676,795,186267,2021-04-25 14:15:00,32,1,2,6,1
6425188,3802,3767,412,186243,2020-09-27 19:00:00,5,0,2,3,7
8819445,1632,1643,346,188096,2022-08-31 18:45:00,7,3,0,2,1
10480130,1629,1612,364,188989,2023-09-16 11:30:00,5,1,3,4,4
6593990,1678,10529,346,186333,2020-12-29 19:45:00,22,2,1,5,7
10607775,3162,3194,524,188994,2024-04-27 18:45:00,34,1,0,4,2
10480306,1660,1611,364,188989,2024-02-18 16:30:00,25,1,2,8,6
11873117,5653,5641,255,189744,2024-04-17 23:00:00,2,1,1,9,2
7606724,3191,3193,524,187528,2022-02-20 14:00:00,26,1,1,6,5
6542988,2460,2482,426,186265,2020-11-29 17:00:00,9,1,1,11,5
6639681,3193,3197,524,186353,2020-09-20 13:00:00,1,4,1,6,4
8341476,5666,5669,255,187965,2022-11-09 22:00:00,37,2,0,6,6
6593721,1673,1640,346,186333,2021-05-01 14:00:00,45,1,1,7,4
7246017,5819,5651,255,187168,2021-10-13 22:00:00,26,1,1,NA,NA
6589603,1619,1610,364,186810,2021-02-20 12:30:00,25,1,1,3,6
6639669,3187,3193,524,186353,2020-09-27 16:00:00,2,6,0,4,2
8785893,3766,3781,412,188122,2022-08-05 19:00:00,1,2,1,4,3
9967554,5654,5638,255,188756,2023-08-13 21:30:00,19,1,1,8,2
6425495,3802,3803,412,186243,2021-01-24 14:00:00,21,1,0,2,4
10521348,756,713,795,189012,2024-02-26 20:00:00,26,3,0,2,2
10480070,1628,1609,364,188989,2023-08-21 19:00:00,2,0,1,1,8
7606799,3173,3163,524,187528,2021-12-18 19:45:00,18,0,4,4,2
8826714,3162,3194,524,188160,2022-09-11 16:00:00,6,2,0,3,5
6542967,2444,2451,426,186265,2020-12-16 19:30:00,12,2,1,7,7
8823347,691,687,795,188124,2023-02-13 20:00:00,21,2,3,4,3
8341115,5663,5707,255,187965,2022-04-10 21:00:00,1,0,1,7,1
7536103,675,686,795,187526,2021-09-22 20:00:00,6,6,1,3,2
6185215,5638,5654,255,186667,2021-02-26 00:30:00,38,2,1,1,7
6632543,846,701,795,186267,2021-04-22 19:00:00,31,4,1,4,7
10607724,3168,3158,524,188994,2024-04-01 16:00:00,30,0,0,8,4
10521234,714,676,795,189012,2024-01-04 20:30:00,19,1,2,5,10
8823284,690,708,795,188124,2022-09-05 19:00:00,4,1,0,2,7
8819607,1646,1621,346,188096,2022-11-13 12:30:00,21,3,0,7,3
6632578,678,701,795,186267,2021-03-20 13:00:00,28,1,1,10,1
10480188,1614,1616,364,188989,2023-11-12 14:00:00,12,3,1,2,2
7517768,3779,3771,412,187374,2021-12-12 16:00:00,18,0,2,8,3
7536323,846,686,795,187526,2021-12-19 13:00:00,18,4,1,4,2
10567249,3771,3779,412,189971,2024-01-12 20:00:00,18,1,1,6,4
8786225,3776,3803,412,188122,2023-02-24 20:00:00,25,2,1,12,2
7512398,1664,1616,346,187482,2021-09-11 14:00:00,6,1,0,4,4
7517731,3770,3802,412,187374,2022-02-13 14:00:00,24,1,0,5,5
9967477,5638,5655,255,188756,2023-07-16 19:00:00,15,4,1,4,3
10607569,3193,3157,524,188994,2023-10-07 18:45:00,8,0,1,3,2
8826662,3178,3176,524,188160,2022-08-21 16:30:00,2,0,0,1,9
8826766,3205,3178,524,188160,2022-08-14 18:45:00,1,1,0,6,4
7511944,1672,1642,346,187482,2022-05-07 11:30:00,46,1,1,6,4
8785116,2448,2454,426,188082,2022-11-08 19:30:00,14,2,1,6,3
10517813,1643,1630,346,188987,2023-11-24 20:00:00,17,1,1,4,3
6184986,5657,5654,255,186667,2020-10-10 20:00:00,15,1,2,5,5
6632720,690,681,795,186267,2020-12-11 20:00:00,13,3,2,3,3
7516661,2463,2453,426,187511,2022-02-05 14:30:00,21,1,0,8,8
11873066,5649,5659,255,189744,2024-06-16 21:30:00,9,1,2,7,4
10566977,3788,3775,412,189971,2023-08-20 13:00:00,2,1,1,0,9
8823048,684,676,795,188124,2023-02-01 20:00:00,17,1,2,1,6
6632708,696,701,795,186267,2020-12-23 21:00:00,15,2,1,2,7
8776995,1659,1625,364,188095,2023-02-25 17:30:00,25,1,4,4,6
10518647,1619,1620,346,188987,2024-03-29 15:00:00,39,1,1,8,5
6184947,5638,5651,255,186667,2020-08-26 22:00:00,11,1,0,4,1
10521357,756,682,795,189012,2024-05-14 20:00:00,36,0,1,5,1
7606828,3185,3163,524,187528,2021-11-22 19:45:00,13,2,1,4,7
8786159,3771,3787,412,188122,2023-03-31 19:00:00,29,1,1,1,3
10521304,756,687,795,189012,2024-02-03 20:00:00,23,0,0,3,4
9967581,5707,5648,255,188756,2023-09-30 21:30:00,25,3,0,7,0
8777079,1613,1619,364,188095,2023-04-30 13:00:00,34,3,1,11,2
7485115,1609,1630,364,187475,2022-05-08 13:00:00,36,2,1,8,2
10607585,3194,3236,524,188994,2023-11-05 11:30:00,11,1,3,2,6
7516720,2446,2482,426,187511,2021-12-15 19:30:00,16,2,2,6,3
8826890,3159,3185,524,188160,2023-02-28 19:45:00,24,4,2,3,7
8786156,3802,3803,412,188122,2023-04-09 13:00:00,30,1,1,6,3
8826931,3166,3163,524,188160,2023-04-02 10:30:00,28,3,0,2,7
6589475,1609,1619,364,186810,2020-12-16 18:00:00,13,1,1,2,7
6589639,1616,1630,364,186810,2021-03-19 20:00:00,29,1,2,13,7
8341323,5638,5663,255,187965,2022-08-28 19:00:00,24,0,1,7,2
10517613,1644,1620,346,188987,2023-09-30 14:00:00,9,2,3,9,3
8785212,2445,2444,426,188082,2023-03-04 17:30:00,23,1,2,3,6
8785179,2482,2446,426,188082,2023-02-11 14:30:00,20,1,3,5,8
8776998,1610,1614,364,188095,2023-04-01 16:30:00,29,0,2,13,2
10518353,1644,1673,346,188987,2024-02-24 15:00:00,34,1,2,3,5
6639621,3166,3187,524,186353,2020-11-08 17:00:00,7,0,1,4,7
7517780,3766,3777,412,187374,2021-12-22 20:00:00,19,1,1,13,2
10566995,3770,3780,412,189971,2023-08-13 13:00:00,1,1,2,7,5
8777018,1613,1611,364,188095,2023-04-02 15:30:00,29,2,0,7,4
10480227,1629,1642,364,188989,2023-12-09 15:00:00,16,1,1,4,3
6589556,1651,1624,364,186810,2021-01-31 19:15:00,21,1,0,9,2
8777030,1619,1628,364,188095,2023-04-15 14:00:00,31,0,2,6,2
7517613,3788,3771,412,187374,2022-05-08 15:05:00,36,0,3,4,8
8823223,687,680,795,188124,2023-06-04 16:30:00,38,2,1,5,2
8823100,708,682,795,188124,2023-03-04 15:15:00,24,0,2,2,10
8776781,1642,1659,364,188095,2022-09-03 14:00:00,6,2,3,4,6
10517588,1627,1649,346,188987,2023-10-21 14:00:00,12,0,0,10,5
7517860,3773,3767,412,187374,2021-12-04 20:00:00,17,1,1,8,4
10518024,10529,1630,346,188987,2024-01-13 15:00:00,27,0,3,5,4
9967417,5656,5707,255,188756,2023-06-10 21:30:00,10,1,1,8,6
7485426,1630,1644,364,187475,2021-10-02 14:00:00,7,1,0,6,3
10572131,2448,2443,426,188974,2024-01-14 14:30:00,17,1,1,3,4
10517769,1627,1631,346,188987,2023-12-02 12:30:00,19,1,2,4,6
8341508,5644,5646,255,187965,2022-11-13 19:00:00,38,3,0,6,5
10521381,713,681,795,189012,2024-04-20 14:15:00,32,2,1,5,1
6185161,5674,5677,255,186667,2021-01-24 21:15:00,32,2,0,10,3
9967615,5660,5646,255,188756,2023-10-22 21:30:00,28,0,2,3,6
9967558,5648,5646,255,188756,2023-08-06,18,2,1,0,8
6589680,1631,1628,364,186810,2021-04-26 19:00:00,33,2,1,7,2
7485465,1629,1611,364,187475,2021-08-29 15:30:00,3,0,1,5,7
8826759,3157,3236,524,188160,2022-10-22 16:00:00,11,4,1,2,2
10607698,3162,3168,524,188994,2024-01-14 11:30:00,20,1,0,2,5
10521426,687,679,795,189012,2024-05-25 14:15:00,38,0,2,8,4
6425411,3804,3802,412,186243,2021-03-21 14:00:00,30,0,1,2,3
6184997,5646,5660,255,186667,2020-10-14 21:00:00,16,1,3,6,2
7516568,2463,2459,426,187511,2022-04-23 13:30:00,31,3,1,5,10
6639584,3194,3173,524,186353,2020-12-06 11:30:00,10,1,1,7,5
7485438,1612,1625,364,187475,2021-10-03 15:30:00,7,2,2,3,4
7246026,5655,5649,255,187168,2021-10-10 19:00:00,25,1,0,9,3
8826967,3194,3166,524,188160,2023-04-21 18:45:00,31,2,1,4,2
7512375,1672,1636,346,187482,2021-09-18 11:30:00,8,1,3,6,4
7485205,1633,1629,364,187475,2022-02-27 14:00:00,27,1,0,3,5
7246028,5677,5669,255,187168,2021-10-27 22:00:00,23,1,1,8,5
6589657,1646,1613,364,186810,2021-04-11 11:00:00,31,1,2,13,3
8823088,681,675,795,188124,2023-02-18 20:00:00,22,0,2,5,5
8819398,1627,1672,346,188096,2022-08-20 14:00:00,5,5,2,12,2
8785253,2448,2975,426,188082,2023-03-18 14:30:00,25,1,0,2,7
11932969,5656,5654,255,189744,2024-09-01 19:00:00,25,2,1,5,2
10567258,3775,3787,412,189971,2024-03-08 20:00:00,25,1,2,8,5
7606686,3159,3192,524,187528,2022-03-20 14:00:00,30,2,0,5,5
10607778,3173,3168,524,188994,2024-05-05 10:30:00,35,1,1,3,10
10607678,3159,3166,524,188994,2023-08-27 16:30:00,2,1,1,6,2
7512391,10531,1672,346,187482,2021-09-11 14:00:00,6,0,0,7,2
6589513,1627,1630,364,186810,2020-12-29 18:00:00,16,0,5,3,10
10607518,3158,3157,524,188994,2023-09-01 18:45:00,3,1,2,3,5
7485167,1614,1609,364,187475,2022-03-19 12:30:00,30,0,1,6,5
6542923,2443,2481,426,186265,2021-01-16 14:30:00,16,2,0,4,4
8341198,5660,5638,255,187965,2022-06-09 23:00:00,10,1,1,1,10
6632818,678,700,795,186267,2020-10-01 17:00:00,4,0,1,6,2
10480394,1628,1610,364,188989,2024-02-12 20:00:00,24,1,3,1,7
8819432,1646,1626,346,188096,2022-10-25 19:00:00,9,1,0,5,4
6425547,19830,3766,412,186243,2021-05-02 19:00:00,35,2,3,5,5
6589733,1636,1646,364,186810,2021-05-23 15:00:00,38,1,0,8,9
6185024,5812,5646,255,186667,2020-10-25 19:00:00,18,0,3,6,3
11933101,5685,5641,255,189744,2024-12-08 19:00:00,38,5,1,6,8
7536144,698,696,795,187526,2022-02-26 15:15:00,26,2,2,6,1
8776920,1611,1625,364,188095,2023-01-14 12:30:00,20,2,1,1,2
10518053,1639,1634,346,188987,2024-01-01 15:00:00,26,0,0,8,5
10518128,1638,1673,346,188987,2023-12-16 15:00:00,22,1,1,0,6
6639333,3164,3158,524,186353,2021-05-02 18:45:00,34,2,0,8,8
8826847,3162,3176,524,188160,2023-01-29 17:00:00,20,1,1,3,4
10607822,3161,3159,524,188994,2024-02-04 19:45:00,23,1,0,6,4
6185021,5677,5663,255,186667,2020-11-11 21:45:00,18,2,1,4,7
8823012,686,691,795,188124,2022-10-28 19:00:00,12,1,1,4,4
7606695,3193,3178,524,187528,2022-03-06 11:30:00,28,0,0,7,2
6185197,5649,5638,255,186667,2021-02-14 23:30:00,36,1,2,5,2
7246087,5674,5819,255,187168,2021-08-28 20:00:00,18,0,0,11,5
10521272,682,681,795,189012,2023-11-26 13:00:00,14,3,1,2,4
7512259,1618,1664,346,187482,2021-11-27 15:00:00,20,1,0,2,1
10517451,1621,1672,346,188987,2023-08-19 14:00:00,3,1,2,2,8
6589655,1629,1633,364,186810,2021-04-05 19:15:00,30,2,3,4,2
7517969,3777,3795,412,187374,2021-09-12 13:00:00,5,0,2,2,1
8819582,1664,1660,346,188096,2022-11-05 15:00:00,20,0,1,9,11
10607633,3187,3161,524,188994,2023-12-03 19:45:00,14,0,3,6,4
10517428,1631,1640,346,188987,2023-08-06 11:00:00,1,2,1,5,8
11932937,5656,5685,255,189744,2024-08-11 00:30:00,22,1,1,6,6
6589676,1609,1623,364,186810,2021-04-23 19:00:00,33,0,1,7,3
8819770,1632,1639,346,188096,2023-03-04 15:00:00,35,1,5,2,4
7246050,5707,5648,255,187168,2021-09-20 23:00:00,21,2,2,1,5
7535961,680,678,795,187526,2022-05-22 20:00:00,38,1,0,5,0
10567202,3774,3773,412,189971,2024-05-12 19:00:00,33,1,1,4,3
8776959,1609,1669,364,188095,2023-02-11 15:00:00,23,1,1,7,4
7516742,2481,2975,426,187511,2021-12-15 19:30:00,16,1,1,6,8
8819597,1644,1640,346,188096,2022-11-05 15:00:00,20,0,1,10,5
8777009,1659,1616,364,188095,2023-04-01 14:00:00,29,2,1,4,3
9967560,5660,5685,255,188756,2023-08-06 21:30:00,18,0,1,3,4
6639449,3161,3193,524,186353,2021-02-28 14:00:00,24,3,0,9,1
6639491,3197,3193,524,186353,2021-01-31 14:00:00,20,0,3,3,11
6639547,3164,3315,524,186353,2020-12-23 19:45:00,14,2,3,14,6
6184875,5654,5649,255,186667,2020-08-19 22:15:00,4,1,1,1,2
10517783,1641,10529,346,188987,2023-11-25 15:00:00,17,1,2,6,13
6425470,3788,3802,412,186243,2021-02-06 16:00:00,24,1,0,2,5
7536096,680,691,795,187526,2021-09-25 16:30:00,7,2,0,4,8
10521456,684,696,795,189012,2024-02-18 20:00:00,25,0,0,6,8
7606954,3172,3176,524,187528,2021-09-11 18:45:00,3,1,2,10,3
7517620,19830,3799,412,187374,2022-05-01 13:00:00,35,2,0,8,5
10566993,3780,3767,412,189971,2023-08-19 19:00:00,2,1,1,5,5
7246104,5673,5638,255,187168,2021-12-10 00:30:00,38,2,0,5,5
6639301,3185,3219,524,186353,2021-05-23 18:45:00,38,1,1,7,3
8785963,3797,3770,412,188122,2023-01-29 14:00:00,20,0,0,9,1
10517431,1650,1644,346,188987,2024-01-14 12:00:00,27,1,2,8,4
10517594,1620,1618,346,188987,2023-10-21 14:00:00,12,1,0,12,0
7512080,1659,1642,346,187482,2022-05-03 18:00:00,33,1,0,4,3
10517602,10529,1644,346,188987,2023-10-07 14:00:00,11,1,1,2,1
6543029,2447,2449,426,186265,2020-10-24 16:30:00,5,3,0,7,2
8341449,5673,5654,255,187965,2022-10-22 22:00:00,33,1,2,4,11
7516728,2482,2462,426,187511,2021-12-04 14:30:00,14,3,2,4,6
8822969,678,679,795,188124,2022-10-15 19:00:00,9,0,1,6,1
8785894,3776,3774,412,188122,2022-11-06 16:05:00,14,1,1,6,2
6594092,1647,1678,346,186333,2020-11-28 15:00:00,14,1,1,5,3
7516797,2444,2459,426,187511,2021-11-27 17:30:00,13,1,0,13,4
10572295,2445,2444,426,188974,2024-05-04 13:30:00,32,3,1,3,1
8785152,2454,2446,426,188082,2023-01-22 16:30:00,16,2,3,2,3
7516699,2446,2500,426,187511,2022-01-08 14:30:00,18,2,2,11,5
10607527,3162,3185,524,188994,2023-09-27 18:45:00,6,2,0,4,2
9967529,5638,5653,255,188756,2023-08-06 19:00:00,18,0,2,999,999
11933007,5812,5648,255,189744,2024-09-29 19:00:00,28,1,0,4,3
6542952,2449,2459,426,186265,2020-12-19 14:30:00,13,0,1,1,6
8785796,3770,3780,412,188122,2022-08-28 11:00:00,4,3,1,4,5
8786103,19830,3775,412,188122,2023-02-26 16:05:00,25,0,3,5,3
7512037,1663,1616,346,187482,2022-03-12 12:30:00,37,1,1,4,5
7606780,3191,3158,524,187528,2021-11-07 11:30:00,12,3,2,4,11
7485411,1619,1630,364,187475,2021-10-16 14:00:00,8,1,0,8,1
7606632,3162,3157,524,187528,2022-04-24 18:45:00,34,1,2,2,8
6632540,687,692,795,186267,2021-04-22 19:00:00,31,2,1,2,4
7606608,3176,3158,524,187528,2022-05-09 18:45:00,36,2,0,5,3
7517750,3773,3772,412,187374,2022-02-13 16:05:00,24,3,2,6,2
10521204,684,686,795,189012,2023-11-04 15:15:00,12,2,0,6,1
10607680,3163,3173,524,188994,2024-02-18 14:00:00,25,1,1,3,4
10480269,1669,1651,364,188989,2024-04-03 18:30:00,31,0,0,1,5
7511987,1655,1636,346,187482,2022-04-18 16:30:00,43,1,1,2,7
10518675,10529,1632,346,188987,2024-03-29 15:00:00,39,0,2,5,6
7517788,3770,3766,412,187374,2021-08-27 19:00:00,4,0,1,6,6
8819408,1650,1643,346,188096,2022-08-20 14:00:00,5,1,1,9,3
6639606,3205,3172,524,186353,2020-11-21 17:00:00,8,0,0,1,2
10480428,1636,1660,364,188989,2023-12-26 15:00:00,19,2,3,9,4
8341265,5638,5643,255,187965,2022-07-23 22:00:00,19,3,3,6,3
6639467,3205,3157,524,186353,2021-02-13 19:45:00,22,2,0,5,2
6542877,2481,2451,426,186265,2021-02-06 14:30:00,20,0,2,7,4
10607849,3193,3254,524,188994,2024-03-30 14:00:00,30,1,1,3,8
6542760,2449,2462,426,186265,2021-05-15 13:30:00,33,4,3,1,13
10521452,686,713,795,189012,2024-02-11 15:15:00,24,2,1,5,1
8819625,1637,1640,346,188096,2022-12-10 14:00:00,22,1,0,4,4
7606899,3315,3191,524,187528,2021-10-23 16:00:00,9,3,1,5,4
8786101,3775,3769,412,188122,2023-03-03 20:00:00,26,1,1,8,0
9967598,5677,5657,255,188756,2023-09-03 21:30:00,22,1,1,6,0
10518108,10531,1641,346,188987,2023-12-22 19:45:00,23,2,1,4,3
10480416,1623,1628,364,188989,2024-02-19 20:00:00,25,1,1,3,6
8785783,3767,19830,412,188122,2022-08-28 18:45:00,4,1,1,4,3
10521119,696,680,795,189012,2023-08-21 17:00:00,2,4,3,4,4
10567252,3767,3802,412,189971,2024-03-10 12:00:00,25,2,2,7,2
11932955,5641,5657,255,189744,2024-08-18 19:00:00,23,2,2,9,10
7485476,1624,1644,364,187475,2021-08-29 13:00:00,3,1,0,11,3
6425408,3787,3772,412,186243,2021-03-21 14:00:00,30,3,1,6,6
7485289,1626,1629,364,187475,2021-11-27 15:00:00,13,0,0,4,3
7606866,3187,3178,524,187528,2021-12-12 17:00:00,17,0,1,10,3
8776940,1624,1633,364,188095,2023-02-19 16:30:00,24,2,0,4,7
7606934,3178,3191,524,187528,2021-09-11 13:00:00,3,1,2,7,2
10521308,682,700,795,189012,2024-02-04 13:00:00,23,0,0,13,2
6542845,2453,2975,426,186265,2021-03-06 14:30:00,24,0,3,1,2
10572114,2481,2482,426,188974,2023-11-11 14:30:00,11,1,1,3,5
10518378,1666,1618,346,188987,2024-02-09 20:00:00,31,2,0,1,7
6594227,1641,1639,346,186333,2020-09-26 14:00:00,3,0,1,7,7
7517715,3776,3777,412,187374,2022-02-18 20:00:00,25,0,0,10,1
6589515,1646,1616,364,186810,2021-02-17 18:00:00,17,1,1,5,5
7516766,2454,2469,426,187511,2021-11-20 14:30:00,12,4,0,7,7
6594068,1673,1650,346,186333,2020-12-05 15:00:00,16,2,0,3,4
10607638,3159,3158,524,188994,2023-12-30 19:45:00,18,1,0,2,2
8819362,1643,10531,346,188096,2022-07-30 14:00:00,1,1,1,5,6
10572257,2463,2975,426,188974,2024-03-15 19:30:00,26,1,5,3,6
10521358,692,678,795,189012,2024-05-15 20:00:00,36,2,1,2,3
10517660,1632,10529,346,188987,2023-09-24 14:00:00,8,0,1,4,4
10572167,2444,2482,426,188974,2024-01-12 19:30:00,17,3,0,11,2
7516874,2451,2448,426,187511,2021-08-14 13:30:00,1,1,0,5,2
6543041,2443,2459,426,186265,2020-10-03 13:30:00,3,1,0,2,1
8819660,1664,1636,346,188096,2022-12-29 20:15:00,25,1,2,5,6
7485259,1628,1633,364,187475,2022-01-01 17:30:00,21,2,3,9,1
9967543,5649,5648,255,188756,2023-08-13 19:00:00,19,2,1,3,8
7245976,5644,5649,255,187168,2021-11-06 22:00:00,30,1,0,4,8
7512107,1638,10529,346,187482,2022-02-12 15:00:00,32,2,1,6,5
8819577,1650,1627,346,188096,2022-11-05 15:00:00,20,0,1,8,5
8785904,3787,3802,412,188122,2022-11-13 14:00:00,15,1,1,11,7
7536284,679,684,795,187526,2021-10-31 15:15:00,12,3,0,13,0
8341376,5638,5660,255,187965,2022-10-20 23:00:00,29,3,1,5,3
8785839,19830,3770,412,188122,2022-10-02 15:05:00,9,4,1,7,7
6593706,1640,1638,346,186333,2021-05-08 11:30:00,46,6,1,10,8
6589666,1609,1616,364,186810,2021-04-18 12:30:00,32,1,1,11,1
6593844,1639,10531,346,186333,2021-03-03 20:15:00,34,1,2,4,4
7516655,2453,2460,426,187511,2022-02-12 14:30:00,22,1,1,7,3
9967671,5638,5685,255,188756,2023-11-08 23:00:00,33,1,0,9,5
8823228,708,687,795,188124,2023-01-08 13:00:00,16,0,2,4,2
10521098,708,692,795,189012,2023-09-01 20:00:00,4,2,3,6,5
7517984,3775,19830,412,187374,2021-09-19 11:00:00,6,2,2,5,2
7485169,1613,1628,364,187475,2022-04-20 18:45:00,30,1,0,2,5
7536255,846,696,795,187526,2021-12-03 20:00:00,16,2,1,3,5
7511938,1664,1647,346,187482,2022-04-30 14:00:00,45,0,2,5,1
7246080,5650,5655,255,187168,2021-09-26 19:00:00,22,3,0,2,5
7485118,1619,1628,364,187475,2022-04-30 14:00:00,35,1,2,6,7
8819462,1664,1637,346,188096,2022-07-30 14:00:00,1,1,0,3,10
10521132,676,680,795,189012,2023-09-29 19:00:00,8,1,0,12,3
6185047,5663,5638,255,186667,2020-11-14 22:00:00,21,2,3,2,3
11933104,5654,5642,255,189744,2024-12-08 19:00:00,38,2,2,6,4
7246141,5669,5812,255,187168,2021-08-08 21:15:00,15,0,0,6,3
12075838,1651,1610,364,188989,2024-05-15 18:45:00,34,1,2,4,6
10572212,2975,2454,426,188974,2024-02-17 17:30:00,22,2,0,8,4
6639571,3193,3157,524,186353,2020-12-16 19:45:00,12,2,2,4,10
8341328,5659,5654,255,187965,2022-08-28 21:00:00,24,0,1,3,4
6594256,10529,1666,346,186333,2020-09-12 14:00:00,1,0,2,4,6
12802497,5657,5651,255,189744,2024-08-27,24,2,1,4,5
10607713,3176,3193,524,188994,2024-04-15 16:30:00,32,1,1,6,2
11873067,5812,5638,255,189744,2024-04-21 21:30:00,3,0,3,4,3
10607655,3159,3161,524,188994,2023-11-26 19:45:00,13,1,1,1,0
6632842,675,698,795,186267,2021-02-09 20:00:00,1,2,0,8,1
10572239,2453,2445,426,188974,2024-02-03 14:30:00,20,1,3,1,6
7485463,1644,1629,364,187475,2021-09-11 14:00:00,4,0,2,6,8
8777109,1628,1642,364,188095,2023-05-28 15:30:00,38,1,1,5,4
10480079,1633,1610,364,188989,2023-08-20 15:30:00,2,3,1,3,9
10517584,10531,1644,346,188987,2023-10-24 18:45:00,13,0,1,6,4
10521469,698,680,795,189012,2024-03-30 13:00:00,30,0,1,6,3
10518051,1626,1619,346,188987,2024-01-01 15:00:00,26,1,1,1,12
10518623,1626,1655,346,188987,2024-04-20 14:00:00,44,1,1,8,5
8819494,1638,1664,346,188096,2022-09-17 14:00:00,11,2,1,5,2
8826941,3178,3168,524,188160,2023-04-03 17:30:00,28,1,0,3,4
8785169,2449,2975,426,188082,2023-01-24 17:30:00,17,1,6,1,6
8819814,1635,1650,346,188096,2023-04-01 14:00:00,39,1,0,2,5
8341399,5812,5648,255,187965,2022-10-05 22:00:00,30,3,2,12,5
6185061,5685,5677,255,186667,2020-11-20 23:00:00,22,4,0,5,9
7606657,3315,3172,524,187528,2022-04-10 13:00:00,32,2,1,8,8
10607509,3172,3159,524,188994,2023-10-01 16:00:00,7,0,0,5,2
8341485,5685,5648,255,187965,2022-11-13 19:00:00,38,0,1,4,9
6184952,5660,5657,255,186667,2020-09-20 19:00:00,11,1,0,6,6
11933102,5659,5638,255,189744,2024-12-08 19:00:00,38,2,1,3,0
8826764,3168,3161,524,188160,2022-08-13 18:45:00,1,1,2,6,8
7606626,3194,3164,524,187528,2022-04-23 18:45:00,34,1,1,4,5
6632774,701,700,795,186267,2020-10-30 20:00:00,8,0,2,7,2
8819899,1641,1632,346,188096,2023-05-08 14:00:00,46,0,3,2,7
10567051,3773,3771,412,189971,2023-11-12 19:45:00,12,1,0,4,5
10572008,2446,2520,426,188974,2023-09-02 13:30:00,3,5,1,4,2
6542848,2444,2447,426,186265,2021-03-06 17:30:00,24,4,2,6,0
9967392,5651,5654,255,188756,2023-05-07 19:00:00,4,2,1,1,8
10521388,678,680,795,189012,2024-05-19 17:00:00,37,2,0,8,3
7517779,3782,3770,412,187374,2021-12-22 20:00:00,19,0,1,5,4
10518949,1620,1644,346,188987,2024-05-04 11:30:00,46,3,1,3,3
8819707,1643,1636,346,188096,2023-02-04 12:30:00,30,0,0,3,5
7536077,696,692,795,187526,2021-11-27 13:00:00,15,1,2,5,3
6593940,1678,1618,346,186333,2021-02-02 19:00:00,26,0,0,4,7
8776968,1629,1612,364,188095,2023-02-04 15:00:00,22,3,0,2,7
6594193,1655,1620,346,186333,2020-10-20 18:45:00,6,0,1,1,4
11932869,5663,5648,255,189744,2024-07-07 19:00:00,15,1,0,12,3
6594067,1638,1647,346,186333,2020-12-05 15:00:00,16,0,1,4,3
8819878,1636,10529,346,188096,2023-04-15 11:30:00,42,4,1,5,5
7517920,3772,3767,412,187374,2021-11-06 20:00:00,13,2,3,10,5
7512176,1655,1638,346,187482,2022-01-02 13:00:00,26,3,2,5,3
11932930,5663,5638,255,189744,2024-07-28 00:30:00,20,1,0,3,10
6425302,3772,3782,412,186243,2020-12-16 20:00:00,15,1,2,3,4
6632772,681,679,795,186267,2020-10-31 17:30:00,8,1,3,3,2
7606633,3164,3192,524,187528,2022-04-16 12:30:00,33,1,2,5,2
8776986,1612,1611,364,188095,2023-03-05 16:30:00,26,7,0,4,3
6589709,1611,1631,364,186810,2021-05-11 17:00:00,36,1,2,3,4
10572135,2463,2447,426,188974,2024-01-20 14:30:00,18,0,4,13,4
8819697,1660,10529,346,188096,2023-01-31 19:45:00,29,1,0,13,2
6589520,1613,1631,364,186810,2021-01-03 14:15:00,17,1,2,3,6
7536082,674,700,795,187526,2022-04-03 16:30:00,30,0,0,4,3
7485382,1624,1630,364,187475,2021-11-21 16:30:00,12,2,1,4,8
6425332,3788,3787,412,186243,2020-11-29 14:00:00,12,0,1,2,4
8786313,3775,3774,412,188122,2023-05-06 15:00:00,34,2,1,4,7
6425537,3802,19830,412,186243,2021-05-09 15:05:00,36,0,1,3,3
6185156,5648,5659,255,186667,2021-01-24 23:30:00,32,2,0,2,1
8786333,3770,3787,412,188122,2023-05-20 15:00:00,36,0,3,10,6
8777105,1630,1624,364,188095,2023-05-28 15:30:00,38,1,4,12,3
7518021,3770,3777,412,187374,2021-08-15 13:00:00,2,2,0,6,6
10518980,1626,10531,346,188987,2024-04-27 14:00:00,45,2,2,12,6
6594240,1637,1663,346,186333,2020-09-19 14:00:00,2,2,0,6,5
9967446,5638,5643,255,188756,2023-05-28,8,2,1,11,5
10480146,1610,1651,364,188989,2023-12-03 14:00:00,14,3,2,5,8
6593813,1618,1637,346,186333,2021-03-17 19:45:00,37,2,1,3,2
10521414,700,686,795,189012,2024-04-28 12:00:00,33,1,1,3,1
7246085,5650,5638,255,187168,2021-08-29 19:00:00,18,1,1,3,8
7512140,1673,1647,346,187482,2022-02-02 19:45:00,30,2,0,4,3
6593845,1644,1678,346,186333,2021-03-03 19:00:00,34,2,0,3,3
11340306,5663,5646,255,188756,2023-11-26 21:30:00,35,2,2,4,7
6639634,3315,3185,524,186353,2020-10-23 18:45:00,5,3,3,6,8
7245992,5638,5656,255,187168,2021-10-18 23:00:00,27,1,0,6,5
10567287,3780,3766,412,189971,2024-03-15 20:00:00,26,2,3,5,3
8341326,5707,5650,255,187965,2022-08-13 23:30:00,22,1,0,5,4
7606702,3157,3178,524,187528,2022-03-12 19:45:00,29,1,0,5,4
6593795,1659,1620,346,186333,2021-04-02 14:00:00,39,3,1,6,6
10518597,1627,1643,346,188987,2024-04-10 19:00:00,42,2,0,4,5
7517711,3772,3795,412,187374,2022-03-06 14:00:00,27,0,2,6,2
8819640,1646,1618,346,188096,2022-12-27 20:00:00,24,3,0,1,1
8823168,682,692,795,188124,2023-04-30 14:15:00,32,3,1,4,9
7512400,1660,1636,346,187482,2021-08-28 14:00:00,5,0,0,2,6
7606777,3159,3187,524,187528,2022-01-06 19:45:00,20,1,1,4,3
7516842,2453,2463,426,187511,2021-09-11 13:30:00,4,1,1,4,2
10567084,3802,3788,412,189971,2023-10-28 15:00:00,10,1,0,4,4
10567262,3788,3793,412,189971,2024-01-28 14:00:00,19,3,3,1,4
6594141,1626,1638,346,186333,2020-11-03 19:00:00,10,0,0,8,2
8823335,692,679,795,188124,2023-02-12 15:15:00,21,0,1,7,5
10607604,3172,3193,524,188994,2023-10-22 16:00:00,9,2,0,8,4
6542931,2459,2457,426,186265,2021-01-10 17:00:00,15,1,0,8,3
7516621,2454,2460,426,187511,2022-04-03 15:30:00,28,1,1,3,7
10607832,3187,3194,524,188994,2024-02-04 14:00:00,23,2,1,9,2
6542888,2500,2454,426,186265,2021-01-30 14:30:00,19,1,1,2,9
11932970,5648,5638,255,189744,2024-09-01 21:30:00,25,2,0,5,4
8785896,3775,3803,412,188122,2022-11-06 14:00:00,14,1,0,2,6
8819482,1637,1673,346,188096,2022-10-01 14:00:00,12,3,1,5,1
6593861,1660,1666,346,186333,2021-02-27 15:00:00,33,3,2,7,7
7485285,1629,1612,364,187475,2021-12-04 15:00:00,15,0,1,2,8
8785090,2463,2482,426,188082,2022-10-30 18:30:00,12,1,1,5,4
10518315,1641,1621,346,188987,2024-02-17 15:00:00,33,2,2,7,3
6425480,3773,3771,412,186243,2021-02-03 20:00:00,23,2,2,8,4
6425486,3787,3773,412,186243,2021-01-30 16:00:00,22,1,2,12,3
8785004,2444,2454,426,188082,2022-08-27 16:30:00,4,1,1,14,1
7606763,3178,3315,524,187528,2022-01-09 13:30:00,21,1,5,5,5
6184867,5646,5643,255,186667,2020-08-16 00:30:00,3,1,1,6,2
8826962,3172,3158,524,188160,2023-04-24 18:45:00,31,3,1,3,4
7485134,1623,1610,364,187475,2022-05-01 13:00:00,35,1,0,3,8
6594101,1640,10529,346,186333,2020-11-25 19:45:00,13,1,0,3,5
6593951,1659,1666,346,186333,2021-02-02 19:00:00,26,1,2,7,5
7516614,2500,2463,426,187511,2022-04-01 18:30:00,28,1,0,2,4
7536237,691,675,795,187526,2021-10-03 14:15:00,8,2,1,2,8
6184866,5657,5638,255,186667,2020-08-16 19:00:00,3,2,1,3,4
10572010,2454,2446,426,188974,2023-08-26 16:30:00,2,0,3,5,8
9967618,5644,5660,255,188756,2023-10-29 21:30:00,30,3,4,5,1
10572014,2460,2462,426,188974,2023-08-27 13:30:00,2,1,1,5,4
8786135,3780,3776,412,188122,2023-03-18 16:00:00,28,0,2,12,8
10572063,2481,2448,426,188974,2023-09-02 13:30:00,3,2,2,NA,NA
8819554,1655,10531,346,188096,2022-10-29 11:00:00,18,1,1,7,11
7606832,3163,3193,524,187528,2021-11-28 11:30:00,14,0,0,8,1
6589463,1633,1611,364,186810,2020-12-05 17:30:00,11,1,3,5,4
7245912,5669,5673,255,187168,2021-12-05 22:00:00,37,0,0,7,3
8776994,1614,1628,364,188095,2023-03-04 15:00:00,26,1,0,2,4
10572062,2658,2443,426,188974,2023-09-17 13:30:00,4,4,2,10,1
10517785,1626,1641,346,188987,2023-12-09 15:00:00,20,0,0,10,1
10567128,19830,3787,412,189971,2023-12-03 14:00:00,14,2,0,8,2
7606681,3158,3172,524,187528,2022-03-05 17:00:00,28,1,0,6,3
6632844,700,681,795,186267,2020-09-12 19:00:00,1,0,2,6,2
7606670,3158,3162,524,187528,2022-03-20 17:00:00,30,3,0,6,3
6594174,1650,1618,346,186333,2020-10-24 14:00:00,7,0,0,3,3
8785921,3799,3788,412,188122,2023-01-01 14:00:00,17,1,2,7,7
11933042,5812,5653,255,189744,2024-11-07,32,1,0,4,7
7536142,681,682,795,187526,2022-03-05 13:00:00,27,1,0,6,8
8826728,3176,3162,524,188160,2022-10-10 18:45:00,9,0,4,9,2
8341184,5812,5650,255,187965,2022-06-19 21:00:00,13,3,1,7,2
11933018,5640,5677,255,189744,2024-10-19 00:30:00,30,1,1,6,7
6632707,684,700,795,186267,2020-12-23 21:00:00,15,1,0,5,5
7536230,846,679,795,187526,2021-12-22 18:00:00,9,2,1,2,7
7606689,3163,3162,524,187528,2022-02-20 19:45:00,26,1,1,2,12
8776927,1629,1633,364,188095,2023-01-14 15:00:00,20,1,0,5,3
6639430,3164,3173,524,186353,2021-03-07 17:00:00,26,2,2,3,5
9967466,5673,5646,255,188756,2023-07-30 19:00:00,17,1,4,5,4
10572129,2460,2451,426,188974,2024-01-13 14:30:00,17,1,1,7,3
8819456,1621,1644,346,188096,2022-09-13 18:45:00,10,2,0,9,5
9967548,5651,5640,255,188756,2023-07-29 19:00:00,17,3,3,7,5
6639625,3163,3157,524,186353,2020-11-01 11:30:00,6,1,2,2,4
8785187,2453,2445,426,188082,2023-02-11 14:30:00,20,2,1,4,3
10607713,3176,3193,524,188994,2024-04-15 16:30:00,32,1,1,6,2
8341127,5685,5656,255,187965,2022-05-08 21:00:00,5,0,1,1,1
7512160,10531,1616,346,187482,2022-03-08 19:45:00,26,1,5,2,5
8785027,2462,2975,426,188082,2022-09-03 16:30:00,5,4,0,4,3
6593848,1626,1669,346,186333,2021-03-03 17:30:00,34,1,0,2,1
8819539,1650,10529,346,188096,2022-10-19 18:45:00,16,3,0,5,2
6593982,1641,1642,346,186333,2021-01-02 15:00:00,23,0,1,6,7
7485163,1614,1624,364,187475,2022-04-09 16:30:00,32,0,4,9,3
8341343,5655,5643,255,187965,2022-09-05 23:00:00,25,1,2,13,2
8341414,5685,5643,255,187965,2022-09-18 14:00:00,27,1,1,5,2
6639580,3197,3205,524,186353,2020-12-12 14:00:00,11,4,1,1,4
10567010,3770,19830,412,189971,2023-08-25 19:00:00,3,3,3,1,10
8819900,1638,1621,346,188096,2023-05-08 14:00:00,46,3,4,3,6
10517494,1626,1631,346,188987,2023-09-20 19:00:00,7,0,2,10,1
10521432,687,681,795,189012,2024-02-10 15:15:00,24,0,1,7,4
9967507,5651,5646,255,188756,2023-07-02 19:00:00,13,2,2,7,2
6593718,1626,1637,346,186333,2021-05-01 14:00:00,45,4,1,5,2
8819682,1641,1640,346,188096,2023-02-28 19:45:00,29,0,0,4,2
10521228,756,696,795,189012,2023-12-18 20:00:00,17,3,0,3,2
7606795,3157,3187,524,187528,2021-12-19 19:45:00,18,0,1,5,5
10517501,1643,1626,346,188987,2023-09-02 14:00:00,5,2,1,2,6
10517495,1630,1644,346,188987,2023-09-23 14:00:00,8,3,0,8,1
10567121,3779,3793,412,189971,2023-12-10 14:00:00,15,2,1,4,3
8826864,3192,3159,524,188160,2023-02-07 19:45:00,21,0,3,6,3
8341206,5646,5659,255,187965,2022-06-09 22:00:00,10,4,0,7,4
8823084,684,690,795,188124,2023-02-18 15:15:00,22,2,1,4,6
8785298,2449,2463,426,188082,2023-01-29 14:30:00,18,0,0,7,7
7517744,3773,3766,412,187374,2022-02-19 16:00:00,25,1,1,4,4
10521252,678,714,795,189012,2023-12-20 20:30:00,18,1,0,5,2
10572090,2448,2460,426,188974,2023-10-27 18:30:00,9,2,2,5,4
6184845,5654,5653,255,186667,2020-08-09 19:00:00,1,0,1,9,2
10480222,1646,1612,364,188989,2023-12-26 17:30:00,19,0,2,4,4
6639410,3197,3166,524,186353,2021-03-20 14:00:00,28,2,3,10,3
10572223,2975,2451,426,188974,2024-04-13 13:30:00,29,3,0,6,4
7536039,681,696,795,187526,2022-04-10 12:00:00,31,1,0,7,3
7517888,19830,3777,412,187374,2021-12-05 14:00:00,17,4,0,5,4
7536127,687,696,795,187526,2022-03-13 17:30:00,28,1,0,6,4
10567085,3766,3797,412,189971,2023-10-22 18:45:00,9,1,2,10,3
10521108,700,708,795,189012,2023-08-26 17:00:00,3,1,1,7,3
10480186,1636,1611,364,188989,2023-10-21 19:00:00,9,1,2,5,4
8823206,680,675,795,188124,2023-05-27 17:00:00,37,1,2,1,1
6542893,2444,2482,426,186265,2021-01-30 14:30:00,19,4,1,10,4
8785113,2481,2462,426,188082,2022-11-05 14:30:00,13,1,2,3,7
7246099,5650,5656,255,187168,2021-12-10 00:30:00,38,1,0,11,4
8819747,1640,1632,346,188096,2023-02-25 12:30:00,34,2,1,4,7
8827037,3185,3161,524,188160,2023-06-03 16:30:00,38,0,1,6,4
6589479,1636,1611,364,186810,2020-12-17 20:00:00,13,2,3,6,3
6639536,3160,3185,524,186353,2021-01-03 14:00:00,15,0,3,9,3
6425261,3773,3779,412,186243,2021-01-09 20:00:00,19,0,1,4,4
7517790,3766,3797,412,187374,2021-08-22 11:00:00,3,3,3,5,8
6185023,5669,5660,255,186667,2020-10-24 22:00:00,18,2,1,5,8
8341456,5646,5666,255,187965,2022-10-23,33,3,0,9,7
7516729,2447,2457,426,187511,2022-05-14 13:30:00,34,2,1,3,1
7536180,680,702,795,187526,2022-02-11 20:00:00,24,2,0,5,4
11932948,5650,5659,255,189744,2024-08-11 14:00:00,22,3,2,6,12
7536324,698,675,795,187526,2022-01-02 13:00:00,19,1,0,2,9
11293428,1618,1631,346,188987,2023-12-18 20:00:00,22,2,3,3,2
7535902,687,713,795,187526,2021-08-22 15:00:00,2,1,0,5,4
7485257,1623,1651,364,187475,2022-01-02 14:00:00,21,2,3,8,5
6593824,1642,1637,346,186333,2021-03-13 15:00:00,36,1,1,4,6
10567125,3773,3766,412,189971,2023-12-02 16:00:00,14,3,2,3,6
8341366,5648,5707,255,187965,2022-08-07 19:00:00,21,1,0,10,6
11933083,5707,5677,255,189744,2024-11-30 22:30:00,36,1,2,3,4
6639622,3219,3205,524,186353,2020-11-07 17:00:00,7,0,3,2,4
6184955,5648,5660,255,186667,2020-09-28 23:00:00,12,4,0,5,4
10607641,3192,3157,524,188994,2023-12-22 19:45:00,17,2,2,6,6
8776801,1659,1669,364,188095,2022-10-01 14:00:00,9,0,0,7,8
7606953,3172,3166,524,187528,2021-08-28 16:30:00,2,0,0,5,5
8776757,1624,1629,364,188095,2022-08-20 11:30:00,3,1,0,8,6
9967565,5643,5677,255,188756,2023-10-07 19:00:00,26,4,6,6,4
8634702,1642,1636,346,187482,2022-05-17 18:45:00,2,1,2,6,8
8826771,3205,3176,524,188160,2022-10-30 14:00:00,12,1,2,5,5
11933023,5649,5812,255,189744,2024-10-26 19:30:00,31,3,1,4,3
10517518,1638,1630,346,188987,2023-09-17 11:00:00,6,0,3,8,8
8826841,3236,3315,524,188160,2023-01-22 14:00:00,19,1,1,10,4
10480413,1651,1628,364,188989,2024-02-03 15:00:00,23,4,1,3,2
10521332,756,681,795,189012,2024-03-09 20:00:00,28,2,0,5,7
8785239,2448,2445,426,188082,2023-04-09 15:30:00,27,2,3,7,4
10567201,3773,3787,412,189971,2024-05-19 19:00:00,34,2,2,1,0
6542782,2454,2459,426,186265,2021-04-25 16:00:00,31,5,0,4,1
6593713,10531,1647,346,186333,2021-05-01 14:00:00,45,2,1,4,6
8341149,5655,5669,255,187965,2022-05-21 21:30:00,7,0,0,6,2
11932886,5641,5648,255,189744,2024-07-11 23:00:00,16,1,1,2,5
7536015,684,676,795,187526,2022-05-07 19:00:00,35,1,2,4,8
10521240,682,687,795,189012,2023-12-09 17:30:00,16,0,3,5,3
7536073,676,680,795,187526,2022-04-03 19:00:00,30,1,0,9,2
10480072,1611,1629,364,188989,2023-08-14 19:00:00,1,1,0,8,7
10566992,3771,3803,412,189971,2023-08-26 17:00:00,3,2,0,3,10
7511935,1640,1673,346,187482,2022-04-30 14:00:00,45,1,2,10,3
7512210,10529,1636,346,187482,2021-12-04 15:00:00,21,2,3,5,2
8786337,3788,3773,412,188122,2023-05-21 15:00:00,36,1,3,3,5
7485186,1629,1628,364,187475,2022-03-05 15:00:00,28,0,2,7,7
10517639,10531,1626,346,188987,2023-10-04 18:45:00,10,2,1,8,7
10480405,1609,1613,364,188989,2024-02-24 20:00:00,26,4,1,9,0
6632575,692,675,795,186267,2021-03-20 15:15:00,28,1,3,1,7
7246283,5653,5663,255,187168,2021-05-30 14:00:00,1,1,2,5,4
6589386,1623,1651,364,186810,2020-10-03 14:00:00,4,4,2,3,10
8826788,3235,3157,524,188160,2022-11-08 19:45:00,14,0,0,2,4
7485446,1651,1631,364,187475,2021-09-19 13:00:00,5,2,1,4,9
7606966,3173,3193,524,187528,2021-09-12 13:00:00,3,2,3,2,6
6543004,2445,2462,426,186265,2020-11-07 14:30:00,7,2,2,10,8
8819715,1627,1635,346,188096,2023-03-07 20:00:00,29,1,0,1,2
6594259,1663,1660,346,186333,2020-09-12 14:00:00,1,0,1,5,6
8341238,5669,5660,255,187965,2022-06-04 22:00:00,9,1,1,5,6
8777078,1609,1651,364,188095,2023-05-14 15:30:00,36,0,3,5,2
8786350,3770,3799,412,188122,2023-06-03 19:00:00,38,1,0,8,1
6589453,1633,1614,364,186810,2020-11-30 20:00:00,10,2,1,3,7
8777095,1612,1614,364,188095,2023-05-20 14:00:00,37,1,1,9,3
6639672,3173,3162,524,186353,2020-09-26 16:00:00,2,0,2,3,6
6542990,2451,2443,426,186265,2020-11-27 19:30:00,9,5,3,0,5
10517612,1650,1640,346,188987,2023-09-30 14:00:00,9,1,3,4,5
10567056,3788,3773,412,189971,2023-11-04 16:00:00,11,0,0,1,5
6593760,1678,1660,346,186333,2021-04-10 14:00:00,41,1,3,4,3
10517788,1655,1626,346,188987,2023-12-03 13:30:00,19,1,2,6,6
8341233,5812,5666,255,187965,2022-06-08 23:30:00,10,2,1,8,6
7606643,3176,3178,524,187528,2022-04-03 10:30:00,31,1,0,5,0
8827036,3315,3176,524,188160,2023-06-02 18:30:00,38,1,3,2,4
10607631,3162,3254,524,188994,2023-12-29 19:45:00,18,3,1,6,2
6425410,3776,3813,412,186243,2021-03-21 16:05:00,30,1,2,8,0
8785977,3799,3769,412,188122,2023-02-12 14:00:00,23,1,1,6,4
7485258,1626,1623,364,187475,2022-01-15 15:00:00,22,2,1,8,8
10521266,708,684,795,189012,2023-12-03 15:15:00,15,0,0,4,6
7516632,2448,2975,426,187511,2022-02-27 14:30:00,24,0,1,5,0
12337157,5650,5657,255,189744,2024-06-19 23:00:00,10,2,0,5,4
8826943,3168,3164,524,188160,2023-04-16 10:30:00,30,1,1,11,8
10521264,675,846,795,189012,2023-12-02 17:30:00,15,2,0,6,0
7512126,1664,1655,346,187482,2022-02-05 15:00:00,30,3,1,6,4
7485367,1628,1629,364,187475,2021-11-06 15:00:00,11,2,0,4,6
7512141,1641,1618,346,187482,2022-01-15 15:00:00,27,1,1,7,7
8785244,2449,2446,426,188082,2023-04-01 13:30:00,26,0,3,7,5
7535991,675,695,795,187526,2022-05-12 19:30:00,36,6,0,6,6
7536322,700,680,795,187526,2022-01-03 20:15:00,19,0,1,2,8
10607806,3178,3193,524,188994,2024-02-03 14:00:00,23,0,0,6,6
10517852,1618,1634,346,188987,2023-11-04 15:00:00,15,2,2,7,8
8785314,2447,2454,426,188082,2023-05-13 16:30:00,32,5,2,10,4
10607659,3163,3194,524,188994,2023-12-03 14:00:00,14,3,3,5,3
10521424,681,682,795,189012,2024-05-25 12:00:00,38,1,1,6,4
8819351,1641,1672,346,188096,2022-08-06 14:00:00,2,0,0,4,1
10521210,692,698,795,189012,2023-10-08 16:30:00,9,2,2,13,1
7517903,3788,3803,412,187374,2021-11-07 14:00:00,13,1,2,3,6
9967604,5648,5640,255,188756,2023-09-21 00:30:00,24,1,0,7,3
7485313,1644,1631,364,187475,2022-05-15 13:00:00,37,1,5,7,3
11873041,5656,5648,255,189744,2024-04-28 19:00:00,4,3,0,6,8
6425283,3799,3771,412,186243,2020-12-23 20:00:00,17,2,1,2,8
7536084,846,713,795,187526,2022-04-03 16:30:00,30,2,2,5,4
8341500,5643,5638,255,187965,2022-11-13 19:00:00,38,0,4,3,4
6632775,692,687,795,186267,2020-11-01 15:00:00,8,1,4,2,3
8819783,1635,1618,346,188096,2023-03-04 15:00:00,35,1,1,2,1
7516815,2451,2453,426,187511,2021-10-23 13:30:00,9,0,2,7,1
7535898,678,676,795,187526,2021-08-21 20:00:00,2,1,1,13,2
8785134,2454,2482,426,188082,2022-08-06 13:30:00,1,3,1,5,1
6632535,802,698,795,186267,2021-04-25 12:00:00,32,0,2,1,0
6632548,696,682,795,186267,2021-04-21 19:00:00,31,2,1,3,8
8341177,5656,5666,255,187965,2022-04-16 22:00:00,2,3,0,7,2
6639506,3164,3163,524,186353,2021-01-16 19:45:00,18,2,1,11,5
7511922,1627,1663,346,187482,2022-05-07 11:30:00,46,4,0,6,1
11261196,5677,5707,255,188756,2023-11-09 23:00:00,33,0,3,7,4
7517949,3799,3771,412,187374,2021-09-22 19:00:00,7,0,0,4,2
7512002,10531,1618,346,187482,2022-03-19 15:00:00,39,0,0,1,6
7536201,691,676,795,187526,2022-02-13 20:00:00,24,2,2,3,5
6184957,5646,5654,255,186667,2020-09-27 19:00:00,12,1,1,5,4
7485394,1611,1609,364,187475,2021-12-02 20:15:00,14,3,2,3,8
7245925,5654,5669,255,187168,2021-11-30 23:00:00,36,2,1,8,6
7245940,5653,5650,255,187168,2021-11-20 22:00:00,34,2,0,5,1
8827033,3163,3159,524,188160,2023-06-04 19:00:00,38,0,1,6,14
12337156,5654,5677,255,189744,2024-06-20 23:00:00,10,2,1,6,2
7536038,695,676,795,187526,2022-04-10 19:00:00,31,2,3,4,3
7606620,3157,3176,524,187528,2022-05-01 13:00:00,35,1,0,2,2
6185091,5646,5677,255,186667,2020-12-12 22:00:00,25,3,0,8,7
8823022,702,756,795,188124,2022-11-08 18:00:00,14,1,2,2,5
10521466,674,698,795,189012,2024-03-09 13:00:00,28,1,0,5,5
7606817,3191,3162,524,187528,2021-12-22 15:30:00,19,1,3,4,4
10480407,1646,1616,364,188989,2024-02-03 15:00:00,23,2,2,2,13
8341313,5648,5663,255,187965,2022-09-10 22:00:00,26,2,1,5,6
7245916,5653,5648,255,187168,2021-11-28 19:00:00,36,2,1,7,3
10572068,2443,2460,426,188974,2023-09-02 13:30:00,3,4,0,1,7
6594105,1650,1643,346,186333,2020-11-24 19:00:00,13,3,2,5,4
7518026,3782,3788,412,187374,2021-08-08 13:00:00,1,1,1,8,4
8826709,3236,3159,524,188160,2022-09-18 13:00:00,7,1,0,5,3
6184895,5648,5657,255,186667,2020-08-29 22:00:00,6,2,1,2,4
7516592,2459,2457,426,187511,2022-04-30 13:30:00,32,1,1,2,6
7536226,700,696,795,187526,2021-10-23 14:15:00,10,0,2,14,3
9967689,5677,5648,255,188756,2023-10-31 22:00:00,31,1,0,2,4
9967537,5640,5656,255,188756,2023-08-20,20,1,1,10,3
6632588,696,700,795,186267,2021-03-13 13:00:00,27,1,1,2,5
10521451,700,674,795,189012,2024-01-14 15:15:00,20,1,4,3,1
8785803,3770,3767,412,188122,2022-09-03 19:00:00,6,0,3,1,7
7485473,1628,1624,364,187475,2021-09-11 11:30:00,4,3,0,8,2
10518691,1621,1634,346,188987,2024-03-29 17:30:00,39,0,1,9,1
6593873,1659,10529,346,186333,2021-02-24 19:45:00,32,1,2,4,5
10607812,3172,3254,524,188994,2024-01-15 19:45:00,20,5,0,8,2
7246162,5649,5673,255,187168,2021-07-24 20:00:00,13,1,1,8,5
8823035,684,678,795,188124,2022-12-29 18:15:00,15,0,0,2,7
11932966,5642,5657,255,189744,2024-09-01 21:30:00,25,0,1,10,3
7606905,3163,3194,524,187528,2021-10-27 16:30:00,10,1,1,7,4
7535896,681,692,795,187526,2021-08-23 20:00:00,2,0,0,1,2
7512289,1650,1673,346,187482,2021-11-24 19:45:00,19,1,0,9,4
11932866,5644,5657,255,189744,2024-07-07 21:00:00,15,1,2,4,4
6639327,3176,3162,524,186353,2021-05-08 18:45:00,35,2,0,5,7
7246113,5638,5650,255,187168,2021-12-06 22:00:00,37,3,1,7,6
6589527,1616,1611,364,186810,2021-01-20 20:15:00,18,1,2,2,8
10518674,1638,1627,346,188987,2024-03-29 13:00:00,39,1,1,6,4
7512067,1640,1641,346,187482,2022-02-26 15:00:00,35,1,1,4,8
10607587,3192,3187,524,188994,2023-11-04 14:00:00,11,0,2,8,9
6632655,692,701,795,186267,2021-01-24 17:30:00,20,1,1,0,6
7485116,1644,1646,364,187475,2022-04-30 14:00:00,35,1,2,999,999
10567221,3787,19830,412,189971,2024-05-12 19:00:00,33,0,2,3,3
8826979,3236,3158,524,188160,2023-05-03 19:00:00,33,1,1,4,3
6425499,3777,3770,412,186243,2021-01-24 14:00:00,21,2,0,4,6
7606963,3178,3164,524,187528,2021-09-19 10:30:00,4,0,3,7,8
6589580,1612,1625,364,186810,2021-02-07 16:30:00,23,1,4,6,1
8777054,1669,1642,364,188095,2023-04-29 14:00:00,34,2,1,6,0
7516697,2469,2460,426,187511,2022-01-22 14:30:00,20,2,1,7,8
8819433,1618,10531,346,188096,2022-11-08 19:45:00,9,2,2,12,1
11933030,5646,5663,255,189744,2024-10-26 19:30:00,31,2,2,3,3
8341398,5669,5707,255,187965,2022-10-16 19:00:00,32,1,1,10,7
10607616,3168,3254,524,188994,2023-12-16 14:00:00,16,2,1,5,4
8776731,1633,1625,364,188095,2022-08-07 15:30:00,1,0,2,1,4
6589589,1628,1646,364,186810,2021-02-13 15:00:00,24,0,3,7,4
7606887,3178,3161,524,187528,2021-10-27 18:45:00,10,0,2,5,6
7512314,10531,1627,346,187482,2021-10-20 18:45:00,13,2,1,5,3
6639604,3194,3315,524,186353,2020-11-22 14:00:00,8,0,2,6,1
8341121,5650,5685,255,187965,2022-04-11 23:00:00,1,2,2,5,4
6425231,19830,3802,412,186243,2020-08-23 11:00:00,1,2,2,8,1
7535967,691,674,795,187526,2022-05-14 16:30:00,37,1,1,2,3
11932843,5653,5812,255,189744,2024-06-30 14:00:00,13,1,1,5,7
9967499,5707,5659,255,188756,2023-06-22 23:00:00,11,0,1,6,2
6425426,3770,3802,412,186243,2021-03-03 20:00:00,28,1,2,6,3
6593910,1673,1678,346,186333,2021-02-13 15:00:00,29,2,3,2,2
7511910,1642,1659,346,187482,2021-08-14 14:00:00,2,1,2,6,4
6593887,1638,1678,346,186333,2021-02-20 15:00:00,31,0,0,2,0
7517983,3802,3767,412,187374,2021-08-29 18:45:00,4,0,2,3,3
10480373,1646,1642,364,188989,2024-05-19 15:00:00,38,1,2,4,3
7512303,1642,1616,346,187482,2021-10-24 14:00:00,14,0,4,5,1
6593803,1673,1659,346,186333,2021-04-13 16:30:00,38,1,2,6,5
10517614,1630,1655,346,188987,2023-10-07 14:00:00,11,2,1,8,7
10572125,2658,2447,426,188974,2024-02-02 19:30:00,20,0,0,4,6
7517751,3799,3795,412,187374,2022-01-23 14:00:00,22,2,1,3,3
7485255,1669,1629,364,187475,2022-01-22 15:00:00,23,1,2,6,3
7606974,3161,3193,524,187528,2021-08-21 16:30:00,1,4,0,8,2
7516583,2482,2453,426,187511,2022-04-30 16:30:00,32,3,4,4,5
6542858,2459,2451,426,186265,2021-02-19 19:30:00,22,0,3,3,8
10607747,3194,3185,524,188994,2024-05-12 13:00:00,36,1,2,7,4
7246061,5638,5812,255,187168,2021-09-19 19:00:00,21,2,1,8,6
10566979,3776,3770,412,189971,2023-08-20 11:00:00,2,2,0,7,5
10517524,1634,10529,346,188987,2023-09-02 14:00:00,5,3,2,6,3
8822978,682,681,795,188124,2022-10-17 19:00:00,9,2,0,8,4
8823145,686,678,795,188124,2023-05-01 17:00:00,32,1,1,5,7
7246112,5644,5812,255,187168,2021-12-06 23:00:00,37,1,2,11,3
8826970,3163,3235,524,188160,2023-04-23 13:00:00,31,3,0,3,8
8819496,1635,1637,346,188096,2022-09-17 14:00:00,11,0,1,2,3
9967387,5654,5656,255,188756,2023-05-21 19:00:00,7,1,0,6,9
10518419,10529,1641,346,188987,2024-02-10 15:00:00,31,0,2,4,0
8341455,5663,5660,255,187965,2022-10-27 22:00:00,34,3,1,3,3
7485203,1633,1613,364,187475,2022-02-19 12:30:00,26,1,1,4,7
9967371,5657,5655,255,188756,2023-05-14 19:00:00,6,0,1,14,1
7245935,5651,5653,255,187168,2021-11-16 19:00:00,33,0,1,3,6
7485114,1611,1669,364,187475,2022-05-02 19:00:00,35,3,0,3,8
8785012,2453,2447,426,188082,2022-08-12 18:30:00,2,1,3,9,2
10572031,2447,2443,426,188974,2023-10-20 18:30:00,8,1,0,10,4
10567029,3777,3802,412,189971,2023-09-03 13:00:00,4,2,2,4,1
10572296,2446,2445,426,188974,2024-04-27 16:30:00,31,2,2,5,2
10517607,1631,1639,346,188987,2023-10-07 14:00:00,11,2,0,4,4
8341165,5644,5666,255,187965,2022-05-01 22:00:00,4,0,0,18,2
6425482,3772,3776,412,186243,2021-02-03 18:00:00,23,0,3,1,2
8826993,3168,3194,524,188160,2023-05-07 18:45:00,34,0,1,4,4
7536061,679,674,795,187526,2022-01-22 20:00:00,22,3,2,5,4
6639629,3158,3176,524,186353,2020-11-01 17:00:00,6,2,0,7,4
9967484,5677,5649,255,188756,2023-07-01 21:30:00,13,1,2,7,2
6184959,5653,5649,255,186667,2020-09-27,12,3,1,9,4
10607779,3172,3178,524,188994,2024-04-28 16:00:00,34,2,0,8,1
8777062,1610,1669,364,188095,2023-04-26 18:45:00,33,0,2,5,2
7536268,681,687,795,187526,2021-11-07 17:30:00,13,0,2,5,2
10517826,1634,10531,346,188987,2023-11-11 15:00:00,16,3,2,6,2
8776919,1619,1642,364,188095,2023-01-04 19:30:00,19,0,1,6,2
10607561,3168,3185,524,188994,2023-10-28 16:00:00,10,0,1,3,0
6593948,1640,1642,346,186333,2021-02-02 19:00:00,26,1,2,6,5
11873114,5657,5642,255,189744,2024-05-12 21:30:00,6,2,1,4,4
8786183,3776,3797,412,188122,2023-02-01 18:00:00,21,0,0,8,3
10567031,3770,3771,412,189971,2023-09-01 19:00:00,4,1,1,2,7
6632826,676,682,795,186267,2020-09-27 19:00:00,3,4,0,8,4
8341205,5638,5673,255,187965,2022-06-12 19:00:00,11,1,0,2,4
6589564,1633,1612,364,186810,2021-01-31 16:30:00,21,1,3,6,4
8777040,1612,1609,364,188095,2023-04-09 15:30:00,30,2,2,5,4
6185158,5656,5685,255,186667,2021-01-25 23:00:00,32,0,2,8,3
7516865,2500,2454,426,187511,2021-08-29 13:30:00,3,2,1,4,8
6184995,5654,5685,255,186667,2020-10-15 23:00:00,16,1,1,5,1
6632506,690,684,795,186267,2021-05-02 12:00:00,34,1,1,3,2
8826822,3166,3172,524,188160,2023-01-09 19:45:00,17,1,2,4,0
6594191,1638,1660,346,186333,2020-10-20 18:45:00,6,2,0,8,3
10607676,3315,3172,524,188994,2023-08-20 16:30:00,1,0,2,7,7
8785194,2448,2482,426,188082,2023-02-04 14:30:00,19,5,2,6,6
11933038,5677,5638,255,189744,2024-11-06 00:30:00,32,0,3,10,3
10567037,3771,3780,412,189971,2023-09-17 15:05:00,5,0,0,6,1
10567290,3767,3793,412,189971,2024-04-27 19:00:00,31,3,3,11,2
7245938,5673,5812,255,187168,2021-11-17 22:00:00,33,0,0,2,5
7246234,5673,5650,255,187168,2021-06-24 19:00:00,6,1,1,8,3
6589494,1609,1610,364,186810,2020-12-26 17:30:00,15,3,1,7,9
8819402,1673,1627,346,188096,2022-08-27 14:00:00,6,2,2,6,4
8827012,3166,3187,524,188160,2023-05-28 13:00:00,37,2,2,4,4
8341401,5651,5663,255,187965,2022-10-05 22:30:00,30,1,1,13,4
7516581,2446,2975,426,187511,2022-04-17 17:30:00,30,0,1,7,1
6425324,3779,3774,412,186243,2020-11-27 20:00:00,12,1,1,2,7
8776970,1616,1609,364,188095,2023-03-12 14:00:00,27,0,3,4,8
7512003,1636,1663,346,187482,2022-03-19 12:30:00,39,2,0,7,6
8819472,1673,1635,346,188096,2022-09-13 18:45:00,10,1,2,4,5
6185032,5660,5812,255,186667,2020-10-31 22:00:00,19,1,0,0,12
9967525,5657,5653,255,188756,2023-08-20 14:00:00,20,1,0,3,7
8341371,5654,5644,255,187965,2022-10-06 00:30:00,30,0,0,11,3
7511902,1659,1627,346,187482,2021-08-06 18:45:00,1,2,2,4,8
6632528,696,802,795,186267,2021-04-18 14:15:00,33,1,0,7,3
7246265,5646,5656,255,187168,2021-06-12 22:00:00,3,1,1,4,4
8776772,1625,1628,364,188095,2022-08-27 14:00:00,4,4,2,6,1
7536269,680,696,795,187526,2021-11-20 15:15:00,14,2,2,5,2
8776820,1669,1651,364,188095,2022-10-14 19:00:00,11,2,0,2,11
6594226,1650,1620,346,186333,2020-09-26 14:00:00,3,1,1,7,5
6593958,1637,1640,346,186333,2021-01-19 18:00:00,25,3,0,0,5
8785767,3774,3788,412,188122,2022-08-07 15:05:00,1,0,1,7,2
10521218,684,681,795,189012,2023-10-29 13:00:00,11,2,1,6,3
7536151,678,698,795,187526,2022-03-18 20:00:00,29,1,1,8,2
6639326,3159,3157,524,186353,2021-05-09 18:45:00,35,0,3,8,2
6542875,2444,2459,426,186265,2021-02-15 19:30:00,21,3,3,5,2
6589354,1612,1630,364,186810,2020-09-12 16:30:00,1,4,3,9,0
10607575,3166,3162,524,188994,2023-11-03 19:45:00,11,1,0,2,6
7606785,3173,3191,524,187528,2021-10-01 18:45:00,7,1,1,2,4
9967616,5644,5655,255,188756,2023-10-22 19:00:00,28,7,1,3,6
8776845,1651,1642,364,188095,2022-10-18 18:30:00,12,0,0,9,1
10567196,3770,3779,412,189971,2024-03-16 16:00:00,26,1,3,4,5
9967595,5685,5649,255,188756,2023-09-15 00:30:00,23,2,0,5,1
8785097,2462,2446,426,188082,2022-10-15 13:30:00,10,5,1,7,1
7606863,3193,3157,524,187528,2021-12-01 19:45:00,15,0,3,2,6
10567247,3767,3803,412,189971,2024-01-28 19:45:00,19,2,2,7,0
7536339,686,692,795,187526,2021-12-10 20:00:00,17,0,0,7,4
8823137,679,708,795,188124,2023-04-16 16:30:00,29,2,1,9,2
7485234,1629,1609,364,187475,2022-02-10 19:45:00,24,0,1,7,4
6639356,3173,3158,524,186353,2021-04-25 16:00:00,33,3,2,4,10
10480231,1614,1636,364,188989,2023-12-22 20:00:00,18,1,1,9,1
12281104,5646,5657,255,189744,2024-06-14 00:30:00,8,2,0,10,6
7536064,682,678,795,187526,2022-04-09 16:30:00,31,1,1,7,2
8826990,3163,3164,524,188160,2023-05-08 16:30:00,34,2,0,7,3
7485462,1625,1609,364,187475,2021-08-28 11:30:00,3,5,0,14,0
6542757,2459,2482,426,186265,2021-05-15 13:30:00,33,1,1,10,4
10572193,2451,2445,426,188974,2024-03-02 17:30:00,24,2,3,5,4
10607567,3162,3158,524,188994,2023-11-12 17:00:00,12,0,0,4,1
7246240,5651,5812,255,187168,2021-06-20 21:15:00,5,2,1,4,3
7246188,5685,5707,255,187168,2021-07-07 21:00:00,10,1,1,4,6
8819414,1643,1618,346,188096,2022-08-27 14:00:00,6,2,0,7,2
10518974,1672,1634,346,188987,2024-04-27 19:00:00,45,3,3,6,8
10567071,3774,3802,412,189971,2023-11-26 16:05:00,13,3,1,1,8
8776784,1633,1613,364,188095,2023-04-05 19:00:00,7,1,5,7,6
7536021,674,695,795,187526,2022-04-30 16:30:00,34,1,1,1,7
7606950,3315,3164,524,187528,2021-08-29 16:30:00,2,0,0,8,6
8826685,3168,3178,524,188160,2022-08-28 18:45:00,3,1,1,3,5
7606610,3161,3178,524,187528,2022-05-06 16:45:00,36,4,2,15,2
7485422,1631,1611,364,187475,2021-10-16 14:00:00,8,4,2,4,3
11933088,5657,5653,255,189744,2024-12-04 22:00:00,37,2,0,3,6
7485370,1619,1614,364,187475,2021-11-05 20:00:00,11,1,0,10,8
6639442,3172,3197,524,186353,2021-03-03 19:45:00,25,5,1,4,3
8826946,3176,3172,524,188160,2023-04-17 18:45:00,30,1,1,5,1
10480271,1669,1611,364,188989,2024-03-30 20:00:00,30,1,1,14,3
7606840,3159,3193,524,187528,2021-12-05 19:45:00,16,2,0,5,1
7245967,5707,5819,255,187168,2021-11-05,31,0,0,6,2
8823117,713,756,795,188124,2023-03-18 15:15:00,26,2,2,3,5
7516795,2463,2446,426,187511,2021-10-24 13:30:00,9,2,2,6,6
9967607,5685,5707,255,188756,2023-08-27 14:00:00,21,2,0,10,4
6425565,3767,3782,412,186243,2021-04-18 11:00:00,33,3,2,13,3
7517787,3773,3802,412,187374,2021-10-01 19:00:00,9,2,0,5,3
11932974,5640,5638,255,189744,2024-09-15 21:30:00,26,0,1,7,7
7245989,5685,5638,255,187168,2021-10-24 21:15:00,28,1,0,3,5
8341510,5644,5651,255,187965,2022-11-06,36,2,0,10,5
6589390,1613,1646,364,186810,2020-10-03 19:00:00,4,3,1,3,4
6425453,3774,3782,412,186243,2021-02-14 14:00:00,25,0,2,7,1
10567180,3787,3767,412,189971,2024-03-17 19:45:00,26,2,6,7,4
7606652,3191,3164,524,187528,2022-03-20 11:30:00,30,0,2,3,4
11933012,5641,5812,255,189744,2024-10-03 22:00:00,29,2,0,7,6
6425416,3813,3787,412,186243,2021-03-14 12:00:00,29,1,1,5,7
10567241,3797,3803,412,189971,2024-02-11 14:00:00,21,1,1,2,4
7517656,3771,3770,412,187374,2022-04-20 19:00:00,33,3,2,7,3
9967642,5646,5655,255,188756,2023-10-08 19:00:00,26,1,2,6,2
8785891,3802,3769,412,188122,2022-10-23 13:00:00,12,2,1,8,2
10521290,846,708,795,189012,2024-02-18 15:15:00,25,1,1,10,4
7512453,1672,1647,346,187482,2021-08-18 18:45:00,3,0,1,5,3
10517820,10531,1632,346,188987,2023-11-04 15:00:00,15,0,0,2,8
10480114,1651,1659,364,188989,2023-09-24 13:00:00,6,3,1,4,4
10518578,1673,1621,346,188987,2023-12-26 15:00:00,24,3,0,6,4
8819428,1660,1636,346,188096,2022-08-26 19:00:00,6,1,1,4,9
6632684,698,690,795,186267,2021-01-02 17:30:00,17,0,1,5,9
6185013,5663,5646,255,186667,2020-10-18 23:30:00,17,2,0,1,7
6589716,1651,1625,364,186810,2021-05-18 18:00:00,37,3,2,5,3
8823086,686,682,795,188124,2023-02-18 17:30:00,22,4,2,4,4
6589578,1616,1633,364,186810,2021-02-06 17:30:00,23,0,0,7,3
10518149,1666,1650,346,188987,2023-12-16 15:00:00,22,2,1,8,3
10517616,1621,1631,346,188987,2023-10-01 11:00:00,9,1,4,5,6
10517462,1644,1649,346,188987,2023-08-12 14:00:00,2,0,0,12,3
10518029,1666,1640,346,188987,2024-01-20 15:00:00,28,1,2,6,7
6639590,3159,3185,524,186353,2020-12-05 17:00:00,10,2,1,13,1
8341499,5656,5653,255,187965,2022-11-13 19:00:00,38,0,1,5,4
7518037,3771,3772,412,187374,2021-08-15 18:45:00,2,2,2,3,4
7606932,3166,3194,524,187528,2021-09-13 18:45:00,3,1,0,6,2
6542838,2445,2459,426,186265,2021-05-22 13:30:00,34,0,2,3,6
8785299,2457,2445,426,188082,2023-05-06 13:30:00,31,2,1,3,5
7512325,1636,1664,346,187482,2021-10-30 14:00:00,15,0,1,4,4
8822933,676,713,795,188124,2022-08-13 19:00:00,1,0,0,8,0
9967571,5657,5663,255,188756,2023-10-19 00:30:00,27,1,0,6,6
6589662,1636,1609,364,186810,2021-04-11 18:00:00,31,0,3,2,4
7517879,3767,3770,412,187374,2021-11-20 16:00:00,14,3,1,4,3
7516718,2451,2463,426,187511,2021-12-14 19:30:00,16,2,3,9,5
7246172,5669,5651,255,187168,2021-07-17 20:00:00,12,1,0,5,5
7516631,2459,2481,426,187511,2022-03-04 19:30:00,25,0,1,6,1
8776863,1669,1629,364,188095,2022-10-29 14:00:00,14,1,1,3,6
10480289,1646,1669,364,188989,2024-03-16 15:00:00,29,2,1,5,4
7517716,3767,3774,412,187374,2022-02-11 20:00:00,24,1,0,5,3
8785923,3774,3780,412,188122,2022-11-12 20:00:00,15,2,1,4,4
7516857,2459,2462,426,187511,2021-08-28 13:30:00,3,1,1,4,4
9967638,5643,5685,255,188756,2023-11-02 21:00:00,31,0,2,10,7
6594069,1640,1643,346,186333,2020-12-05 15:00:00,16,3,1,5,6
6542761,2457,2463,426,186265,2021-05-15 13:30:00,33,0,0,1,5
7485246,1619,1625,364,187475,2022-01-22 17:30:00,23,1,1,2,11
8826801,3194,3205,524,188160,2022-11-13 14:00:00,15,1,2,2,10
7536276,700,686,795,187526,2021-10-31 13:00:00,12,1,1,6,5
6425264,3779,3813,412,186243,2021-01-06 18:00:00,18,5,0,10,5
6593802,1638,1620,346,186333,2021-03-20 15:00:00,38,1,0,7,11
7536029,691,679,795,187526,2021-09-12 12:00:00,4,1,2,6,3
6593707,10529,1643,346,186333,2021-05-08 11:30:00,46,1,1,6,4
9967485,5656,5657,255,188756,2023-07-29 21:30:00,17,3,1,0,6
6425400,3773,3766,412,186243,2021-04-03 19:00:00,31,1,1,2,5
7512291,1672,1618,346,187482,2021-11-20 15:00:00,18,2,0,10,2
6632703,687,679,795,186267,2020-12-22 18:45:00,15,0,2,5,5
8776849,1624,1613,364,188095,2022-10-23 15:30:00,13,1,2,6,7
10607805,3157,3187,524,188994,2024-02-11 19:45:00,24,1,0,1,2
6593700,1644,10531,346,186333,2021-05-08 11:30:00,46,2,0,3,8
10480429,1629,1616,364,188989,2024-03-09 15:00:00,28,2,1,3,4
9967428,5685,5643,255,188756,2023-06-25 21:30:00,12,2,0,10,4
6594167,1669,1626,346,186333,2020-10-27 19:45:00,8,1,1,3,3
10518035,1672,1626,346,188987,2024-01-12 20:00:00,27,1,2,9,2
10518104,1632,1640,346,188987,2023-12-23 15:00:00,23,0,3,7,7
11932876,5642,5641,255,189744,2024-07-07 21:30:00,15,2,1,6,3
8341470,5653,5659,255,187965,2022-11-07 23:00:00,36,0,2,6,2
10607718,3185,3236,524,188994,2024-03-30 14:00:00,30,1,0,7,2
10567077,3775,3774,412,189971,2023-11-05 19:45:00,11,2,0,2,1
7516751,2469,2500,426,187511,2021-12-12 14:30:00,15,1,0,3,7
7606846,3194,3178,524,187528,2021-11-22 17:30:00,13,2,1,1,3
10517585,1631,1632,346,188987,2023-10-24 19:00:00,13,1,0,5,5
10521129,674,687,795,189012,2023-09-27 19:30:00,7,0,1,0,2
7517886,3772,3766,412,187374,2021-12-05 19:45:00,17,2,2,3,8
7245927,5674,5654,255,187168,2021-12-03 23:00:00,35,1,1,6,6
10480140,1628,1659,364,188989,2023-12-06 19:30:00,15,0,2,3,9
10320078,1620,1640,346,188096,2023-05-17 19:00:00,2,0,1,8,0
9967458,5659,5648,255,188756,2023-05-20 21:30:00,7,1,0,7,4
8776733,1625,1659,364,188095,2022-08-13 14:00:00,2,4,0,11,1
7517624,3774,3788,412,187374,2022-04-24 11:00:00,34,5,0,2,4
10521273,713,676,795,189012,2023-11-25 13:00:00,14,1,1,1,4
7511982,1627,1664,346,187482,2022-04-15 14:00:00,42,2,1,7,3
11855862,846,674,795,189012,2024-04-04 18:00:00,26,0,1,5,4
7536030,678,686,795,187526,2021-09-11 19:00:00,4,2,0,7,2
7516841,2463,2448,426,187511,2021-08-28 13:30:00,3,2,1,5,5
8785905,3776,3799,412,188122,2022-11-13 14:00:00,15,1,0,2,6
7512023,1659,1647,346,187482,2022-03-12 15:00:00,37,2,0,7,4
8823214,678,702,795,188124,2023-05-28 17:00:00,37,0,1,19,3
6593811,1642,1626,346,186333,2021-03-17 19:00:00,37,0,2,4,5
8785089,2451,2448,426,188082,2022-10-29 13:30:00,12,4,0,7,2
10607786,3158,3166,524,188994,2024-04-22 16:30:00,33,1,3,8,2
10517833,1630,1649,346,188987,2023-11-11 15:00:00,16,2,1,7,6
6593714,1639,1650,346,186333,2021-05-01 14:00:00,45,0,2,9,1
7512333,1664,1621,346,187482,2021-10-02 14:00:00,11,2,1,2,9
6589402,1627,1646,364,186810,2020-10-19 16:30:00,5,0,0,8,2
7245997,5650,5669,255,187168,2021-10-23 20:00:00,28,0,0,9,3
6542795,2500,2445,426,186265,2021-04-17 13:30:00,29,2,1,4,4
8785776,3802,3797,412,188122,2022-08-14 13:00:00,2,2,4,1,6
7512345,1640,1647,346,187482,2021-10-23 14:00:00,14,1,1,4,0
7536058,846,695,795,187526,2022-04-17 12:00:00,32,1,4,13,2
7517877,3771,3802,412,187374,2021-12-22 20:00:00,19,1,1,7,4
6542814,2500,2457,426,186265,2021-04-04 16:00:00,27,1,1,2,3
8785919,3775,3773,412,188122,2022-12-29 20:00:00,16,0,0,4,6
6542865,2482,2443,426,186265,2021-02-21 17:00:00,22,4,0,6,3
10567209,19830,3770,412,189971,2024-05-19 19:00:00,34,4,0,2,2
8826972,3161,3162,524,188160,2023-04-30 10:30:00,32,3,1,2,3
7485485,1644,1614,364,187475,2021-08-14 14:00:00,1,3,2,2,4
8341228,5644,5654,255,187965,2022-06-12,11,3,1,4,4
6632660,690,702,795,186267,2021-01-19 18:00:00,19,2,2,4,5
10521313,756,680,795,189012,2024-01-21 20:00:00,21,5,1,4,5
8823280,687,679,795,188124,2022-09-03 16:30:00,4,1,1,7,6
6542996,2463,2500,426,186265,2020-11-22 17:00:00,8,1,2,5,4
10567200,3793,3771,412,189971,2024-05-19 19:00:00,34,1,2,5,3
10607571,3178,3163,524,188994,2023-10-06 16:30:00,8,0,0,5,7
10607753,3173,3176,524,188994,2024-05-23 18:45:00,38,2,3,4,5
8785022,2451,2463,426,188082,2022-09-03 13:30:00,5,2,4,5,4
8785073,2482,2443,426,188082,2022-10-07 18:30:00,9,1,2,3,3
10567137,3771,3777,412,189971,2024-02-09 20:00:00,21,1,1,6,3
7512127,1638,1650,346,187482,2022-02-15 19:45:00,30,2,0,2,5
10572290,2462,2481,426,188974,2024-04-19 18:30:00,30,3,1,6,5
6185102,5685,5651,255,186667,2020-12-20 19:00:00,26,0,1,17,4
7511999,1668,1620,346,187482,2022-04-02 14:00:00,40,0,4,5,7
6425357,3813,3777,412,186243,2020-11-01 14:00:00,9,0,1,10,1
8785109,2451,2447,426,188082,2022-11-08 17:30:00,14,2,0,6,9
7517772,3770,19830,412,187374,2022-01-09 16:05:00,20,0,0,5,2
11933065,5641,5642,255,189744,2024-11-20 19:30:00,34,0,1,6,5
10572105,2447,2454,426,188974,2023-11-25 14:30:00,12,4,2,5,4
10607637,3176,3185,524,188994,2023-12-29 17:30:00,18,1,0,4,2
7246057,5653,5644,255,187168,2021-10-03,23,1,0,7,6
7512132,1618,1663,346,187482,2022-01-22 15:00:00,28,2,1,5,3
6425246,3782,3775,412,186243,2020-10-18 15:00:00,7,1,3,7,3
11932949,5654,5646,255,189744,2024-08-11 19:00:00,22,1,1,4,2
8341480,5653,5707,255,187965,2022-11-10 23:00:00,37,3,0,3,5
8785279,2454,2500,426,188082,2023-04-23 17:30:00,29,0,1,2,2
8785206,2447,2463,426,188082,2023-03-18 17:30:00,25,6,1,1,6
7536052,682,674,795,187526,2022-04-19 19:30:00,33,2,0,3,2
8776991,1619,1631,364,188095,2023-03-04 17:30:00,26,1,0,3,4
6425485,3770,19830,412,186243,2021-01-31 20:00:00,22,1,2,2,8
10521413,846,696,795,189012,2024-04-14 14:15:00,31,2,0,1,5
10480069,1610,1660,364,188989,2023-08-25 19:00:00,3,3,0,6,4
7606604,3176,3159,524,187528,2022-05-21 18:45:00,38,2,0,6,2
8827000,3192,3172,524,188160,2023-05-13 13:00:00,35,1,0,5,3
6593970,1647,1643,346,186333,2021-01-16 15:00:00,24,0,1,7,2
7512025,1659,1637,346,187482,2022-03-15 19:45:00,38,1,1,5,7
8785220,2446,2457,426,188082,2023-03-05 14:30:00,23,4,1,9,2
8777067,1642,1651,364,188095,2023-04-26 18:30:00,33,3,1,2,7
6593896,1663,1621,346,186333,2021-02-17 19:45:00,30,2,1,7,2
7512182,10529,1640,346,187482,2022-02-15 19:45:00,24,2,0,4,2
6589591,1631,1612,364,186810,2021-02-13 12:30:00,24,3,1,2,12
7246074,5669,5819,255,187168,2021-09-25 20:00:00,22,1,0,8,5
6542752,2462,2453,426,186265,2021-05-22 13:30:00,34,3,1,8,1
8785123,2447,2446,426,188082,2022-08-06 16:30:00,1,1,0,3,3
7246036,5648,5663,255,187168,2021-10-07 00:30:00,24,0,2,5,4
6425536,3774,3767,412,186243,2021-05-09 19:00:00,36,1,1,9,3
10572102,2975,2463,426,188974,2023-10-28 16:30:00,9,6,0,11,1
10572088,2453,2454,426,188974,2023-11-04 14:30:00,10,3,3,8,2
6542790,2482,2454,426,186265,2021-04-21 18:30:00,30,3,2,5,4
10607543,3178,3192,524,188994,2023-09-27 16:30:00,6,1,0,10,2
6594211,1659,1650,346,186333,2020-10-17 14:00:00,5,0,0,3,6
8823239,678,691,795,188124,2022-09-04 14:15:00,4,0,1,4,2
8785909,3788,3767,412,188122,2022-11-06 12:00:00,14,1,2,5,8
7516861,2447,2500,426,187511,2021-09-19 15:30:00,5,4,2,3,6
8826760,3163,3185,524,188160,2022-10-23 10:30:00,11,1,2,7,4
8341224,5648,5654,255,187965,2022-05-29 21:00:00,8,1,2,12,2
7606912,3161,3159,524,187528,2021-10-24 18:45:00,9,1,1,5,2
7245934,5685,5674,255,187168,2021-10-28 22:00:00,34,3,0,8,7
7485354,1631,1613,364,187475,2021-12-12 14:00:00,16,4,0,4,6
8826868,3185,3163,524,188160,2023-02-05 14:00:00,21,1,0,6,5
6589586,1609,1630,364,186810,2021-02-14 16:30:00,24,4,2,4,5
6425189,3813,3773,412,186243,2020-09-27 13:00:00,5,1,1,5,7
10521317,696,700,795,189012,2024-01-19 20:00:00,21,1,0,4,4
12337160,5653,5663,255,189744,2024-06-23 21:30:00,11,1,1,3,4
6184888,5685,5660,255,186667,2020-08-23 19:00:00,5,1,2,10,3
7535959,687,679,795,187526,2022-05-22 20:00:00,38,1,2,3,2
8819873,1637,1646,346,188096,2023-04-15 14:00:00,42,0,0,3,7
7517622,3767,3773,412,187374,2022-04-23 19:00:00,34,1,1,4,3
6589632,1611,1633,364,186810,2021-03-14 19:15:00,28,1,0,6,2
8819784,1626,1632,346,188096,2023-03-12 12:00:00,36,0,1,8,3
7517926,3795,3774,412,187374,2021-10-31 14:00:00,12,2,2,5,12
7485190,1611,1644,364,187475,2022-02-26 15:00:00,27,0,0,4,3
10521257,675,682,795,189012,2023-12-17 20:00:00,17,4,1,14,0
6639329,3158,3197,524,186353,2021-05-09 16:00:00,35,5,0,8,4
6425554,3779,3770,412,186243,2021-04-25 13:00:00,34,1,2,6,4
8826715,3194,3163,524,188160,2022-10-03 18:45:00,8,1,2,4,9
10572217,2444,2462,426,188974,2024-04-27 13:30:00,31,2,1,4,2
10567136,3773,19830,412,189971,2024-02-25 12:00:00,23,2,3,9,3
8819749,1673,1618,346,188096,2023-02-18 15:00:00,33,2,1,4,6
10607577,3172,3161,524,188994,2023-11-04 17:00:00,11,1,2,6,1
6593826,1660,10531,346,186333,2021-03-13 12:15:00,36,0,1,7,4
7536398,674,691,795,187526,2021-12-31 15:15:00,19,1,2,7,5
7246093,5644,5685,255,187168,2021-10-21 23:00:00,19,1,1,1,6
8823229,682,702,795,188124,2022-09-04 16:30:00,4,4,0,6,4
6589703,1636,1628,364,186810,2021-05-08 14:00:00,35,0,2,5,11
6543043,2500,2460,426,186265,2020-10-02 18:30:00,3,4,0,4,2
8785266,2447,2451,426,188082,2023-05-07 15:30:00,31,6,0,9,6
8341226,5653,5666,255,187965,2022-05-29 22:00:00,8,2,1,13,0
7606888,3194,3159,524,187528,2021-10-30 16:00:00,11,2,1,4,1
10518043,1620,1643,346,188987,2024-01-20 15:00:00,28,1,1,13,2
7511990,1616,1640,346,187482,2022-04-10 14:00:00,41,1,3,6,10
10517792,1649,1632,346,188987,2023-11-25 15:00:00,17,2,0,4,14
10607648,3176,3194,524,188994,2023-12-17 14:00:00,16,1,0,1,6
9967643,5660,5651,255,188756,2023-10-01 19:00:00,25,2,0,2,11
8785995,3771,3775,412,188122,2023-02-05 19:45:00,22,1,3,9,1
8786353,3767,3797,412,188122,2023-06-03 19:00:00,38,2,3,6,2
10521325,678,696,795,189012,2024-03-16 20:00:00,29,2,0,5,4
7606743,3157,3159,524,187528,2022-01-23 19:45:00,23,0,0,4,1
7536022,700,702,795,187526,2022-05-07 16:30:00,35,3,0,8,1
10572307,2481,2443,426,188974,2024-04-27 13:30:00,31,0,3,6,4
7536156,682,691,795,187526,2022-02-27 13:00:00,26,5,1,10,3
8777081,1613,1609,364,188095,2023-05-07 15:30:00,35,0,2,9,4
8785006,2500,2975,426,188082,2022-08-20 16:30:00,3,2,1,1,13
8819649,1640,10529,346,188096,2022-12-29 19:45:00,25,0,0,5,2
8819832,1643,1627,346,188096,2023-04-07 12:00:00,40,3,1,8,3
8826665,3164,3172,524,188160,2022-08-13 16:30:00,1,0,2,3,2
9967688,5707,5657,255,188756,2023-11-02 20:00:00,31,0,2,5,1
6185028,5655,5677,255,186667,2020-11-01 21:15:00,19,3,1,6,9
6639304,3163,3164,524,186353,2021-05-16 13:00:00,37,0,1,6,3
8819775,1664,1650,346,188096,2023-03-14 19:45:00,37,6,1,6,1
8826878,3164,3161,524,188160,2023-02-13 19:45:00,22,0,0,3,7
6185159,5657,5653,255,186667,2021-01-24,32,3,2,2,9
8826698,3161,3185,524,188160,2022-09-10 16:00:00,6,1,0,6,5
10607773,3192,3176,524,188994,2024-04-21 16:00:00,33,0,2,2,5
7606783,3178,3172,524,187528,2021-10-17 13:00:00,8,1,4,5,4
9967614,5653,5648,255,188756,2023-10-29 01:00:00,30,2,0,9,4
8819448,1660,1640,346,188096,2022-09-14 18:45:00,10,2,2,7,3
10607636,3172,3168,524,188994,2023-12-30 11:30:00,18,1,0,5,6
8826997,3158,3161,524,188160,2023-05-06 16:00:00,34,0,2,12,5
7512328,1650,1641,346,187482,2021-10-02 14:00:00,11,3,2,7,3
6593898,1639,1666,346,186333,2021-02-16 19:00:00,30,1,0,7,4
6632689,702,675,795,186267,2020-12-30 20:30:00,16,1,1,2,3
11932923,5656,5650,255,189744,2024-08-04 19:00:00,21,1,1,10,3
6425531,3776,3782,412,186243,2021-05-16 19:00:00,37,0,0,3,6
8823044,687,678,795,188124,2023-01-14 20:00:00,17,3,1,4,2
7517856,3803,3772,412,187374,2022-05-21 19:00:00,38,2,4,10,1
7246142,5649,5819,255,187168,2021-08-09 23:00:00,15,2,1,9,3
9967515,5648,5673,255,188756,2023-08-19 21:30:00,20,3,1,7,1
7246272,5674,5653,255,187168,2021-06-06 23:30:00,2,0,1,4,7
10567236,3793,3766,412,189971,2024-01-14 16:05:00,18,3,1,3,7
6639564,3194,3164,524,186353,2020-12-16 19:45:00,12,1,2,6,3
8819609,1640,10531,346,188096,2022-12-17 15:00:00,23,3,3,5,3
7517754,3779,3770,412,187374,2022-02-06 14:00:00,23,1,0,7,9
10572095,2448,2463,426,188974,2023-11-11 17:30:00,11,1,1,3,3
11932998,5659,5649,255,189744,2024-09-29,28,0,0,5,3
6632633,695,846,795,186267,2021-02-06 13:00:00,22,2,2,6,2
8776989,1628,1625,364,188095,2023-03-11 17:30:00,27,0,1,2,6
7606741,3191,3178,524,187528,2022-01-16 14:00:00,22,1,1,6,5
7516714,2975,2459,426,187511,2021-12-18 14:30:00,17,0,2,10,1
9967605,5646,5657,255,188756,2023-08-27 21:30:00,21,1,0,9,2
10567228,3803,3787,412,189971,2024-01-14 14:00:00,18,2,0,3,3
10517787,1638,1632,346,188987,2023-12-02 15:00:00,19,1,1,4,4
8819667,1664,1673,346,188096,2023-02-07 19:45:00,28,2,2,3,7
7512424,1655,1641,346,187482,2021-09-11 14:00:00,6,0,0,8,6
8819468,1638,1650,346,188096,2022-09-14 18:45:00,10,0,2,5,4
6184964,5812,5659,255,186667,2020-09-27 21:15:00,12,1,1,7,5
8785906,3780,19830,412,188122,2022-11-06 14:00:00,14,0,2,7,6
7246147,5685,5649,255,187168,2021-08-01,14,1,0,4,5
7516731,2446,2453,426,187511,2022-05-14 13:30:00,34,2,1,6,9
6639508,3162,3158,524,186353,2021-01-15 19:45:00,18,3,0,1,7
7512000,1655,1668,346,187482,2022-04-09 14:00:00,41,1,1,11,4
7512050,1637,1618,346,187482,2022-02-22 20:00:00,34,2,1,0,6
7485371,1611,1625,364,187475,2021-11-06 12:30:00,11,0,2,1,9
8341448,5648,5659,255,187965,2022-10-23 19:00:00,33,2,2,9,2
10517493,1673,1639,346,188987,2023-09-20 18:45:00,7,2,2,5,8
8823112,676,675,795,188124,2023-03-19 20:00:00,26,2,1,8,1
10572042,2444,2448,426,188974,2023-09-23 13:30:00,5,7,0,8,1
8819457,10529,1672,346,188096,2022-11-08 19:45:00,9,2,3,4,2
10607529,3163,3254,524,188994,2023-09-02 16:30:00,3,0,0,3,5
9967647,5648,5659,255,188756,2023-10-08 19:00:00,26,0,2,2,2
10572056,2451,2462,426,188974,2023-09-30 13:30:00,6,2,0,7,4
6589530,1636,1613,364,186810,2021-01-12 18:00:00,18,1,0,5,2
10517808,1650,1639,346,188987,2023-11-28 19:45:00,18,4,2,13,6
6425179,3774,3802,412,186243,2020-10-04 15:00:00,6,2,2,10,2
7246177,5638,5663,255,187168,2021-07-17 20:00:00,12,0,1,9,5
7606864,3164,3162,524,187528,2021-12-05 17:00:00,16,1,3,7,0
10607497,3192,3163,524,188994,2023-08-28 16:30:00,2,1,1,7,5
8819866,1650,1626,346,188096,2023-04-19 18:45:00,43,1,1,7,11
8777038,1614,1613,364,188095,2023-04-15 11:30:00,31,3,0,7,2
6185167,5812,5638,255,186667,2021-01-31 19:00:00,33,2,1,8,5
7536249,696,684,795,187526,2021-10-18 17:00:00,9,0,1,7,7
8777106,1629,1623,364,188095,2023-05-20 14:00:00,37,1,1,1,7
7536048,691,713,795,187526,2022-04-21 17:00:00,33,0,1,3,10
8823346,684,700,795,188124,2023-04-09 14:15:00,28,0,2,5,6
7485471,1623,1619,364,187475,2021-08-14 14:00:00,1,3,1,6,8
7512187,1664,1620,346,187482,2021-12-29 19:45:00,25,1,2,5,4
6542847,2454,2446,426,186265,2021-03-06 14:30:00,24,0,1,7,8
6593997,1660,1655,346,186333,2020-12-29 19:45:00,22,2,1,6,3
10480276,1613,1633,364,188989,2024-03-30 12:30:00,30,4,3,3,4
8819840,1636,1635,346,188096,2023-04-07 14:00:00,40,1,0,9,6
7511954,1660,1664,346,187482,2022-04-23 11:30:00,44,1,1,0,3
8819684,1638,1646,346,188096,2023-02-21 19:45:00,29,1,1,3,6
6593884,1650,1659,346,186333,2021-02-20 15:00:00,31,2,1,2,3
6589421,1624,1651,364,186810,2020-11-01 19:15:00,7,2,1,4,5
8777012,1630,1628,364,188095,2023-04-09 13:00:00,30,1,5,2,4
8777011,1614,1642,364,188095,2023-04-08 14:00:00,30,2,0,1,8
8785763,3797,3767,412,188122,2022-08-06 19:00:00,1,0,5,0,6
10518655,1640,10529,346,188987,2024-04-01 14:00:00,40,1,2,6,3
7517878,3803,3782,412,187374,2021-12-01 18:00:00,16,1,0,1,3
10607589,3163,3168,524,188994,2023-10-23 16:30:00,9,1,1,2,7
6594258,1618,1669,346,186333,2020-09-12 11:30:00,1,1,0,6,3
10480185,1628,1623,364,188989,2023-11-11 15:00:00,12,2,3,9,2
6589497,1630,1646,364,186810,2020-12-27 12:00:00,15,1,0,4,12
7246266,5655,5650,255,187168,2021-06-12 22:00:00,3,0,0,8,0
10521201,687,678,795,189012,2023-09-30 19:00:00,8,3,0,5,7
10521220,680,675,795,189012,2023-10-21 16:30:00,10,1,1,4,6
6589468,1630,1633,364,186810,2020-12-11 20:00:00,12,1,2,5,6
6639610,3159,3173,524,186353,2020-11-21 19:45:00,8,2,0,9,1
10480268,1610,1616,364,188989,2024-01-13 12:30:00,21,1,0,6,4
6542955,2451,2445,426,186265,2020-12-20 17:00:00,13,1,0,4,6
10480418,1669,1625,364,188989,2024-02-05 20:00:00,23,1,3,8,13
7485244,1644,1626,364,187475,2022-01-21 20:00:00,23,0,3,5,1
8786343,3769,3773,412,188122,2023-06-03 19:00:00,38,1,3,5,5
8786144,3787,3797,412,188122,2023-03-19 14:00:00,28,2,1,11,4
10572138,2447,2460,426,188974,2023-12-19 19:30:00,16,1,1,6,1
10607706,3162,3187,524,188994,2024-01-28 17:00:00,22,0,0,4,3
6542940,2975,2447,426,186265,2021-01-09 17:30:00,15,1,3,3,3
6425475,3774,3788,412,186243,2021-02-03 18:00:00,23,1,1,5,3
10521180,676,678,795,189012,2023-10-22 19:00:00,10,1,0,4,7
9967654,5648,5656,255,188756,2023-10-20 00:30:00,27,3,3,15,1
8341182,5663,5673,255,187965,2022-06-19 21:00:00,13,1,0,5,8
8823178,756,686,795,188124,2023-05-04 17:30:00,33,2,1,9,5
7536135,700,682,795,187526,2022-03-20 15:15:00,29,1,0,6,3
7511963,1618,1640,346,187482,2022-04-15 14:00:00,42,2,4,8,7
8823070,713,708,795,188124,2023-02-06 20:00:00,20,2,0,3,7
6594244,1620,1659,346,186333,2020-09-19 14:00:00,2,1,1,7,7
10517510,1666,1634,346,188987,2023-09-16 14:00:00,6,0,1,7,1
6593947,1660,1643,346,186333,2021-05-04 18:15:00,26,0,0,6,7
8341278,5685,5666,255,187965,2022-07-09 19:30:00,16,4,0,19,7
8777108,1623,1659,364,188095,2023-05-28 15:30:00,38,1,0,9,3
10607783,3163,3158,524,188994,2024-04-25 18:00:00,32,1,2,4,8
10607520,3161,3315,524,188994,2023-09-27 18:45:00,6,1,2,8,6
6542846,2482,2451,426,186265,2021-03-06 14:30:00,24,2,1,2,6
10607507,3168,3187,524,188994,2023-09-30 13:00:00,7,0,4,3,7
7517655,3776,3779,412,187374,2022-04-24 15:05:00,34,1,0,4,6
9967423,5677,5640,255,188756,2023-06-10 21:30:00,10,2,2,6,5
10572210,2451,2447,426,188974,2024-02-17 14:30:00,22,1,1,NA,NA
6542972,2451,2462,426,186265,2020-12-11 19:30:00,11,2,1,8,1
8819600,1635,1664,346,188096,2022-11-12 15:00:00,21,2,1,8,3
7512188,1655,1650,346,187482,2021-12-30 19:45:00,25,1,2,5,9
6184899,5653,5651,255,186667,2020-11-18 22:00:00,6,0,2,9,1
6542783,2975,2445,426,186265,2021-04-25 13:30:00,31,2,0,10,1
7246143,5674,5685,255,187168,2021-08-06 22:00:00,15,0,0,9,8
6425286,3782,3813,412,186243,2020-12-20 14:00:00,16,2,2,6,3
6425277,19830,3782,412,186243,2020-12-23 20:00:00,17,2,2,0,10
9967353,5707,5649,255,188756,2023-04-30 21:30:00,3,1,2,7,5
10517506,1626,1639,346,188987,2023-09-16 14:00:00,6,1,0,5,3
7517742,3775,3799,412,187374,2022-02-20 12:00:00,25,1,0,4,5
6639589,3160,3219,524,186353,2020-12-06 14:00:00,10,0,0,6,3
11933072,5659,5642,255,189744,2024-11-23 22:30:00,35,1,1,10,0
6185076,5649,5657,255,186667,2020-12-06 19:00:00,24,4,0,5,3
7485145,1626,1646,364,187475,2022-04-10 13:00:00,32,2,0,6,7
8777002,1633,1614,364,188095,2023-03-12 14:00:00,27,1,1,12,2
8776753,1631,1619,364,188095,2022-08-20 14:00:00,3,1,2,2,6
6639378,3187,3161,524,186353,2021-04-18 18:45:00,31,1,1,3,3
6632645,698,696,795,186267,2021-01-31 13:00:00,21,0,0,5,2
7606805,3158,3191,524,187528,2022-05-14 18:45:00,37,1,1,20,2
8826864,3192,3159,524,188160,2023-02-07 19:45:00,21,0,3,6,3
12194924,1630,1626,346,188987,2024-05-16 19:00:00,2,4,0,8,2
6425235,3804,3799,412,186243,2020-08-22 15:00:00,1,0,1,3,9
7512254,1638,1647,346,187482,2021-11-06 15:00:00,17,1,1,5,3
6639670,3161,3176,524,186353,2020-09-26 18:45:00,2,4,3,5,1
7485347,1612,1613,364,187475,2021-12-16 20:00:00,17,3,1,11,0
8785897,3797,3787,412,188122,2022-11-06 14:00:00,14,1,1,6,1
8819756,1655,1672,346,188096,2023-02-25 15:00:00,34,1,0,7,3
12862269,5644,5663,255,189744,2024-09-11 22:30:00,19,2,1,8,3
7246067,5812,5656,255,187168,2021-09-12 21:15:00,20,1,1,4,5
8341370,5685,5707,255,187965,2022-10-05 22:00:00,30,2,1,2,7
11932940,5685,5663,255,189744,2024-08-17 21:30:00,23,1,2,9,2
10518612,1634,1644,346,188987,2024-04-10 18:45:00,42,0,0,3,4
7517894,3771,3777,412,187374,2021-11-07 12:00:00,13,0,0,9,7
6589495,1614,1628,364,186810,2020-12-26 15:00:00,15,3,0,4,4
7512204,1650,10531,346,187482,2022-01-25 19:45:00,23,0,0,4,3
10607723,3161,3178,524,188994,2024-04-01 18:45:00,30,2,0,8,6
7246126,5655,5644,255,187168,2021-08-22 21:15:00,17,2,2,4,4
10572233,2448,2658,426,188974,2024-04-13 13:30:00,29,1,1,6,2
8822999,681,691,795,188124,2022-10-20 18:00:00,10,1,0,9,2
6425500,3773,3775,412,186243,2021-01-23 16:00:00,21,0,1,6,2
11933000,5650,5685,255,189744,2024-09-29 14:00:00,28,1,1,4,5
8826933,3205,3192,524,188160,2023-04-02 13:00:00,28,1,1,9,5
7516740,2447,2469,426,187511,2021-12-15 19:30:00,16,3,0,5,8
6589478,1631,1623,364,186810,2020-12-16 18:00:00,13,0,2,4,6
8822995,676,678,795,188124,2022-10-23 19:00:00,11,4,0,1,2
7536267,687,675,795,187526,2021-12-04 20:00:00,16,0,2,5,5
8823220,684,674,795,188124,2023-06-04 19:00:00,38,1,1,4,4
9967385,5659,5656,255,188756,2023-05-11 22:30:00,5,3,0,3,3
10572047,2446,2658,426,188974,2023-09-24 13:30:00,5,4,1,8,2
10607598,3166,3254,524,188994,2023-10-22 13:00:00,9,2,1,4,5
10517859,1639,1630,346,188987,2023-10-25 19:00:00,13,1,0,5,3
7485117,1646,1614,364,187475,2022-05-07 14:00:00,36,1,3,4,5
6639415,3172,3205,524,186353,2021-03-12 19:45:00,27,3,1,3,5
9967685,5659,5649,255,188756,2023-11-09 23:00:00,33,3,4,2,6
11276371,1609,1633,364,188989,2023-12-28 20:15:00,19,0,2,10,3
10518929,10531,1638,346,188987,2024-05-04 11:30:00,46,0,1,4,5
7246183,5663,5656,255,187168,2021-07-11 23:30:00,11,1,0,7,6
6639413,3315,3194,524,186353,2021-03-13 14:00:00,27,3,2,6,5
7517701,3775,3767,412,187374,2022-03-05 20:00:00,27,1,0,3,4
6184913,5669,5663,255,186667,2020-09-02 22:15:00,7,1,0,2,6
10480153,1625,1612,364,188989,2023-11-25 12:30:00,13,1,1,9,6
7512442,1620,1650,346,187482,2021-08-18 18:45:00,3,2,3,7,1
8776865,1611,1633,364,188095,2022-10-30 16:15:00,14,1,0,5,10
7246040,5674,5650,255,187168,2021-10-06 22:00:00,24,3,1,0,6
6639472,3166,3219,524,186353,2021-02-12 19:45:00,22,1,1,8,3
8826813,3161,3187,524,188160,2023-01-04 19:45:00,16,1,0,5,4
8826719,3161,3158,524,188160,2022-10-01 16:00:00,8,1,2,5,1
8819551,1644,1660,346,188096,2022-10-23 11:00:00,17,4,0,6,1
6185078,5660,5685,255,186667,2020-12-06,24,0,0,3,12
7606973,3194,3315,524,187528,2021-08-21 16:30:00,1,2,3,7,4
7512010,1637,1621,346,187482,2022-03-19 15:00:00,39,1,0,3,4
6425285,3779,3772,412,186243,2020-12-20 14:00:00,16,0,2,5,3
9967496,5655,5654,255,188756,2023-06-25 21:30:00,12,2,3,2,7
8786200,3775,3802,412,188122,2023-02-18 16:00:00,24,0,0,9,0
10521156,675,687,795,189012,2023-09-17 19:00:00,5,2,1,4,3
8341239,5812,5656,255,187965,2022-06-04 23:30:00,9,0,1,9,0
7606769,3157,3158,524,187528,2022-01-06 17:30:00,20,3,1,3,9
7246086,5812,5644,255,187168,2021-08-29 21:15:00,18,0,0,6,6
8786172,3776,3787,412,188122,2023-04-16 11:00:00,31,2,1,8,4
6632610,690,675,795,186267,2021-02-20 20:00:00,24,0,1,4,5
8341222,5663,5650,255,187965,2022-05-28 23:30:00,8,1,1,8,7
7606719,3187,3161,524,187528,2022-02-12 17:00:00,25,1,1,4,2
8785970,3774,3779,412,188122,2023-02-01 20:00:00,21,3,0,4,0
6632676,700,696,795,186267,2021-01-10 15:15:00,18,3,1,4,1
6542897,2449,2444,426,186265,2021-01-24 14:30:00,18,0,4,3,7
7606875,3172,3162,524,187528,2021-10-30 13:00:00,11,2,2,6,2
7606751,3178,3158,524,187528,2022-01-23 17:00:00,23,2,4,2,3
10521384,679,692,795,189012,2024-05-12 14:15:00,35,1,0,4,7
8785207,2451,2500,426,188082,2023-03-12 18:30:00,24,1,1,3,5
10518951,1627,1641,346,188987,2024-05-04 11:30:00,46,3,0,5,1
7516692,2447,2446,426,187511,2022-02-06 14:30:00,21,2,5,7,6
8776941,1611,1631,364,188095,2023-02-19 14:00:00,24,3,0,6,6
10572157,2453,2500,426,188974,2024-01-13 14:30:00,17,0,0,4,3
8341156,5655,5707,255,187965,2022-05-08 21:00:00,5,4,1,4,8
8819671,1637,1650,346,188096,2023-01-14 15:00:00,27,2,2,5,7
7606717,3166,3205,524,187528,2022-02-21 20:00:00,26,2,1,11,0
10567172,3803,19830,412,189971,2024-04-21 15:00:00,30,0,2,7,4
7606831,3158,3205,524,187528,2021-12-13 19:45:00,17,2,0,9,4
6594147,10531,1621,346,186333,2020-10-31 15:00:00,9,2,0,9,5
10607719,3162,3159,524,188994,2024-03-30 17:00:00,30,1,0,7,2
7246261,5677,5644,255,187168,2021-06-13 23:30:00,3,0,1,6,5
7516774,2454,2448,426,187511,2021-10-31 16:30:00,10,2,1,9,1
6593904,1644,1655,346,186333,2021-02-13 15:00:00,29,6,0,11,2
7535918,702,678,795,187526,2021-08-16 20:00:00,1,0,0,6,8
8819602,1626,1620,346,188096,2022-11-12 15:00:00,21,1,2,3,4
8826705,3192,3168,524,188160,2022-09-16 18:45:00,7,1,2,4,5
8785240,2445,2451,426,188082,2023-03-18 14:30:00,25,0,1,3,8
10517468,1655,1618,346,188987,2023-08-19 14:00:00,3,0,2,8,4
8819864,1618,1664,346,188096,2023-04-22 14:00:00,44,0,1,6,7
8826904,3161,3168,524,188160,2023-03-05 17:00:00,25,2,0,6,4
8826914,3168,3185,524,188160,2023-03-12 11:30:00,26,0,2,9,1
10518426,1673,1666,346,188987,2024-02-03 15:00:00,30,4,0,7,8
8776895,1633,1628,364,188095,2022-11-06 14:00:00,15,1,2,2,5
10518629,1627,1644,346,188987,2024-04-01 14:00:00,40,2,2,7,3
6632515,681,702,795,186267,2021-04-18 12:00:00,33,2,0,4,5
11932911,5638,5659,255,189744,2024-07-24 22:30:00,19,2,2,7,1
10480387,1669,1613,364,188989,2024-05-19 15:00:00,38,2,4,3,0
7246169,5819,5707,255,187168,2021-07-18 14:00:00,12,2,3,6,2
7536163,687,846,795,187526,2022-02-13 17:30:00,24,2,0,6,5
10480270,1625,1614,364,188989,2024-04-03 19:15:00,31,4,1,2,3
8819588,1672,1620,346,188096,2022-11-01 19:45:00,19,1,3,7,2
6632621,675,674,795,186267,2021-02-14 15:15:00,23,2,0,6,1
6632632,681,701,795,186267,2021-02-07 17:30:00,22,2,1,2,1
6184944,5643,5644,255,186667,2020-09-13 21:00:00,10,1,0,0,12
6184960,5644,5638,255,186667,2020-09-26 22:00:00,12,1,1,1,4
6632846,676,702,795,186267,2021-02-24 18:00:00,1,3,0,6,3
7516849,2463,2457,426,187511,2021-08-15 15:30:00,1,3,1,4,5
6425443,3779,3799,412,186243,2021-02-21 14:00:00,26,0,0,5,4
6425444,3782,3802,412,186243,2021-02-20 12:00:00,26,1,1,1,2
8785262,2460,2444,426,188082,2023-04-22 13:30:00,29,3,1,2,7
8785872,3773,3787,412,188122,2022-10-15 19:00:00,11,1,0,4,5
6639518,3160,3162,524,186353,2021-01-10 14:00:00,17,0,2,5,6
10518308,1649,1630,346,188987,2024-02-17 12:30:00,33,0,2,4,0
7536252,681,713,795,187526,2021-10-02 12:00:00,8,1,0,6,3
7512272,1647,1650,346,187482,2021-11-29 19:45:00,20,1,2,1,11
7516695,2457,2444,426,187511,2022-01-23 16:30:00,20,1,4,4,9
8826969,3168,3163,524,188160,2023-04-28 16:30:00,32,1,0,7,4
7512123,1668,1660,346,187482,2022-04-05 18:45:00,30,1,1,4,6
6542958,2975,2463,426,186265,2020-12-19 14:30:00,13,0,0,8,2
8819470,1641,1646,346,188096,2022-09-13 19:00:00,10,1,1,4,6
10572069,2462,2658,426,188974,2023-10-08 17:30:00,7,2,0,3,6
10567016,3766,3788,412,189971,2023-10-08 13:00:00,8,3,3,5,2
6542769,2457,2459,426,186265,2021-05-09 16:00:00,32,0,0,4,3
6593879,1618,1626,346,186333,2021-02-23 19:00:00,32,1,3,4,3
10572107,2451,2446,426,188974,2023-10-21 13:30:00,8,1,2,4,3
8785825,3799,3787,412,188122,2022-09-11 13:00:00,7,2,1,2,5
7536025,713,687,795,187526,2022-05-01 16:30:00,34,1,1,8,5
6639660,3193,3185,524,186353,2020-11-04 16:00:00,3,1,2,5,2
8776745,1612,1659,364,188095,2022-08-27 14:00:00,4,9,0,8,1
8822998,700,684,795,188124,2022-10-19 17:00:00,10,0,0,4,9
7485287,1644,1610,364,187475,2021-12-01 19:30:00,14,1,2,6,0
7536054,698,686,795,187526,2022-04-02 12:00:00,30,1,0,5,1
8819497,1641,1627,346,188096,2022-10-05 19:00:00,13,1,0,2,10
6594171,1639,1669,346,186333,2020-10-24 14:00:00,7,3,2,2,3
8785237,2481,2463,426,188082,2023-04-08 13:30:00,27,1,3,6,1
6632490,846,675,795,186267,2021-05-13 20:00:00,36,1,4,2,3
6425194,3804,3787,412,186243,2020-09-27 13:00:00,5,2,2,6,13
7517760,3803,3775,412,187374,2022-01-09 12:00:00,20,0,3,14,3
7512315,1668,1673,346,187482,2021-11-02 19:45:00,16,1,1,2,3
6185092,5674,5660,255,186667,2020-12-13 21:15:00,25,1,0,7,6
6593750,1666,1655,346,186333,2021-04-17 11:30:00,42,1,1,5,0
6594152,1620,1642,346,186333,2020-10-31 15:00:00,9,1,0,8,2
7606713,3194,3163,524,187528,2022-02-13 14:00:00,25,4,0,2,7
6589542,1636,1624,364,186810,2021-01-17 14:00:00,19,1,3,5,7
6185143,5644,5663,255,186667,2021-01-17 23:30:00,30,4,2,6,1
7536331,680,679,795,187526,2021-12-18 20:00:00,18,2,1,4,7
7606639,3191,3163,524,187528,2022-04-10 13:00:00,32,1,2,7,11
7606782,3158,3185,524,187528,2021-11-28 17:00:00,14,1,0,2,9
6542920,2454,2443,426,186265,2021-01-19 17:30:00,17,1,0,7,5
6589500,1625,1613,364,186810,2020-12-26 20:00:00,15,2,0,7,3
7536154,686,675,795,187526,2022-03-14 20:00:00,28,0,3,1,6
6593862,1647,1642,346,186333,2021-02-26 19:45:00,33,1,1,3,5
8341426,5656,5812,255,187965,2022-09-28 22:00:00,28,2,1,5,4
6594103,1639,1626,346,186333,2020-11-24 19:00:00,13,2,3,9,5
10521318,700,678,795,189012,2024-01-28 15:15:00,22,0,0,6,8
6184851,5674,5669,255,186667,2020-08-09,1,3,2,2,4
8776854,1628,1629,364,188095,2022-10-18 19:15:00,12,2,1,4,2
6542833,2500,2463,426,186265,2021-03-13 14:30:00,25,2,1,6,6
9967370,5640,5648,255,188756,2023-05-11 00:30:00,5,0,2,16,3
10607591,3194,3187,524,188994,2023-10-21 13:00:00,9,1,3,5,8
6425545,3813,3802,412,186243,2021-05-02 13:00:00,35,2,2,10,5
10480290,1616,1624,364,188989,2024-03-16 17:30:00,29,3,0,4,5
10517432,1666,1619,346,188987,2023-08-04 19:00:00,1,1,2,3,6
10480341,1613,1624,364,188989,2024-04-13 11:30:00,33,4,0,16,3
7485315,1611,1610,364,187475,2022-04-28 18:45:00,37,1,1,2,9
8786111,3788,3769,412,188122,2023-02-26 12:00:00,25,0,1,10,0
8826706,3176,3194,524,188160,2022-09-18 13:00:00,7,2,0,7,3
7517893,3797,3775,412,187374,2021-11-21 16:00:00,14,1,2,3,5
8785185,2444,2500,426,188082,2023-02-26 16:30:00,22,3,0,10,4
11340318,5657,5656,255,188756,2023-11-29 00:30:00,36,2,4,8,3
7485250,1624,1609,364,187475,2022-05-12 18:45:00,22,3,0,2,2
6632847,679,680,795,186267,2021-01-12 20:30:00,1,2,0,3,12
7517973,3773,3779,412,187374,2021-09-22 19:00:00,7,0,1,7,3
7511909,1627,1660,346,187482,2021-08-14 14:00:00,2,3,2,8,4
7606619,3192,3176,524,187528,2022-04-24 10:30:00,34,2,1,6,4
7606699,3163,3164,524,187528,2022-03-05 14:00:00,28,2,1,11,4
10521422,680,676,795,189012,2024-05-26 19:00:00,38,1,2,6,5
8785862,3795,3781,412,188122,2022-10-16 13:00:00,11,1,1,3,5
8826770,3178,3172,524,188160,2022-10-30 11:30:00,12,0,2,7,2
8819771,1664,1646,346,188096,2023-03-04 15:00:00,35,0,0,1,8
7606930,3185,3192,524,187528,2021-09-12 13:00:00,3,4,0,7,4
8785306,2443,2444,426,188082,2023-05-06 16:30:00,31,1,2,1,11
8819441,1664,1620,346,188096,2022-11-08 19:45:00,9,0,3,2,7
8341353,5656,5646,255,187965,2022-08-13 22:00:00,22,0,1,5,3
6589672,1611,1646,364,186810,2021-04-18 15:00:00,32,3,1,8,3
10517426,1618,1630,346,188987,2023-08-12 14:00:00,2,1,0,7,4
7485349,1629,1610,364,187475,2021-12-19 14:00:00,18,0,0,4,9
7485410,1669,1631,364,187475,2021-10-24 13:00:00,9,1,2,8,2
10521209,713,686,795,189012,2023-09-30 14:15:00,8,2,2,5,0
10572190,2448,2975,426,188974,2024-03-02 14:30:00,24,1,4,2,5
7606871,3166,3191,524,187528,2021-11-21 14:00:00,13,0,1,17,0
6542860,2463,2445,426,186265,2021-02-20 14:30:00,22,0,1,0,6
6589642,1636,1614,364,186810,2021-03-03 18:00:00,29,1,0,2,7
10517647,1634,1641,346,188987,2023-10-07 14:00:00,11,4,2,7,0
8341251,5654,5650,255,187965,2022-07-20 23:30:00,18,4,0,5,4
7516602,2446,2457,426,187511,2022-04-02 13:30:00,28,2,1,3,3
10517447,1626,1638,346,188987,2023-08-20 11:00:00,3,3,1,6,3
6185080,5653,5644,255,186667,2020-12-06 21:15:00,24,2,2,3,4
10572283,2500,2448,426,188974,2024-05-05 13:30:00,32,3,4,6,4
11340310,5685,5663,255,188756,2023-11-30 23:30:00,36,1,2,15,3
8785293,2463,2457,426,188082,2023-05-12 18:30:00,32,5,2,12,3
7512310,1664,1650,346,187482,2021-11-06 17:30:00,17,1,1,8,4
10521271,681,714,795,189012,2023-11-11 17:30:00,13,1,1,8,3
10572237,2482,2463,426,188974,2024-02-11 16:30:00,21,1,1,10,3
7246161,5674,5669,255,187168,2021-07-25 23:30:00,13,0,0,2,8
10518335,1626,1632,346,188987,2024-03-02 15:00:00,35,1,0,5,2
6589644,1627,1623,364,186810,2021-03-04 18:00:00,29,0,1,3,3
8819701,1640,1660,346,188096,2023-02-11 15:00:00,31,1,1,5,5
7512353,1647,10531,346,187482,2021-10-02 14:00:00,11,0,0,0,4
7517666,3775,3774,412,187374,2022-04-02 15:00:00,30,1,1,7,11
6593853,1673,1618,346,186333,2021-03-02 19:00:00,34,1,1,7,3
9967640,5654,5685,255,188756,2023-11-24 00:30:00,30,1,0,8,6
8341311,5654,5669,255,187965,2022-09-04 14:00:00,25,1,1,12,7
10480173,1613,1609,364,188989,2023-11-04 17:30:00,11,1,0,0,11
6425460,3804,3813,412,186243,2021-02-14 14:00:00,25,0,2,3,0
7512119,1620,1640,346,187482,2022-01-29 15:00:00,29,1,0,6,8
7511961,1621,1639,346,187482,2022-04-18 14:00:00,43,0,1,1,3
6593875,1643,1642,346,186333,2021-02-23 19:45:00,32,0,1,2,5
11264923,676,681,795,189012,2024-01-31 18:00:00,20,1,0,6,6
8819837,1638,1641,346,188096,2023-04-15 14:00:00,42,2,0,2,4
6593794,1663,1637,346,186333,2021-04-02 16:30:00,39,1,1,7,5
9967541,5660,5654,255,188756,2023-08-20 19:00:00,20,2,3,4,5
7516785,2500,2451,426,187511,2021-10-16 13:30:00,8,2,0,3,3
8826783,3163,3168,524,188160,2022-11-04 19:45:00,13,1,1,3,2
7245987,5674,5673,255,187168,2021-11-11 00:30:00,31,2,3,6,9
8823101,679,680,795,188124,2023-03-04 20:00:00,24,6,1,7,3
10518121,1627,1639,346,188987,2023-12-17 12:00:00,22,1,1,11,11
10480137,1642,1646,364,188989,2023-09-18 18:45:00,5,1,1,5,4
8785013,2443,2445,426,188082,2022-08-13 13:30:00,2,2,2,2,5
6425404,3779,3773,412,186243,2021-03-21 12:00:00,30,1,2,12,7
10572136,2520,2462,426,188974,2024-01-20 14:30:00,18,2,2,4,1
10607712,3159,3315,524,188994,2024-01-16 19:45:00,20,3,0,5,2
7516604,2481,2451,426,187511,2022-04-03 13:30:00,28,3,0,3,5
8341308,5685,5659,255,187965,2022-07-04 23:00:00,15,0,1,9,4
6185065,5649,5654,255,186667,2021-01-28 23:00:00,23,2,4,2,5
10518150,1655,1632,346,188987,2023-12-16 15:00:00,22,1,0,5,11
8786146,3773,3779,412,188122,2023-04-07 19:00:00,30,2,1,5,1
10521382,684,680,795,189012,2024-04-28 19:00:00,33,1,1,4,6
8341312,5651,5673,255,187965,2022-08-21 21:00:00,23,1,1,2,7
8786270,3781,3780,412,188122,2023-05-07 13:00:00,34,0,0,4,7
10572049,2975,2448,426,188974,2023-10-07 13:30:00,7,0,0,9,1
6594200,1647,1644,346,186333,2020-10-16 18:45:00,5,0,1,3,3
6425349,3777,3804,412,186243,2020-11-08 14:00:00,10,1,1,5,6
10521154,692,686,795,189012,2023-09-16 16:30:00,5,0,1,10,1
10567053,3775,3771,412,189971,2023-10-21 19:00:00,9,1,0,4,2
10607532,3192,3185,524,188994,2023-09-18 16:30:00,4,0,3,1,2
7517621,3777,3803,412,187374,2022-04-24 13:00:00,34,0,1,4,7
8341257,5650,5643,255,187965,2022-07-17 14:00:00,17,0,0,7,4
9967343,5659,5653,255,188756,2023-05-07 21:30:00,4,2,0,5,9
8777090,1659,1611,364,188095,2023-05-20 14:00:00,37,0,1,3,6
6639452,3187,3219,524,186353,2021-02-28 17:00:00,24,2,0,8,2
8776839,1629,1631,364,188095,2022-10-23 13:00:00,13,0,4,9,2
8823173,702,679,795,188124,2023-05-14 14:15:00,34,1,0,3,5
8819898,1621,1660,346,188096,2023-05-01 16:30:00,45,1,1,9,4
8785028,2446,2453,426,188082,2022-09-03 13:30:00,5,2,3,8,4
6589373,1651,1611,364,186810,2020-09-26 11:30:00,3,2,3,7,1
7485215,1644,1651,364,187475,2022-02-12 15:00:00,25,0,2,4,5
6185017,5638,5659,255,186667,2020-12-10 00:30:00,18,4,0,12,0
6589549,1627,1625,364,186810,2021-01-26 20:15:00,20,0,5,3,8
11276306,1609,1628,364,188989,2024-01-20 12:30:00,21,5,0,6,7
6543059,2443,2457,426,186265,2020-09-19 13:30:00,1,1,4,7,4
8823090,700,713,795,188124,2023-02-25 15:15:00,23,1,0,4,6
7512429,1621,1660,346,187482,2021-09-11 14:00:00,6,2,2,0,4
8776896,1669,1612,364,188095,2023-01-02 17:30:00,19,3,1,4,8
8341151,5669,5659,255,187965,2022-04-17 22:00:00,2,1,3,4,2
10518750,1644,1640,346,188987,2024-03-09 15:00:00,37,1,2,5,4
11873116,5659,5812,255,189744,2024-04-19 00:30:00,2,1,0,8,8
7485343,1669,1644,364,187475,2021-12-10 20:00:00,16,2,1,8,2
10480367,1612,1628,364,188989,2024-04-14 13:00:00,33,0,1,11,1
7485140,1623,1628,364,187475,2022-05-19 18:45:00,33,3,2,4,5
8776948,1623,1609,364,188095,2023-02-04 12:30:00,22,1,0,7,5
10607797,3166,3163,524,188994,2024-04-28 13:00:00,34,1,1,10,3
6425559,3777,3767,412,186243,2021-04-24 15:00:00,34,1,3,1,9
6589600,1616,1636,364,186810,2021-02-20 20:00:00,25,1,0,6,4
8785915,3788,3787,412,188122,2022-12-29 16:00:00,16,0,2,5,2
7485332,1631,1612,364,187475,2021-12-28 20:00:00,20,1,0,1,12
7518035,3799,3766,412,187374,2021-08-15 11:00:00,2,3,0,6,4
8786139,3802,3771,412,188122,2023-03-19 19:45:00,28,1,2,6,4
7517721,19830,3788,412,187374,2022-02-13 12:00:00,24,0,0,11,2
10567146,3793,3774,412,189971,2024-02-11 12:00:00,21,0,1,5,1
8823138,674,680,795,188124,2023-04-16 19:00:00,29,0,2,6,2
8823204,698,681,795,188124,2023-05-28 17:00:00,37,2,1,1,1
7485170,1625,1651,364,187475,2022-04-20 19:00:00,30,3,0,7,4
6632829,682,701,795,186267,2020-09-19 14:00:00,2,2,1,4,3
9967680,5655,5707,255,188756,2023-11-07,32,0,0,4,4
7536179,675,696,795,187526,2022-02-19 20:00:00,25,3,0,7,1
8785810,3779,3770,412,188122,2022-08-31 17:00:00,5,1,1,3,6
11293151,5640,5657,255,188756,2023-11-22 22:00:00,33,2,2,7,5
8341495,5669,5650,255,187965,2022-11-13 19:00:00,38,4,1,8,3
11932876,5642,5641,255,189744,2024-07-07 21:30:00,15,2,1,999,999
10480251,1642,1609,364,188989,2024-01-30 19:30:00,22,1,2,2,10
7517693,3782,3771,412,187374,2022-04-03 13:00:00,30,2,4,2,9
7246218,5650,5654,255,187168,2021-06-27 14:00:00,7,1,0,5,10
10572274,2482,2445,426,188974,2024-03-16 17:30:00,26,0,3,5,6
10480218,1614,1609,364,188989,2023-12-09 17:30:00,16,1,0,3,3
6425182,3787,3813,412,186243,2020-10-04 11:00:00,6,0,1,8,2
11873132,5812,5640,255,189744,2024-05-12 19:00:00,6,0,1,5,5
8826995,3157,3162,524,188160,2023-05-06 13:00:00,34,2,0,6,4
6542856,2447,2459,426,186265,2021-02-27 14:30:00,23,3,0,5,2
10517818,1619,1627,346,188987,2023-11-11 15:00:00,16,2,1,3,10
10521400,698,687,795,189012,2024-04-21 12:00:00,32,1,1,0,4
7536004,846,678,795,187526,2022-05-10 18:00:00,36,1,0,2,7
7512336,1618,1642,346,187482,2021-10-02 14:00:00,11,0,3,6,4
10567230,3775,3777,412,189971,2024-01-27 16:00:00,19,1,0,5,2
7511968,1672,10529,346,187482,2022-04-15 14:00:00,42,2,1,4,4
7245945,5707,5644,255,187168,2021-11-17 22:00:00,33,1,0,6,4
8785049,2448,2463,426,188082,2022-09-18 15:30:00,7,1,1,4,8
8819373,1638,1640,346,188096,2022-08-13 14:00:00,3,3,2,3,6
8785232,2451,2481,426,188082,2023-04-01 13:30:00,26,2,2,4,7
7485308,1623,1669,364,187475,2022-05-15 15:30:00,37,2,3,5,2
8826754,3176,3161,524,188160,2022-10-22 18:45:00,11,3,4,1,2
7517755,3771,3776,412,187374,2022-01-16 19:45:00,21,1,1,15,2
6589663,1624,1611,364,186810,2021-04-11 15:30:00,31,1,3,7,5
6542975,2975,2443,426,186265,2020-12-12 14:30:00,11,2,0,1,6
6425296,3767,3788,412,186243,2020-12-16 20:00:00,15,2,0,9,2
10607827,3173,3162,524,188994,2024-02-10 14:00:00,24,1,3,7,8
6594163,1659,1655,346,186333,2020-10-28 19:45:00,8,1,0,5,4
6632598,678,846,795,186267,2021-03-07 20:00:00,26,2,1,6,9
10517815,1638,1640,346,188987,2023-11-25 15:00:00,17,0,3,4,3
8341367,5653,5651,255,187965,2022-08-07 22:00:00,21,2,3,11,2
6542991,2446,2457,426,186265,2020-11-29 14:30:00,9,0,0,6,1
7246173,5644,5650,255,187168,2021-07-18 23:30:00,12,1,0,7,5
7517846,3776,3766,412,187374,2021-12-12 12:00:00,18,0,0,4,3
10521355,681,696,795,189012,2024-03-04 20:00:00,27,1,0,5,5
10567131,3771,3770,412,189971,2024-03-10 19:45:00,25,2,0,2,8
6639302,3205,3185,524,186353,2021-05-15 13:00:00,37,4,1,3,6
10518587,1621,1640,346,188987,2024-04-27 14:00:00,45,0,0,10,2
11917250,1619,1641,346,188987,2024-04-16 19:00:00,36,3,0,5,0
8823019,675,700,795,188124,2022-11-10 20:30:00,14,2,1,7,1
6425527,3787,3803,412,186243,2021-05-16 19:00:00,37,0,0,1,11
6632601,675,687,795,186267,2021-03-01 20:00:00,25,1,1,13,4
8826834,3162,3157,524,188160,2023-01-24 19:45:00,19,4,0,3,4
7246089,5707,5655,255,187168,2021-09-05,19,2,1,3,5
6594212,10531,1638,346,186333,2020-10-03 14:00:00,4,2,1,5,7
6184993,5669,5656,255,186667,2020-10-11 23:30:00,15,2,1,6,6
7511930,1673,1655,346,187482,2022-05-07 11:30:00,46,2,0,7,2
11340507,5660,5656,255,188756,2023-12-07 00:30:00,38,0,2,6,6
6632587,676,802,795,186267,2021-03-15 20:00:00,27,4,1,7,3
10572142,2975,2500,426,188974,2024-02-04 16:30:00,20,2,0,5,4
7606962,3176,3161,524,187528,2021-09-21 18:45:00,5,1,3,4,8
8826792,3315,3158,524,188160,2022-11-09 17:30:00,14,1,1,3,2
8823182,674,682,795,188124,2023-05-03 17:30:00,33,1,1,5,6
10572164,2500,2454,426,188974,2023-12-09 14:30:00,14,3,1,6,7
10480236,1612,1611,364,188989,2023-12-17 16:30:00,17,0,0,12,0
8341421,5646,5655,255,187965,2022-09-18 21:30:00,27,1,0,8,5
6593962,1647,1659,346,186333,2021-01-19 18:00:00,25,1,0,3,4
8819865,1637,1660,346,188096,2023-04-19 19:00:00,43,1,1,2,5
8823351,698,713,795,188124,2023-02-12 13:00:00,21,1,1,5,6
10517794,1650,1655,346,188987,2023-11-11 15:00:00,16,0,0,5,2
10607664,3172,3157,524,188994,2023-12-09 17:00:00,15,3,2,6,4
10572078,2443,2446,426,188974,2023-11-25 14:30:00,12,0,3,1,6
6425462,3799,3770,412,186243,2021-02-14 14:00:00,25,1,3,7,2
6593754,1626,1659,346,186333,2021-04-17 19:00:00,42,1,3,1,7
6593876,1620,1655,346,186333,2021-02-23 19:00:00,32,1,3,6,2
8822958,686,708,795,188124,2022-09-17 12:00:00,6,1,0,5,2
6589360,1633,1613,364,186810,2020-09-12 19:00:00,1,0,2,8,7
6593901,1620,1673,346,186333,2021-02-16 19:45:00,30,2,1,9,4
8826702,3166,3178,524,188160,2022-09-17 13:00:00,7,0,1,5,8
7485157,1623,1611,364,187475,2022-04-09 11:30:00,32,1,0,5,7
8341493,5669,5648,255,187965,2022-10-31 23:00:00,35,0,1,4,7
6185131,5812,5677,255,186667,2021-01-10 21:15:00,29,1,1,6,6
10567065,3793,19830,412,189971,2023-11-11 20:00:00,12,0,0,2,4
10572051,2445,2451,426,188974,2023-10-07 13:30:00,7,3,1,5,6
7516733,2457,2460,426,187511,2022-05-07 16:30:00,33,1,2,3,8
7606943,3193,3187,524,187528,2021-08-29 16:30:00,2,1,2,4,5
8785294,2460,2448,426,188082,2023-01-28 14:30:00,18,5,2,3,2
6594169,1663,1650,346,186333,2020-10-27 19:00:00,8,3,0,1,5
6185084,5812,5643,255,186667,2020-12-07 23:00:00,24,0,1,15,1
8819877,1639,1627,346,188096,2023-04-15 14:00:00,42,1,2,5,5
10480351,1611,1612,364,188989,2024-04-07 14:30:00,32,2,2,6,11
6589658,1628,1610,364,186810,2021-04-10 16:30:00,31,1,4,0,8
8777052,1631,1623,364,188095,2023-05-01 19:00:00,34,2,2,2,9
9967582,5656,5646,255,188756,2023-09-03 19:00:00,22,0,0,2,11
8822965,674,692,795,188124,2022-09-17 16:30:00,6,3,0,5,4
10521298,846,679,795,189012,2024-01-22 20:00:00,21,0,1,6,2
6639451,3197,3173,524,186353,2021-02-28 14:00:00,24,0,2,7,5
6594150,1641,1618,346,186333,2020-10-31 15:00:00,9,1,2,4,4
6632701,690,676,795,186267,2020-12-22 21:00:00,15,0,3,4,5
6425209,3813,3774,412,186243,2020-09-13 13:00:00,3,2,4,8,4
6185026,5659,5669,255,186667,2020-10-31 20:00:00,19,2,2,4,2
10607859,3172,3166,524,188994,2024-03-03 17:00:00,27,1,2,6,2
7246090,5638,5673,255,187168,2021-09-22 23:30:00,19,0,0,8,3
8341349,5638,5685,255,187965,2022-08-14 19:00:00,22,3,0,13,4
10607821,3158,3173,524,188994,2024-02-05 19:45:00,23,4,0,7,5
8776956,1614,1609,364,188095,2023-02-18 12:30:00,24,2,4,2,9
8785967,3769,3802,412,188122,2023-02-05 14:00:00,22,0,0,4,5
7511928,1641,1620,346,187482,2022-05-07 11:30:00,46,4,1,7,0
10521342,678,682,795,189012,2024-04-14 16:30:00,31,1,1,3,1
8826882,3158,3194,524,188160,2023-02-19 19:45:00,23,1,0,5,1
6593854,1640,1620,346,186333,2021-03-02 19:00:00,34,1,2,3,2
8785068,2500,2447,426,188082,2022-10-16 15:30:00,10,2,0,5,8
10480073,1669,1624,364,188989,2023-08-13 13:00:00,1,2,2,3,6
8341425,5673,5656,255,187965,2022-09-18 21:00:00,27,1,0,4,8
8823344,687,698,795,188124,2023-04-08 16:30:00,28,2,0,3,2
10521136,681,679,795,189012,2023-09-28 19:30:00,7,0,2,7,2
6425352,3803,3776,412,186243,2020-11-08 12:00:00,10,3,2,3,11
6184931,5677,5649,255,186667,2020-09-10 22:15:00,9,0,2,8,4
6639450,3163,3176,524,186353,2021-02-28 14:00:00,24,1,0,3,8
6589735,1629,1611,364,186810,2021-05-23 15:00:00,38,1,2,6,2
7606694,3157,3163,524,187528,2022-02-25 17:45:00,27,1,1,5,4
6543055,2482,2444,426,186265,2020-09-27 13:30:00,2,4,1,3,5
6589358,1624,1623,364,186810,2020-09-13 15:30:00,1,0,1,5,3
8786315,3802,3776,412,188122,2023-05-06 17:00:00,34,1,0,4,7
7511981,1672,1637,346,187482,2022-04-23 14:00:00,44,3,0,5,6
10567207,3803,3770,412,189971,2024-05-04 19:00:00,32,0,0,6,0
6425310,3788,3813,412,186243,2020-12-13 14:00:00,14,3,0,2,3
7512081,1673,10529,346,187482,2022-02-23 19:45:00,34,2,1,12,2
7246202,5649,5812,255,187168,2021-07-04 23:30:00,9,0,1,11,7
10572263,2453,2446,426,188974,2024-03-17 14:30:00,26,2,3,2,8
6589545,1651,1616,364,186810,2021-01-27 19:30:00,20,0,0,10,0
7606776,3187,3164,524,187528,2022-01-09 15:30:00,21,1,0,13,0
10521221,696,681,795,189012,2023-10-01 14:15:00,8,0,2,4,2
10607663,3254,3193,524,188994,2023-11-26 14:00:00,13,2,1,4,2
6639544,3194,3161,524,186353,2020-12-23 17:30:00,14,1,2,2,8
7535951,698,680,795,187526,2021-08-23 18:00:00,2,0,1,5,4
6639436,3162,3185,524,186353,2021-05-18 18:30:00,25,0,0,4,0
6425384,3782,3772,412,186243,2021-04-11 13:00:00,32,4,1,5,6
10567096,3775,3773,412,189971,2023-12-20 20:00:00,17,2,0,5,6
7606761,3315,3194,524,187528,2022-01-16 11:30:00,22,2,4,9,7
8776909,1642,1610,364,188095,2023-01-01 16:30:00,18,1,1,1,2
6425227,3767,3777,412,186243,2020-09-16 19:00:00,1,1,0,8,2
8341472,5654,5656,255,187965,2022-11-03 00:30:00,35,1,2,6,0
7535909,692,678,795,187526,2021-08-28 15:00:00,3,0,1,5,4
6593949,1655,1673,346,186333,2021-01-26 19:00:00,26,2,1,0,13
6425313,3803,3802,412,186243,2020-12-13 14:00:00,14,2,1,3,4
7245968,5669,5674,255,187168,2021-11-14 22:00:00,32,2,1,2,6
7606672,3164,3159,524,187528,2022-03-12 17:00:00,29,1,3,9,0
7246238,5707,5649,255,187168,2021-08-18 22:00:00,5,0,1,2,7
6425497,3813,3788,412,186243,2021-02-24 18:00:00,21,1,0,4,7
6594033,1642,1666,346,186333,2020-12-15 19:45:00,19,2,0,6,1
6425553,3772,3774,412,186243,2021-05-02 11:00:00,35,1,0,3,5
10521399,708,698,795,189012,2024-04-27 14:15:00,33,1,3,9,2
10521099,680,756,795,189012,2023-08-26 19:30:00,3,1,2,6,6
8341211,5653,5655,255,187965,2022-06-11 22:00:00,11,1,1,5,6
8819536,1664,1641,346,188096,2022-10-22 11:30:00,17,4,2,1,6
9967400,5655,5677,255,188756,2023-05-10 22:00:00,5,3,0,1,4
6425233,3788,3779,412,186243,2020-08-23 13:00:00,1,3,1,6,1
7512005,1673,1659,346,187482,2022-03-19 15:00:00,39,0,3,2,5
7517998,3770,3803,412,187374,2021-09-22 17:00:00,7,3,1,4,4
6593941,10531,1669,346,186333,2021-01-27 19:00:00,26,1,1,1,9
8822967,678,713,795,188124,2022-09-17 19:00:00,6,3,2,2,7
8785949,3776,3795,412,188122,2023-01-15 12:00:00,19,5,1,7,2
12337159,5644,5656,255,189744,2024-06-20 00:30:00,10,1,0,3,7
10480378,1629,1628,364,188989,2024-05-11 14:00:00,37,1,3,8,3
6639558,3162,3187,524,186353,2020-12-20 19:45:00,13,2,0,4,9
7512359,1655,1659,346,187482,2021-10-16 14:00:00,12,0,2,5,11
6639512,3166,3194,524,186353,2021-01-16 14:00:00,18,1,0,7,3
6425546,3787,3782,412,186243,2021-05-02 15:05:00,35,1,2,7,7
7245956,5677,5638,255,187168,2021-11-07 21:15:00,30,1,0,11,6
6593925,1655,10529,346,186333,2021-02-06 15:00:00,28,0,2,3,11
6594094,1669,1650,346,186333,2020-11-27 19:45:00,14,2,1,2,9
6425455,3767,3775,412,186243,2021-02-13 16:00:00,25,2,1,4,1
7245949,5656,5655,255,187168,2021-11-21 19:00:00,34,2,0,11,4
7246006,5707,5674,255,187168,2021-10-14 22:00:00,26,1,0,2,5
8822993,708,756,795,188124,2022-10-20 17:00:00,10,3,2,4,5
6639400,3166,3161,524,186353,2021-04-03 18:45:00,29,0,1,4,4
7606833,3193,3164,524,187528,2021-12-10 19:45:00,17,1,3,8,3
8826768,3159,3315,524,188160,2022-08-15 18:45:00,1,3,0,3,2
6184984,5643,5648,255,186667,2020-10-07 23:30:00,14,2,4,5,4
10567178,3788,3767,412,189971,2024-04-24 17:00:00,29,1,4,3,6
8785864,3781,3767,412,188122,2022-10-21 19:00:00,12,0,3,3,8
7512309,1659,10531,346,187482,2021-11-06 15:00:00,17,4,0,7,2
7606903,3173,3158,524,187528,2021-10-27 18:45:00,10,1,2,2,10
6184998,5655,5812,255,186667,2020-10-14 23:30:00,16,0,1,7,2
7512055,1647,1638,346,187482,2022-02-23 19:45:00,34,1,2,9,1
6593788,1638,1643,346,186333,2021-04-02 14:00:00,39,1,0,8,3
7517767,3799,3782,412,187374,2022-01-26 18:00:00,20,0,1,3,1
6639593,3197,3187,524,186353,2020-12-06 17:00:00,10,0,4,4,1
8823196,756,682,795,188124,2023-05-20 12:00:00,35,1,2,3,1
10480414,1623,1624,364,188989,2024-02-03 12:30:00,23,2,2,9,5
8822947,756,698,795,188124,2022-08-22 20:00:00,2,3,1,5,2
8826958,3205,3162,524,188160,2023-04-14 18:45:00,30,0,3,2,3
10572289,2445,2454,426,188974,2024-05-18 13:30:00,34,4,0,8,4
8826710,3158,3172,524,188160,2022-09-18 16:00:00,7,0,1,5,1
8823224,690,698,795,188124,2023-06-04 19:00:00,38,0,0,6,1
10572024,2500,2460,426,188974,2023-08-20 13:30:00,1,4,1,3,1
7485379,1626,1619,364,187475,2021-11-20 15:00:00,12,2,1,5,7
6589713,1619,1616,364,186810,2021-05-15 14:00:00,36,3,1,6,5
6589608,1623,1619,364,186810,2021-03-01 20:00:00,26,1,0,4,10
8786355,3802,3787,412,188122,2023-06-03 19:00:00,38,1,3,4,7
7606976,3185,3172,524,187528,2021-08-21 18:45:00,1,1,2,5,1
10567164,3779,3775,412,189971,2024-04-28 13:00:00,31,1,3,2,3
8826828,3172,3192,524,188160,2023-01-15 17:00:00,18,8,2,5,2
6589518,1628,1636,364,186810,2021-01-02 15:00:00,17,2,0,3,6
9967572,5677,5655,255,188756,2023-09-18 23:00:00,24,1,2,6,8
7606693,3192,3166,524,187528,2022-02-26 14:05:00,27,1,1,6,1
6425242,3799,3777,412,186243,2020-10-18 13:00:00,7,1,1,2,5
8785807,3769,3771,412,188122,2022-09-03 15:00:00,6,0,2,4,1
9967590,5638,5656,255,188756,2023-09-30 21:30:00,25,2,1,11,4
8341183,5653,5654,255,187965,2022-06-19 19:00:00,13,2,0,9,8
10572235,2454,2447,426,188974,2024-04-13 13:30:00,29,1,2,2,4
8826807,3158,3185,524,188160,2022-11-13 14:00:00,15,1,1,7,0
10567194,3803,3776,412,189971,2024-03-17 12:00:00,26,1,1,3,3
7536083,692,846,795,187526,2021-09-27 19:00:00,7,1,0,5,3
8819460,1644,1637,346,188096,2022-11-08 20:00:00,9,2,0,7,3
7517912,3776,3770,412,187374,2021-11-27 16:00:00,15,1,1,12,1
6639594,3185,3164,524,186353,2020-11-30 17:30:00,9,2,2,6,2
8341202,5666,5663,255,187965,2022-06-16 22:00:00,12,3,2,3,4
7606941,3157,3191,524,187528,2021-09-22 18:45:00,5,2,0,4,4
7485368,1610,1646,364,187475,2021-11-06 15:00:00,11,1,1,14,2
6639577,3157,3160,524,186353,2020-12-13 19:45:00,11,2,2,13,1
8819664,1632,10531,346,188096,2023-01-14 15:00:00,27,1,3,1,4
6594144,1669,10531,346,186333,2020-11-03 19:00:00,10,1,1,2,9
8777088,1642,1609,364,188095,2023-05-20 16:30:00,37,1,0,3,6
7485254,1614,1611,364,187475,2022-01-15 17:30:00,22,2,2,3,6
7245978,5650,5677,255,187168,2021-10-30 22:15:00,29,0,0,7,3
8823349,713,679,795,188124,2023-04-09 19:00:00,28,1,2,8,2
6425387,3787,3771,412,186243,2021-04-10 19:00:00,32,3,3,6,3
10572150,2463,2460,426,188974,2023-12-10 16:30:00,14,0,0,1,7
8776821,1612,1625,364,188095,2022-10-16 15:30:00,11,1,0,5,6
6542774,2444,2454,426,186265,2021-05-08 16:30:00,32,6,0,5,3
7516828,2451,2462,426,187511,2021-09-19 17:30:00,5,1,1,7,4
11933029,5657,5677,255,189744,2024-10-29,31,3,2,2,4
8819892,1646,1650,346,188096,2023-04-22 14:00:00,44,1,2,11,4
7485243,1629,1619,364,187475,2022-01-15 15:00:00,22,3,1,2,10
6425456,19830,3788,412,186243,2021-02-14 12:00:00,25,2,2,7,1
6542866,2454,2460,426,186265,2021-02-20 14:30:00,22,1,2,4,4
6185094,5669,5812,255,186667,2020-12-13,25,1,2,2,8
10572017,2482,2453,426,188974,2023-08-19 13:30:00,1,1,2,4,2
11932919,5685,5648,255,189744,2024-07-28 14:00:00,20,0,1,5,6
10572264,2446,2482,426,188974,2024-03-30 14:30:00,27,2,1,9,2
7517906,3782,3774,412,187374,2021-12-05 12:00:00,17,0,5,7,2
10607731,3315,3254,524,188994,2024-03-09 14:00:00,28,1,0,1,2
10518600,1655,1673,346,188987,2024-04-13 14:00:00,43,1,1,12,4
6185185,5685,5654,255,186667,2021-02-07 23:30:00,35,1,1,5,4
10566986,3803,3773,412,189971,2023-08-13 11:00:00,1,3,2,6,8
10518166,1644,1619,346,188987,2023-12-09 15:00:00,20,1,1,7,3
8819700,1646,1627,346,188096,2023-01-20 20:00:00,28,2,1,16,5
9967592,5673,5655,255,188756,2023-09-03 21:30:00,22,2,0,3,5
10517465,10531,1640,346,188987,2023-08-19 14:00:00,3,1,1,3,8
10517478,1631,1655,346,188987,2023-09-23 14:00:00,8,1,0,9,0
6632566,700,674,795,186267,2021-04-04 16:30:00,29,2,1,4,13
7246107,5648,5819,255,187168,2021-12-10 00:30:00,38,3,0,9,3
7536174,702,713,795,187526,2022-02-18 20:00:00,25,2,1,2,3
8785885,3770,3797,412,188122,2022-10-30 14:00:00,13,1,1,2,2
7516688,2448,2451,426,187511,2022-01-09 16:30:00,18,1,0,4,2
6589562,1619,1614,364,186810,2021-01-30 20:00:00,21,0,1,7,1
10607534,3163,3176,524,188994,2023-09-24 13:00:00,5,0,2,10,3
6632595,700,701,795,186267,2021-03-06 17:30:00,26,1,0,0,12
10518316,1621,1638,346,188987,2024-03-05 19:45:00,36,1,1,4,2
6594139,1618,1678,346,186333,2020-11-04 19:45:00,10,1,2,7,5
6632674,802,684,795,186267,2021-01-11 20:00:00,18,0,2,3,6
10566988,3774,3793,412,189971,2023-08-27 11:00:00,3,2,2,5,2
10572041,2462,2453,426,188974,2023-09-24 15:30:00,5,0,0,7,3
10572186,2481,2453,426,188974,2024-02-25 18:30:00,23,2,1,10,2
7485199,1644,1623,364,187475,2022-05-11 18:45:00,30,0,0,1,13
7512305,1663,1672,346,187482,2021-11-06 15:00:00,17,0,2,3,7
9967362,5654,5660,255,188756,2023-04-16 19:00:00,1,3,0,6,3
8826814,3159,3163,524,188160,2023-01-07 17:00:00,17,1,0,6,4
7606705,3161,3315,524,187528,2022-02-20 17:00:00,26,0,2,7,3
7485120,1610,1629,364,187475,2022-05-07 14:00:00,36,2,2,9,3
6632560,680,679,795,186267,2021-04-04 19:00:00,29,1,0,3,2
11873035,5640,5651,255,189744,2024-06-26 22:00:00,12,2,0,7,12
7512332,1641,1647,346,187482,2021-10-16 14:00:00,12,0,0,4,10
8826724,3178,3157,524,188160,2022-10-01 18:45:00,8,1,3,3,7
9967443,5654,5640,255,188756,2023-05-27 21:30:00,8,1,1,2,1
8826960,3315,3159,524,188160,2023-04-16 16:00:00,30,1,0,10,13
6593929,1666,1641,346,186333,2021-01-30 15:00:00,27,1,0,6,3
10567145,3774,3787,412,189971,2024-02-03 16:00:00,20,2,1,5,3
8341243,5638,5669,255,187965,2022-05-28 22:00:00,8,2,2,8,3
11933064,5651,5812,255,189744,2024-11-20 19:30:00,34,2,0,6,9
7606815,3191,3159,524,187528,2021-12-11 17:00:00,17,1,1,3,11
8341423,5659,5646,255,187965,2022-10-03 23:00:00,29,1,3,2,6
11873102,5663,5640,255,189744,2024-04-17 23:00:00,2,1,1,7,5
7536059,687,684,795,187526,2022-04-15 19:00:00,32,0,0,8,1
10567259,3766,3774,412,189971,2024-01-26 20:00:00,19,2,3,3,2
8786127,3802,3781,412,188122,2023-03-05 14:00:00,26,1,0,2,1
10517817,1631,1644,346,188987,2023-11-25 15:00:00,17,2,0,6,2
7516724,2445,2444,426,187511,2021-12-14 17:30:00,16,0,5,1,3
7485342,1610,1623,364,187475,2021-12-16 19:45:00,17,1,1,7,1
10521463,687,713,795,189012,2024-01-27 13:00:00,22,0,0,2,2
7516683,2446,2481,426,187511,2022-01-22 14:30:00,20,5,1,9,5
6589629,1616,1625,364,186810,2021-03-13 20:00:00,28,0,3,4,2
6425378,3771,3788,412,186243,2021-04-17 15:00:00,33,3,2,8,3
8341491,5673,5812,255,187965,2022-11-13 19:00:00,38,1,1,14,4
8819461,1627,1618,346,188096,2022-09-14 19:00:00,10,2,3,6,2
6632817,692,676,795,186267,2020-10-01 19:30:00,4,0,3,3,7
10480210,1609,1651,364,188989,2023-12-17 14:00:00,17,2,0,10,1
7246051,5655,5648,255,187168,2021-10-27 22:00:00,23,2,0,2,4
6543037,2453,2443,426,186265,2020-10-17 13:30:00,4,1,1,4,4
11933028,5685,5659,255,189744,2024-10-26 22:00:00,31,0,1,3,6
6589583,1624,1627,364,186810,2021-02-07 12:00:00,23,2,0,8,0
7516601,2482,2448,426,187511,2022-04-02 13:30:00,28,1,2,5,6
7518003,3795,3787,412,187374,2021-09-19 13:00:00,6,1,1,1,6
8823066,700,686,795,188124,2023-01-28 13:00:00,19,2,0,6,2
7511986,1673,1660,346,187482,2022-04-11 18:45:00,41,2,0,6,3
8341421,5646,5655,255,187965,2022-09-18 21:30:00,27,1,0,8,5
6593735,1659,1669,346,186333,2021-04-24 11:30:00,44,0,1,3,5
6425318,3787,3767,412,186243,2020-12-05 20:00:00,13,1,3,3,3
6639523,3219,3172,524,186353,2021-01-09 14:00:00,17,1,4,1,11
8786065,3773,3770,412,188122,2023-02-19 16:05:00,24,3,1,2,5
11932896,5650,5653,255,189744,2024-07-16 22:00:00,17,1,1,1,8
7246094,5653,5649,255,187168,2021-11-04,19,2,1,1,8
7517777,3802,3782,412,187374,2021-12-11 20:00:00,18,2,0,11,5
8819586,1636,1646,346,188096,2022-11-05 12:30:00,20,5,2,10,6
8819893,1637,1635,346,188096,2023-04-29 14:00:00,45,1,1,13,3
7245922,5663,5650,255,187168,2021-12-04,36,1,0,5,4
7606673,3162,3191,524,187528,2022-03-14 19:45:00,29,1,0,8,4
6543001,2482,2445,426,186265,2020-11-21 14:30:00,8,3,3,3,4
10480253,1628,1636,364,188989,2024-01-30 20:00:00,22,3,2,11,1
7536170,700,713,795,187526,2022-03-06 13:00:00,27,2,0,5,6
10607563,3158,3168,524,188994,2023-11-05 17:00:00,11,2,1,5,2
10567033,3797,3777,412,189971,2023-08-27 13:00:00,3,0,1,10,2
8823017,690,687,795,188124,2022-10-22 14:15:00,11,1,0,4,10
10518021,1639,1618,346,188987,2024-01-20 15:00:00,28,1,2,13,2
6639393,3173,3194,524,186353,2021-04-03 13:00:00,29,0,2,6,5
10607858,3162,3163,524,188994,2024-03-11 19:45:00,28,1,2,9,5
6639367,3205,3161,524,186353,2021-04-21 18:45:00,32,1,1,0,8
7606914,3166,3162,524,187528,2021-10-03 10:30:00,7,3,0,3,3
6542951,2460,2443,426,186265,2020-12-19 14:30:00,13,0,1,2,5
6593738,1643,1620,346,186333,2021-04-21 17:00:00,43,1,2,3,13
6594247,1669,1673,346,186333,2020-09-19 14:00:00,2,3,0,6,3
6589382,1633,1629,364,186810,2020-09-27 18:00:00,3,4,0,1,3
6594097,1678,1673,346,186333,2020-11-24 19:00:00,13,0,0,6,4
10521378,687,675,795,189012,2024-04-26 19:00:00,33,0,1,11,3
10572109,2453,2520,426,188974,2023-11-25 14:30:00,12,1,1,11,2
11873120,5641,5707,255,189744,2024-06-09 19:00:00,6,2,5,4,2
13139835,5651,5653,255,189744,2024-11-16 21:30:00,19,1,0,4,3
10607600,3163,3193,524,188994,2023-10-01 13:00:00,7,2,2,5,0
7606967,3172,3315,524,187528,2021-09-21 18:45:00,5,2,1,5,5
7536184,675,846,795,187526,2022-02-06 20:00:00,23,1,0,9,2
6639645,3163,3160,524,186353,2020-10-18 16:00:00,4,3,2,11,2
6543000,2453,2460,426,186265,2020-11-22 14:30:00,8,1,3,9,4
7512264,1660,1639,346,187482,2021-11-06 15:00:00,17,0,1,5,6
8785813,3771,3776,412,188122,2022-09-10 19:00:00,7,2,1,4,3
8341497,5650,5660,255,187965,2022-11-02 22:00:00,35,0,1,4,4
10567256,19830,3767,412,189971,2024-03-01 20:00:00,24,0,0,5,6
6639373,3197,3163,524,186353,2021-04-17 13:00:00,31,1,2,5,7
8786138,3797,3781,412,188122,2023-04-02 13:00:00,29,2,1,5,1
10518618,1627,1632,346,188987,2024-04-13 14:00:00,43,0,1,1,5
9967372,5655,5646,255,188756,2023-05-21,7,0,0,3,4
6184935,5648,5656,255,186667,2020-09-13 19:00:00,10,2,1,5,8
7517764,3788,3799,412,187374,2022-01-16 14:00:00,21,0,0,6,1
7245993,5819,5663,255,187168,2021-10-16 22:00:00,27,1,2,3,3
7606704,3163,3158,524,187528,2022-03-13 17:00:00,29,1,1,6,4
8822925,756,692,795,188124,2022-08-26 18:00:00,3,0,1,2,4
7517774,3787,3799,412,187374,2021-12-22 20:00:00,19,4,1,1,6
7518005,3770,3775,412,187374,2021-09-12 15:00:00,5,0,2,8,3
8819585,1637,1641,346,188096,2022-11-04 20:00:00,20,1,2,3,2
6185128,5638,5655,255,186667,2021-01-10 19:00:00,29,0,1,8,3
8341153,5812,5643,255,187965,2022-05-08 19:00:00,5,0,1,12,0
7485272,1626,1609,364,187475,2021-12-26 15:00:00,19,0,5,3,4
6589385,1610,1628,364,186810,2020-10-03 11:30:00,4,4,0,8,5
6184847,5646,5657,255,186667,2021-01-26 23:00:00,1,1,1,6,3
6639361,3172,3166,524,186353,2021-04-25 18:45:00,33,5,0,8,3
7246201,5669,5650,255,187168,2021-07-04 21:15:00,9,2,0,4,3
8785076,2449,2481,426,188082,2022-10-02 15:30:00,8,2,3,8,4
6185008,5685,5674,255,186667,2020-10-18 23:30:00,17,2,0,8,6
7485447,1669,1651,364,187475,2021-09-11 14:00:00,4,0,1,1,5
8776882,1651,1614,364,188095,2022-11-13 14:00:00,16,1,2,11,4
7516872,2500,2446,426,187511,2021-08-14 13:30:00,1,1,1,1,6
8823116,687,702,795,188124,2023-03-19 15:15:00,26,2,0,5,3
6632695,692,802,795,186267,2020-12-30 18:15:00,16,2,1,0,5
10518614,1644,1641,346,188987,2024-04-06 14:00:00,41,0,0,7,5
6425530,3788,3777,412,186243,2021-05-16 19:00:00,37,2,1,2,1
6639664,3194,3163,524,186353,2020-09-27 13:00:00,2,1,0,1,9
10572232,2444,2463,426,188974,2024-04-13 13:30:00,29,2,0,5,5
8785939,3769,3780,412,188122,2023-01-11 18:00:00,18,0,5,7,4
10572208,2453,2462,426,188974,2024-02-18 14:30:00,22,3,3,6,1
8819605,1660,1643,346,188096,2022-11-12 15:00:00,21,1,1,12,4
8826658,3159,3158,524,188160,2022-08-27 16:30:00,3,1,1,4,5
6425312,3773,3787,412,186243,2020-12-12 20:00:00,14,2,3,6,4
8786324,3770,3779,412,188122,2023-05-07 13:00:00,34,0,2,11,1
10521305,680,681,795,189012,2024-01-28 17:30:00,22,1,1,2,4
7536336,675,700,795,187526,2021-12-19 20:00:00,18,0,0,13,2
11933034,5644,5641,255,189744,2024-11-06 00:30:00,32,2,0,7,3
10480397,1625,1623,364,188989,2024-02-10 12:30:00,24,2,0,9,0
7536016,675,692,795,187526,2021-09-12 19:00:00,4,5,2,7,3
10572312,2451,2520,426,188974,2024-05-04 13:30:00,32,3,0,9,2
7606631,3162,3185,524,187528,2022-04-16 18:45:00,33,1,1,9,7
6593777,1642,1650,346,186333,2021-04-05 14:00:00,40,3,1,6,2
7516791,2454,2453,426,187511,2021-12-05 16:30:00,14,0,6,3,3
7517928,3767,3776,412,187374,2021-10-29 19:00:00,12,2,1,4,5
7517857,3776,3795,412,187374,2021-12-04 18:00:00,17,2,1,8,6
8819566,1641,1620,346,188096,2022-10-29 14:00:00,18,2,1,2,4
6185209,5674,5653,255,186667,2021-02-21 19:00:00,37,2,3,2,4
9967404,5654,5659,255,188756,2023-04-30 19:00:00,3,2,3,7,2
6425186,3772,3804,412,186243,2020-10-04 13:00:00,6,3,0,5,4
10518048,1621,1643,346,188987,2024-01-01 15:00:00,26,2,2,5,4
8819604,1640,1650,346,188096,2022-11-12 15:00:00,21,2,0,2,5
7517964,3788,3772,412,187374,2021-10-24 13:00:00,11,1,1,9,4
9967396,5663,5648,255,188756,2023-04-29 19:30:00,3,4,2,8,5
10480169,1659,1646,364,188989,2023-10-28 14:00:00,10,2,1,10,5
8826682,3178,3194,524,188160,2022-08-31 16:30:00,4,1,1,7,10
10607612,3193,3161,524,188994,2023-12-29 19:45:00,18,1,1,8,2
9967402,5638,5644,255,188756,2023-05-07 19:00:00,4,2,0,4,9
7246181,5650,5812,255,187168,2021-07-11 14:00:00,11,1,1,4,3
6639676,3315,3173,524,186353,2020-09-20 16:00:00,1,1,1,7,3
10518018,1632,1672,346,188987,2024-01-19 20:00:00,28,0,1,12,1
7246159,5651,5644,255,187168,2021-07-25 21:15:00,13,2,1,8,2
8776872,1625,1616,364,188095,2022-11-05 15:00:00,15,2,1,9,0
6639612,3176,3219,524,186353,2020-11-22 11:30:00,8,0,1,4,4
12194922,1626,1630,346,188987,2024-05-12 11:00:00,1,0,0,4,4
7517631,3776,19830,412,187374,2022-05-06 19:00:00,36,1,2,3,5
8777001,1613,1629,364,188095,2023-03-12 16:30:00,27,2,1,10,3
11873148,5650,5656,255,189744,2024-04-17 23:00:00,2,2,0,6,7
7516682,2463,2444,426,187511,2022-01-15 14:30:00,19,0,4,5,12
6185115,5654,5648,255,186667,2021-01-07 00:30:00,28,1,2,11,4
8776999,1610,1623,364,188095,2023-03-18 17:30:00,28,2,2,8,2
8776880,1659,1623,364,188095,2022-11-12 15:00:00,16,3,0,3,5
8823174,690,679,795,188124,2023-04-30 19:00:00,32,2,5,9,1
7516599,2462,2453,426,187511,2022-04-10 15:30:00,29,1,2,2,4
6594005,1620,1643,346,186333,2021-01-27 19:00:00,21,0,3,7,2
10518625,1640,1630,346,188987,2024-04-06 14:00:00,41,2,1,2,9
8785856,3771,3781,412,188122,2022-10-08 15:00:00,10,1,2,11,2
11340327,5659,5640,255,188756,2023-12-03 21:30:00,37,0,0,6,2
8819786,10531,1620,346,188096,2023-03-11 15:00:00,36,1,3,4,6
10572234,2658,2444,426,188974,2024-04-06 13:30:00,28,3,2,3,3
8819626,1643,1655,346,188096,2022-12-10 12:30:00,22,1,3,7,9
6589574,1624,1610,364,186810,2021-02-04 20:00:00,22,0,1,2,7
9967660,5651,5685,255,188756,2023-10-08 21:30:00,26,1,1,8,7
8776917,1630,1669,364,188095,2023-01-22 14:00:00,21,0,0,2,3
6425230,3787,3766,412,186243,2020-09-15 19:00:00,1,2,1,4,11
7517739,3773,3771,412,187374,2022-01-22 20:00:00,22,0,2,8,5
10572140,2453,2463,426,188974,2023-12-17 14:30:00,15,2,0,5,2
6425479,3777,3787,412,186243,2021-02-03 18:00:00,23,1,1,8,7
8823064,686,692,795,188124,2023-01-20 20:00:00,18,1,0,4,6
10517505,1649,1621,346,188987,2023-09-02 14:00:00,5,3,0,9,9
7606884,3159,3315,524,187528,2021-10-27 16:30:00,10,1,2,4,4
10521397,682,713,795,189012,2024-04-28 16:30:00,33,3,0,3,6
8785064,2446,2443,426,188082,2022-09-17 13:30:00,7,1,1,9,6
6632565,846,682,795,186267,2021-04-03 12:00:00,29,0,3,3,5
7511890,1664,10529,346,187482,2021-08-14 14:00:00,2,0,2,5,3
7246243,5653,5819,255,187168,2021-06-21 23:00:00,5,1,1,9,7
7246205,5656,5644,255,187168,2021-07-04,9,1,1,3,2
8823032,692,680,795,188124,2022-12-30 18:15:00,15,1,1,5,6
7512073,1636,10531,346,187482,2022-02-19 15:00:00,33,4,0,5,2
6632478,687,690,795,186267,2021-05-16 16:30:00,37,4,1,2,4
7536158,679,692,795,187526,2022-02-26 20:00:00,26,2,0,5,9
8819718,1660,1639,346,188096,2023-02-04 15:00:00,30,1,0,7,5
6593946,1620,1621,346,186333,2021-01-24 15:00:00,26,0,1,7,5
8341131,5663,5638,255,187965,2022-05-08 22:00:00,5,1,1,9,4
8819847,1621,1672,346,188096,2023-04-15 18:45:00,42,0,0,9,3
8786176,3803,3775,412,188122,2023-04-16 13:00:00,31,1,0,3,5
7517732,3799,3779,412,187374,2022-02-13 14:00:00,24,0,1,5,3
7485380,1633,1610,364,187475,2021-12-04 12:30:00,15,3,2,1,9
6632546,676,698,795,186267,2021-04-22 20:00:00,31,5,2,3,1
7245957,5655,5646,255,187168,2021-11-07 19:00:00,30,0,2,4,2
8341327,5685,5669,255,187965,2022-08-21 21:00:00,23,1,1,10,2
6594111,10531,1643,346,186333,2020-11-21 15:00:00,12,1,0,8,7
7536265,676,691,795,187526,2021-11-20 20:00:00,14,1,0,4,4
7517729,3803,3795,412,187374,2022-02-13 14:00:00,24,5,1,1,5
7535958,702,698,795,187526,2022-05-22 15:30:00,38,3,1,8,3
8341126,5660,5673,255,187965,2022-05-15 20:30:00,6,1,0,7,4
7485470,1624,1625,364,187475,2021-08-15 15:30:00,1,1,0,3,11
8826874,3159,3176,524,188160,2023-02-12 17:00:00,22,1,0,5,6
7485276,1644,1628,364,187475,2022-02-23 19:30:00,18,1,4,6,4
6639458,3162,3164,524,186353,2021-02-20 14:00:00,23,1,0,4,5
6185106,5651,5657,255,186667,2020-12-27 21:15:00,27,3,0,6,5
6425184,3773,3782,412,186243,2020-10-03 15:00:00,6,2,0,12,0
10480196,1624,1659,364,188989,2023-12-31 14:00:00,20,3,1,4,13
7246130,5685,5650,255,187168,2021-08-14 20:00:00,16,1,2,2,9
6593924,1640,1644,346,186333,2021-02-06 12:30:00,28,0,0,5,6
11873100,5685,5657,255,189744,2024-04-17 22:00:00,2,2,1,4,6
12781261,5641,5685,255,189744,2024-08-28 22:30:00,19,1,0,6,8
10518050,1618,10531,346,188987,2024-01-13 15:00:00,27,2,2,5,5
9967594,5651,5653,255,188756,2023-09-02 19:00:00,22,1,1,12,7
8819833,1672,1643,346,188096,2023-04-01 14:00:00,39,0,0,8,8
7517865,3777,3766,412,187374,2022-05-08 11:00:00,36,3,2,3,7
6589353,1625,1614,364,186810,2021-01-20 18:00:00,1,2,0,16,2
8826968,3157,3168,524,188160,2023-04-23 16:00:00,31,2,0,4,2
10521301,680,679,795,189012,2024-02-11 17:30:00,24,1,0,2,7
7516778,2446,2448,426,187511,2021-11-20 14:30:00,12,1,0,7,7
7512366,1618,1641,346,187482,2021-09-25 14:00:00,9,0,0,5,7
8785214,2975,2454,426,188082,2023-03-11 14:30:00,24,3,0,11,0
6184909,5653,5638,255,186667,2020-09-03 23:00:00,7,3,0,5,3
8826866,3158,3178,524,188160,2023-02-04 17:00:00,21,2,0,7,7
6589606,1610,1611,364,186810,2021-02-28 16:30:00,26,0,0,3,4
10480190,1646,1628,364,188989,2023-11-04 15:00:00,11,0,2,12,1
8823225,691,708,795,188124,2023-06-04 19:00:00,38,3,3,7,5
7516834,2500,2459,426,187511,2021-09-25 13:30:00,6,1,0,5,4
6425228,3813,3803,412,186243,2020-08-23 13:00:00,1,4,0,4,4
7512033,10531,1640,346,187482,2022-03-05 15:00:00,36,3,1,1,4
8785108,2445,2457,426,188082,2022-11-08 19:30:00,14,2,1,8,5
8819636,1641,1673,346,188096,2022-12-26 15:00:00,24,1,2,2,3
6632702,674,680,795,186267,2020-12-22 16:30:00,15,0,1,3,5
6632654,802,682,795,186267,2021-01-23 13:00:00,20,0,0,1,2
7246120,5651,5656,255,187168,2021-08-22 19:00:00,17,0,1,4,2
10521281,756,674,795,189012,2023-12-02 13:00:00,15,2,1,3,2
8341217,5646,5653,255,187965,2022-06-05 19:00:00,9,0,0,6,2
7536395,698,846,795,187526,2022-01-20 18:00:00,21,4,2,4,8
7511979,1637,10529,346,187482,2022-04-09 14:00:00,41,1,2,5,5
7485455,1633,1631,364,187475,2021-08-23 19:00:00,2,4,1,10,0
7517713,3774,3795,412,187374,2022-02-20 14:00:00,25,4,1,6,7
9967373,5673,5663,255,188756,2023-05-20 21:30:00,7,2,1,1,2
6594221,1640,1659,346,186333,2020-10-02 18:45:00,4,1,3,1,6
6632696,676,701,795,186267,2020-12-29 18:15:00,16,1,1,5,7
6594074,1666,1637,346,186333,2020-12-02 19:45:00,15,1,1,2,7
7485263,1669,1614,364,187475,2022-01-02 14:00:00,21,2,1,3,7
8785019,2451,2449,426,188082,2022-08-20 13:30:00,3,0,0,12,4
8826667,3162,3161,524,188160,2022-08-26 18:45:00,3,3,1,2,4
8786079,3787,3803,412,188122,2023-02-12 14:00:00,23,3,0,4,3
8786331,3781,3774,412,188122,2023-05-21 11:00:00,36,0,5,2,5
8786128,3774,3771,412,188122,2023-03-05 19:45:00,26,0,1,4,3
10607794,3185,3166,524,188994,2024-05-03 18:45:00,35,0,0,2,4
10607495,3168,3162,524,188994,2023-08-20 18:45:00,1,2,1,5,2
6185011,5677,5653,255,186667,2020-10-19 23:00:00,17,3,1,2,7
7517629,3773,3787,412,187374,2022-04-20 19:00:00,33,2,0,5,3
9967425,5653,5673,255,188756,2023-07-02 19:00:00,13,2,2,4,7
7512448,1616,1672,346,187482,2021-08-21 14:00:00,4,2,0,9,1
7517737,3776,3767,412,187374,2022-02-06 19:45:00,23,1,5,4,3
8826753,3315,3194,524,188160,2022-10-24 18:45:00,11,2,1,4,5
6593747,1618,1642,346,186333,2021-04-21 18:45:00,43,1,1,5,3
10517514,1627,1673,346,188987,2023-09-02 14:00:00,5,1,2,4,9
9967513,5656,5643,255,188756,2023-08-27,21,1,1,7,6
6593817,1647,1669,346,186333,2021-03-16 19:00:00,37,2,2,7,4
6589645,1633,1609,364,186810,2021-03-21 15:00:00,29,3,3,3,5
7516847,2445,2453,426,187511,2021-08-28 13:30:00,3,2,3,8,5
10480156,1612,1642,364,188989,2023-10-29 14:00:00,10,3,0,8,3
8341503,5663,5685,255,187965,2022-11-09 23:30:00,37,6,0,7,0
10607673,3185,3173,524,188994,2023-08-21 16:30:00,1,0,0,8,3
10607798,3173,3159,524,188994,2024-04-19 18:45:00,33,2,2,4,3
6425433,3771,3766,412,186243,2021-02-28 20:00:00,27,1,1,7,2
7516863,2453,2447,426,187511,2021-08-21 13:30:00,2,2,1,0,10
9967388,5653,5644,255,188756,2023-05-14,6,2,0,3,3
8826920,3315,3185,524,188160,2023-04-03 18:45:00,28,1,1,6,7
10521310,714,675,795,189012,2024-01-27 15:15:00,22,1,2,1,6
7606825,3205,3166,524,187528,2021-11-28 14:00:00,14,0,1,3,6
8822981,674,702,795,188124,2022-10-15 14:15:00,9,2,2,6,1
9967429,5657,5643,255,188756,2023-06-22 23:00:00,11,0,1,8,2
6594108,1663,1669,346,186333,2020-11-24 19:45:00,13,0,1,2,12
10518310,1640,1641,346,188987,2024-02-23 19:45:00,34,0,3,6,6
9967361,5646,5707,255,188756,2023-04-15 19:00:00,1,2,1,4,4
10480391,1660,1616,364,188989,2024-05-19 15:00:00,38,2,4,4,4
8819459,10531,1636,346,188096,2022-09-13 18:45:00,10,0,1,6,4
7606937,3191,3185,524,187528,2021-09-27 18:45:00,6,1,1,4,1
12337151,5640,5648,255,189744,2024-06-20 00:30:00,10,2,0,6,5
6594050,1641,1620,346,186333,2020-12-09 19:00:00,17,3,0,0,4
8341331,5663,5656,255,187965,2022-08-21 21:00:00,23,1,0,4,7
8776889,1642,1628,364,188095,2022-11-12 15:00:00,16,1,0,1,5
9967545,5677,5673,255,188756,2023-08-06 21:30:00,18,3,1,7,2
10607653,3187,3173,524,188994,2023-12-16 17:00:00,16,2,1,5,3
8341204,5673,5648,255,187965,2022-06-16 00:30:00,12,0,0,3,8
6594116,1620,1626,346,186333,2020-11-21 15:00:00,12,0,1,5,5
7246279,5707,5650,255,187168,2021-05-29 22:00:00,1,2,2,9,1
7485338,1646,1633,364,187475,2021-12-12 14:00:00,16,0,0,6,14
6543018,2462,2443,426,186265,2020-10-31 14:30:00,6,1,1,5,3
8785124,2453,2463,426,188082,2022-11-06 16:30:00,13,2,0,5,3
10567027,3770,3788,412,189971,2023-09-23 15:00:00,6,5,3,4,2
8826796,3187,3178,524,188160,2022-11-08 17:30:00,14,2,0,5,0
10517485,1634,1621,346,188987,2023-09-23 14:00:00,8,4,3,10,5
6593841,1655,1650,346,186333,2021-03-06 15:00:00,35,0,2,4,8
6593883,1637,1620,346,186333,2021-02-20 15:00:00,31,0,2,5,4
7516711,2445,2975,426,187511,2022-01-15 14:30:00,19,0,2,5,1
10572111,2482,2446,426,188974,2023-11-04 14:30:00,10,2,3,4,3
8776793,1630,1642,364,188095,2023-04-04 18:45:00,7,2,1,11,4
7517682,3770,3799,412,187374,2022-04-17 13:00:00,32,1,1,14,5
6632476,698,695,795,186267,2021-05-16 16:30:00,37,2,1,3,4
8786054,3779,3799,412,188122,2023-02-18 20:00:00,24,2,1,4,5
10521157,674,679,795,189012,2023-09-16 14:15:00,5,3,0,5,8
6639662,3219,3166,524,186353,2020-10-04 13:00:00,3,1,0,4,10
6185194,5677,5643,255,186667,2021-02-06 22:00:00,35,3,3,8,1
6425292,3804,19830,412,186243,2020-12-20 14:00:00,16,0,1,2,6
7516820,2446,2451,426,187511,2021-10-30 13:30:00,10,0,2,10,2
8786074,3770,3788,412,188122,2023-02-12 16:05:00,23,1,0,7,3
6185217,5653,5646,255,186667,2021-02-26 00:30:00,38,2,0,5,4
6632649,702,676,795,186267,2021-01-24 15:15:00,20,0,2,0,7
7512084,1650,1664,346,187482,2022-02-23 19:45:00,34,2,1,3,1
7536342,691,695,795,187526,2021-12-11 13:00:00,17,4,3,4,2
8819388,1627,10529,346,188096,2022-08-17 19:00:00,4,0,0,9,2
7536094,681,702,795,187526,2021-11-29 20:00:00,15,1,1,5,4
7485441,1609,1628,364,187475,2021-10-18 19:00:00,8,2,2,6,3
8823184,698,692,795,188124,2023-05-03 20:00:00,33,1,0,1,5
9967395,5677,5660,255,188756,2023-05-07 19:00:00,4,3,1,3,5
11933070,5812,5646,255,189744,2024-11-23 22:30:00,35,0,1,4,2
6542989,2500,2462,426,186265,2020-11-28 14:30:00,9,3,3,4,5
8785869,3780,3799,412,188122,2022-10-16 11:00:00,11,3,2,2,8
7512404,1647,1642,346,187482,2021-08-28 11:30:00,5,1,1,8,4
10607831,3159,3254,524,188994,2024-02-25 11:30:00,26,3,2,8,3
8826880,3185,3235,524,188160,2023-02-20 19:45:00,23,2,2,5,1
6593799,1637,1650,346,186333,2021-03-20 15:00:00,38,1,1,7,5
7536247,698,687,795,187526,2021-10-03 16:30:00,8,1,1,2,5
8826806,3187,3163,524,188160,2022-11-12 14:00:00,15,3,2,5,3
6542902,2454,2447,426,186265,2021-01-22 19:30:00,18,4,2,3,7
6185183,5656,5669,255,186667,2021-02-04 00:30:00,34,2,1,8,3
6589620,1612,1616,364,186810,2021-03-07 14:00:00,27,0,1,9,4
6542882,2482,2462,426,186265,2021-02-07 14:30:00,20,1,3,4,7
7517632,3773,3770,412,187374,2022-04-30 15:00:00,35,2,2,6,5
7512381,1664,1663,346,187482,2021-09-25 14:00:00,9,1,0,6,4
6639312,3197,3194,524,186353,2021-05-13 18:45:00,36,2,1,0,9
7606748,3205,3164,524,187528,2022-01-23 14:00:00,23,1,0,2,5
8785235,2443,2482,426,188082,2023-04-02 15:30:00,26,1,2,1,6
10607682,3162,3193,524,188994,2023-08-27 18:45:00,2,0,1,15,1
6589371,1619,1624,364,186810,2020-09-20 11:00:00,2,2,5,3,2
7606835,3194,3172,524,187528,2021-12-12 14:00:00,17,1,2,6,6
7485466,1623,1646,364,187475,2021-09-13 19:00:00,4,3,1,4,6
6425195,3772,3775,412,186243,2020-09-27 11:00:00,5,0,0,7,7
11933089,5644,5659,255,189744,2024-12-05 00:30:00,37,0,1,10,1
7517783,3774,3776,412,187374,2021-12-01 20:00:00,16,1,2,3,1
10518142,1621,1655,346,188987,2023-12-12 19:45:00,21,2,1,3,4
8823018,679,702,795,188124,2022-12-29 20:30:00,15,2,0,3,5
10572272,2520,2444,426,188974,2024-03-16 14:30:00,26,2,5,2,9
10607716,3254,3166,524,188994,2024-04-07 10:30:00,31,0,0,5,2
10518037,1641,1655,346,188987,2024-01-13 15:00:00,27,2,0,8,6
8826877,3162,3172,524,188160,2023-02-11 19:45:00,22,0,2,5,7
11932975,5654,5657,255,189744,2024-09-15 21:30:00,26,1,1,5,6
8819504,1643,1638,346,188096,2022-10-05 18:45:00,13,1,1,6,4
8819728,1650,1638,346,188096,2023-02-11 15:00:00,31,1,2,4,3
8777094,1651,1619,364,188095,2023-05-21 13:00:00,37,3,1,4,3
10521449,696,676,795,189012,2024-02-03 17:30:00,23,1,3,13,5
7518025,3766,3803,412,187374,2021-08-07 15:00:00,1,1,1,9,4
6639320,3173,3176,524,186353,2021-05-12 16:30:00,36,0,0,3,1
8785319,2500,2453,426,188082,2023-05-13 13:30:00,32,4,2,1,7
10572117,2658,2445,426,188974,2023-11-05 16:30:00,10,2,0,9,6
7485336,1669,1625,364,187475,2021-12-29 20:15:00,20,0,1,3,5
9967465,5677,5656,255,188756,2023-07-22 21:30:00,16,0,0,11,5
7512105,1637,1639,346,187482,2022-04-05 19:00:00,30,2,1,5,3
7512184,1663,1639,346,187482,2022-03-08 19:45:00,24,1,1,2,8
6632659,682,846,795,186267,2021-01-20 20:30:00,19,2,2,3,0
6594100,1620,1647,346,186333,2020-11-25 19:00:00,13,3,0,4,5
10607861,3163,3161,524,188994,2024-04-08 18:45:00,31,1,2,0,7
8819451,1618,1640,346,188096,2022-09-17 14:00:00,11,0,0,6,4
8826688,3159,3192,524,188160,2022-09-11 18:45:00,6,2,2,8,2
7246230,5655,5653,255,187168,2021-06-27 23:30:00,7,2,0,4,6
7246109,5819,5674,255,187168,2021-12-07,37,0,1,6,3
6639363,3157,3315,524,186353,2021-04-21 16:30:00,32,1,2,3,7
8776906,1611,1642,364,188095,2022-12-27 20:00:00,17,3,0,9,9
7536212,702,675,795,187526,2021-10-30 12:00:00,12,1,2,5,4
10521102,692,681,795,189012,2023-08-13 15:00:00,1,0,2,7,2
10567107,3787,3771,412,189971,2023-12-20 20:00:00,17,1,1,5,10
6593979,1639,1659,346,186333,2021-01-02 19:45:00,23,0,1,2,3
7246046,5673,5646,255,187168,2021-10-07 00:30:00,24,2,1,8,5
8823135,713,681,795,188124,2023-04-14 19:00:00,29,2,1,2,3
10567049,3773,3770,412,189971,2023-10-28 19:00:00,10,4,0,4,1
6185033,5663,5648,255,186667,2020-11-01,19,0,1,3,7
8823040,708,679,795,188124,2023-01-15 15:15:00,17,1,1,3,3
6589718,1610,1631,364,186810,2021-05-18 19:15:00,37,2,1,6,5
8776803,1630,1614,364,188095,2022-10-02 15:30:00,9,0,0,2,9
6185163,5812,5663,255,186667,2021-01-24 21:15:00,32,2,0,5,5
6185085,5657,5648,255,186667,2020-12-13 23:30:00,25,1,1,4,2
8785182,2462,2443,426,188082,2023-02-18 17:30:00,21,2,0,5,2
10567199,3777,3767,412,189971,2024-05-19 19:00:00,34,0,2,1,10
7512153,1672,1639,346,187482,2022-01-16 12:00:00,27,0,2,7,5
10518775,10529,1673,346,188987,2024-03-06 19:45:00,36,1,0,3,3
8341447,5644,5669,255,187965,2022-10-27 00:45:00,34,2,1,5,5
10517767,1619,10529,346,188987,2023-12-02 15:00:00,19,2,0,7,3
7518012,3777,3802,412,187374,2021-08-22 13:00:00,3,1,1,5,8
8823027,708,698,795,188124,2022-11-09 18:00:00,14,1,0,7,6
10572311,2482,2975,426,188974,2024-05-03 18:30:00,32,1,1,4,4
7516770,2453,2462,426,187511,2021-11-21 14:30:00,12,0,2,10,4
10517517,1650,1632,346,188987,2023-09-16 14:00:00,6,1,3,0,8
8785867,3797,3803,412,188122,2022-10-23 13:00:00,12,1,3,7,4
6589489,1611,1630,364,186810,2020-12-20 16:30:00,14,6,2,11,13
7606767,3315,3193,524,187528,2022-01-06 15:30:00,20,1,1,7,4
8826930,3163,3157,524,188160,2023-03-18 19:45:00,27,3,1,5,6
8826789,3157,3205,524,188160,2022-11-05 19:45:00,13,2,1,3,6
6593789,1673,1669,346,186333,2021-04-03 11:30:00,39,1,1,2,4
9967679,5644,5648,255,188756,2023-11-08 22:00:00,33,0,0,5,3
6632625,698,687,795,186267,2021-02-14 13:00:00,23,0,1,2,5
6589464,1609,1646,364,186810,2020-12-13 19:15:00,12,0,1,13,4
10607684,3173,3161,524,188994,2023-08-28 18:45:00,2,0,2,4,7
7516790,2447,2444,426,187511,2021-12-04 17:30:00,14,2,3,4,6
10517770,1666,1621,346,188987,2023-12-02 15:00:00,19,3,1,3,7
10517477,1672,1666,346,188987,2023-08-12 14:00:00,2,4,2,9,1
8819695,1635,1660,346,188096,2023-01-21 15:00:00,28,0,2,3,1
10517861,1644,1638,346,188987,2023-10-28 14:00:00,14,2,2,7,2
8819392,1635,1655,346,188096,2022-08-13 14:00:00,3,1,1,5,1
6639535,3158,3164,524,186353,2021-01-03 14:00:00,15,1,0,8,2
10607611,3163,3315,524,188994,2023-12-17 14:00:00,16,2,2,1,13
6543058,2445,2453,426,186265,2020-09-19 13:30:00,1,2,3,7,2
7512374,1647,1637,346,187482,2021-09-29 18:45:00,10,1,0,2,4
11340322,5663,5643,255,188756,2023-12-03 21:30:00,37,1,0,4,2
7512343,1672,1668,346,187482,2021-10-20 18:45:00,13,1,2,8,4
8819538,1621,1632,346,188096,2022-10-18 19:00:00,16,2,0,3,7
8777107,1611,1616,364,188095,2023-05-28 15:30:00,38,2,1,5,4
11932942,5657,5648,255,189744,2024-08-11 00:30:00,22,2,0,6,3
10518715,1632,1650,346,188987,2024-03-16 15:00:00,38,0,0,5,7
10480319,1660,1610,364,188989,2023-12-30 12:30:00,20,2,3,7,2
7606909,3161,3172,524,187528,2021-09-25 16:00:00,6,2,2,4,11
10572268,2447,2445,426,188974,2024-04-06 16:30:00,28,0,1,8,3
8341441,5651,5646,255,187965,2022-10-26 00:45:00,34,1,3,0,9
8819750,1664,1639,346,188096,2023-02-18 15:00:00,33,1,0,3,5
6542966,2482,2975,426,186265,2020-12-16 19:30:00,12,0,1,5,5
6594099,1638,1637,346,186333,2020-11-25 19:00:00,13,1,1,5,0
10480095,1633,1613,364,188989,2023-10-08 13:00:00,8,2,2,4,2
11933094,5656,5677,255,189744,2024-12-03 23:00:00,37,3,0,7,3
7246044,5644,5677,255,187168,2021-09-26 19:00:00,22,2,0,8,7
8776969,1619,1614,364,188095,2023-01-21 15:00:00,21,0,1,2,2
8776966,1651,1659,364,188095,2023-02-04 15:00:00,22,1,0,7,3
8777069,1614,1624,364,188095,2023-05-13 14:00:00,36,2,1,8,3
7511924,10529,1618,346,187482,2022-04-30 14:00:00,45,1,1,7,2
6185101,5654,5677,255,186667,2020-12-20 21:15:00,26,4,3,7,8
6594064,1637,1642,346,186333,2020-12-05 12:30:00,16,2,0,7,3
8826989,3178,3192,524,188160,2023-05-08 16:30:00,34,2,1,8,7
10572158,2462,2454,426,188974,2023-12-20 19:30:00,16,2,1,8,2
6589501,1636,1623,364,186810,2020-12-26 20:00:00,15,0,1,5,3
11932870,5646,5677,255,189744,2024-07-07 21:30:00,15,2,0,4,3
7517647,3799,3767,412,187374,2022-04-20 19:00:00,33,0,3,3,7
6425379,3776,3787,412,186243,2021-04-16 19:00:00,33,1,1,9,0
8819732,1627,1621,346,188096,2023-02-15 20:00:00,32,1,1,12,5
8785827,3802,19830,412,188122,2022-09-18 11:00:00,8,0,3,5,4
10518041,1643,1639,346,188987,2024-01-13 15:00:00,27,0,1,3,6
8777111,1631,1633,364,188095,2023-05-28 15:30:00,38,2,1,3,5
10521409,696,679,795,189012,2024-04-21 16:30:00,32,2,0,1,11
8785168,2460,2447,426,188082,2023-01-25 17:30:00,17,1,2,2,3
8822963,676,702,795,188124,2022-09-17 14:15:00,6,3,0,6,0
7516825,2446,2444,426,187511,2021-10-17 13:30:00,8,1,5,4,7
8826884,3161,3163,524,188160,2023-02-18 19:45:00,23,3,1,3,8
8341315,5663,5659,255,187965,2022-09-04 19:00:00,25,1,3,5,9
10521283,700,675,795,189012,2023-11-26 17:30:00,14,0,3,4,4
8819465,1632,1638,346,188096,2022-12-03 12:30:00,9,3,0,1,8
8823024,678,690,795,188124,2022-11-08 19:00:00,14,3,0,10,2
8785209,2460,2482,426,188082,2023-03-04 14:30:00,23,1,0,11,3
11932890,5638,5649,255,189744,2024-07-17 23:00:00,17,1,0,8,9
8341166,5654,5646,255,187965,2022-04-20 22:30:00,4,0,0,9,6
10518322,10531,1621,346,188987,2024-03-02 15:00:00,35,2,1,6,6
8785032,2447,2482,426,188082,2022-09-02 18:30:00,5,1,0,5,8
6639388,3159,3193,524,186353,2021-04-11 13:00:00,30,3,1,8,6
6589723,1619,1630,364,186810,2021-05-18 17:00:00,37,0,2,4,4
8826905,3187,3162,524,188160,2023-03-03 19:45:00,25,0,1,8,3
7517785,3777,3767,412,187374,2021-09-22 19:00:00,7,1,2,3,3
10480194,1612,1623,364,188989,2023-10-21 11:30:00,9,2,0,12,4
10567141,3802,3776,412,189971,2024-03-02 16:00:00,24,0,1,4,4
7606703,3173,3157,524,187528,2022-03-19 19:45:00,30,0,1,6,5
6593966,1637,1669,346,186333,2021-02-10 19:00:00,24,1,3,9,5
10521158,698,681,795,189012,2023-09-17 12:00:00,5,3,2,6,3
6184890,5644,5653,255,186667,2020-08-22 22:00:00,5,1,0,2,5
6185044,5638,5643,255,186667,2020-11-07 22:00:00,20,2,1,10,2
7485491,1631,1629,364,187475,2021-08-14 14:00:00,1,1,0,5,4
7536049,680,675,795,187526,2022-04-17 19:00:00,32,2,3,0,3
10521416,675,700,795,189012,2024-05-04 14:15:00,34,3,0,7,4
8341304,5655,5812,255,187965,2022-07-10 21:00:00,16,1,0,9,10
10518580,1643,1620,346,188987,2023-12-26 15:00:00,24,1,0,0,11
8785788,3775,3771,412,188122,2022-08-28 13:00:00,4,0,3,7,5
7245948,5650,5648,255,187168,2021-11-17 23:30:00,33,1,0,2,5
8785930,3781,3802,412,188122,2023-01-11 18:00:00,18,0,1,2,2
7536402,682,679,795,187526,2022-01-09 20:00:00,20,2,2,7,3
8786068,3803,19830,412,188122,2023-02-19 14:00:00,24,1,2,5,5
8785857,3766,3780,412,188122,2022-10-07 19:00:00,10,1,1,4,5
11276319,1651,1629,364,188989,2024-01-22 19:45:00,21,0,0,8,2
8341152,5673,5650,255,187965,2022-04-16 22:00:00,2,4,1,5,5
10567255,3777,3788,412,189971,2024-02-04 14:00:00,20,1,2,4,3
10607651,3193,3159,524,188994,2023-12-15 19:45:00,16,1,1,6,8
8785202,2451,2462,426,188082,2023-03-05 16:30:00,23,2,2,4,5
10572219,2451,2448,426,188974,2024-04-20 13:30:00,30,1,0,5,8
10480083,1642,1636,364,188989,2023-08-18 18:45:00,2,2,1,6,7
8826983,3194,3161,524,188160,2023-05-03 19:00:00,33,0,6,2,7
8819581,1640,1621,346,188096,2022-11-01 19:45:00,19,1,0,3,4
6639525,3315,3193,524,186353,2021-01-06 14:00:00,16,2,1,8,2
7516789,2975,2448,426,187511,2021-10-02 16:30:00,7,3,0,2,3
8826774,3166,3185,524,188160,2022-11-06 11:30:00,13,2,1,3,1
8823277,674,698,795,188124,2022-09-04 19:00:00,4,5,1,9,1
6632751,681,802,795,186267,2020-11-20 20:00:00,10,1,1,4,3
6184889,5656,5663,255,186667,2020-08-27 00:30:00,5,1,1,5,1
9967563,5640,5654,255,188756,2023-10-19 22:00:00,27,0,2,9,3
10607674,3161,3192,524,188994,2024-02-16 20:00:00,25,4,0,18,0
10567043,3780,3797,412,189971,2023-09-03 11:00:00,4,2,2,0,8
8819696,1621,1664,346,188096,2023-02-21 19:45:00,29,1,0,8,2
8341320,5648,5660,255,187965,2022-08-20 22:00:00,23,5,2,11,3
7606726,3315,3158,524,187528,2022-02-13 17:00:00,25,2,2,4,3
10480429,1629,1616,364,188989,2024-03-09 15:00:00,28,2,1,3,4
7511967,1668,1621,346,187482,2022-04-15 14:00:00,42,2,1,7,6
10572112,2481,2451,426,188974,2023-10-28 13:30:00,9,3,2,5,5
10480230,1612,1609,364,188989,2023-12-23 17:30:00,18,1,1,4,5
8341249,5659,5651,255,187965,2022-07-24,19,2,0,2,11
8819526,1643,1673,346,188096,2022-10-15 11:30:00,15,2,1,3,3
8819596,1618,1632,346,188096,2022-11-11 20:00:00,21,1,2,7,3
11477322,846,678,795,189012,2023-12-11 20:00:00,16,1,1,1,8
10480249,1629,1611,364,188989,2024-02-01 20:15:00,22,3,4,4,5
10518323,1649,1634,346,188987,2024-03-02 15:00:00,35,0,2,5,7
7536093,686,682,795,187526,2021-09-19 12:00:00,5,0,0,3,1
6542977,2459,2460,426,186265,2020-12-05 14:30:00,10,2,1,2,3
10567171,3793,3770,412,189971,2024-04-14 11:00:00,29,0,1,6,7
7606718,3192,3157,524,187528,2022-02-19 19:45:00,26,2,2,4,7
10518645,1644,1630,346,188987,2024-03-29 20:00:00,39,2,2,8,5
6589398,1625,1609,364,186810,2020-10-17 16:30:00,5,1,0,6,6
10518424,1644,10529,346,188987,2024-02-03 15:00:00,30,0,1,10,2
10607776,3176,3236,524,188994,2024-05-13 18:45:00,36,2,1,6,1
7517708,3795,3771,412,187374,2022-02-27 16:05:00,26,1,1,4,8
10518356,1618,1621,346,188987,2024-02-13 19:45:00,32,1,0,6,4
7606735,3162,3172,524,187528,2022-01-22 19:45:00,23,0,0,4,1
10521126,846,713,795,189012,2023-08-21 19:30:00,2,0,2,6,6
12281102,5685,5653,255,189744,2024-06-12 00:30:00,8,1,2,8,5
7606881,3205,3185,524,187528,2021-11-06 14:00:00,12,1,0,2,3
8819563,10529,1643,346,188096,2022-10-29 14:00:00,18,1,0,10,3
8827024,3192,3163,524,188160,2023-05-27 13:00:00,37,3,2,2,1
6594250,1644,1620,346,186333,2020-09-11 18:45:00,1,1,0,6,6
10517855,10529,1655,346,188987,2023-10-28 14:00:00,14,2,0,4,3
7512241,1668,1663,346,187482,2021-11-27 15:00:00,20,0,0,6,3
8785184,2448,2453,426,188082,2023-02-18 14:30:00,21,0,2,5,5
12281087,5648,5650,255,189744,2024-06-01 21:30:00,7,1,1,5,3
11933022,5812,5707,255,189744,2024-10-18 22:00:00,30,0,0,8,4
6425187,3782,3774,412,186243,2020-09-26 15:00:00,5,0,3,6,4
8785074,2448,2462,426,188082,2022-10-08 13:30:00,9,3,0,9,4
8786125,3780,3797,412,188122,2023-03-05 14:00:00,26,0,1,4,5
8786078,3797,3771,412,188122,2023-02-11 20:45:00,23,0,2,3,5
8819668,1627,1637,346,188096,2023-01-02 15:00:00,26,1,0,6,3
9967580,5673,5685,255,188756,2023-09-20 00:30:00,24,0,2,2,14
6425265,3782,3767,412,186243,2021-01-06 20:00:00,18,1,1,9,10
6185064,5674,5812,255,186667,2020-11-23 23:00:00,22,0,1,10,5
7512018,1642,1650,346,187482,2022-03-16 19:45:00,38,3,1,6,2
7517975,3803,3799,412,187374,2021-09-12 13:00:00,5,1,1,5,3
10572057,2482,2447,426,188974,2023-09-29 18:30:00,6,1,3,4,3
8777027,1616,1630,364,188095,2023-04-22 11:30:00,32,2,1,8,6
7485268,1611,1629,364,187475,2022-01-03 17:30:00,21,0,1,3,8
6589415,1616,1627,364,186810,2020-11-02 17:30:00,7,2,0,5,2
8827022,3172,3236,524,188160,2023-06-04 19:00:00,38,5,2,5,1
8823110,690,678,795,188124,2023-03-17 20:00:00,26,1,3,2,9
8341347,5666,5644,255,187965,2022-08-22 23:00:00,23,0,1,8,4
8786247,3767,3788,412,188122,2023-04-30 15:05:00,33,1,3,2,3
10572162,2443,2481,426,188974,2023-12-09 14:30:00,14,2,0,5,2
8341164,5643,5646,255,187965,2022-04-16 19:30:00,2,1,1,2,6
7485269,1646,1631,364,187475,2022-03-01 19:45:00,22,0,2,6,8
7485339,1669,1611,364,187475,2022-01-19 20:00:00,17,1,3,6,9
10567275,3766,3771,412,189971,2024-02-04 19:45:00,20,1,0,3,2
8777055,1628,1633,364,188095,2023-04-29 11:30:00,34,4,3,8,5
7606959,3193,3176,524,187528,2021-09-18 13:00:00,4,1,2,1,11
8823244,675,691,795,188124,2023-03-11 13:00:00,25,3,1,7,4
6589486,1610,1633,364,186810,2020-12-21 20:00:00,14,3,0,5,4
6425340,3776,3788,412,186243,2020-11-22 20:00:00,11,4,0,9,4
7246152,5669,5663,255,187168,2021-08-01 23:30:00,14,3,1,5,9
10518986,1673,1618,346,188987,2024-04-27 14:00:00,45,1,1,9,5
10521462,686,675,795,189012,2024-04-13 16:30:00,31,0,1,4,2
7485372,1624,1669,364,187475,2021-12-02 19:30:00,14,2,0,10,5
7485270,1644,1624,364,187475,2022-01-01 15:00:00,21,0,1,3,7
8822923,702,708,795,188124,2022-08-22 18:00:00,2,1,1,6,5
10567057,3797,3775,412,189971,2023-10-27 19:00:00,10,0,1,2,2
6639524,3185,3194,524,186353,2021-01-06 14:00:00,16,1,1,9,3
7512378,1638,1640,346,187482,2021-09-18 14:00:00,8,1,1,8,4
7246144,5673,5648,255,187168,2021-08-08 19:00:00,15,1,0,4,8
7536250,702,692,795,187526,2021-10-03 12:00:00,8,1,0,7,4
7485188,1624,1623,364,187475,2022-03-07 20:00:00,28,5,0,5,2
9967433,5660,5644,255,188756,2023-06-22 23:00:00,11,0,1,10,5
8785922,3795,3770,412,188122,2022-12-28 14:00:00,16,0,0,4,4
6593960,1666,1678,346,186333,2021-02-09 19:00:00,25,2,0,9,2
11603823,1619,1672,346,188987,2024-02-20 19:45:00,29,1,2,4,2
6593965,1644,1673,346,186333,2021-01-16 15:00:00,24,2,0,4,3
8776963,1610,1619,364,188095,2023-02-18 15:00:00,24,0,1,8,2
11873153,5812,5654,255,189744,2024-04-14 19:00:00,1,1,2,4,4
8823299,698,700,795,188124,2022-11-05 13:00:00,13,0,0,5,5
7516722,2459,2463,426,187511,2021-12-04 14:30:00,14,1,1,7,1
8819709,1618,1627,346,188096,2023-02-10 20:00:00,31,2,0,5,6
7516675,2460,2446,426,187511,2022-02-18 19:30:00,23,3,2,6,2
6594238,1666,1644,346,186333,2020-09-19 14:00:00,2,0,0,2,8
8341416,5707,5673,255,187965,2022-09-29,28,2,1,2,4
8819423,1646,1638,346,188096,2022-08-30 18:45:00,7,2,0,5,3
7536254,684,680,795,187526,2021-11-07 20:00:00,13,0,2,2,1
7485240,1611,1633,364,187475,2022-01-22 15:00:00,23,1,0,3,3
6639569,3159,3172,524,186353,2020-12-16 17:30:00,12,1,1,2,6
10566990,3797,19830,412,189971,2023-08-13 13:00:00,1,2,4,6,2
12337153,5659,5651,255,189744,2024-06-19 22:00:00,10,1,1,5,9
10521372,676,713,795,189012,2024-05-19 17:00:00,37,3,0,7,5
6184949,5656,5677,255,186667,2020-09-17 00:30:00,11,3,2,4,11
11873060,5685,5650,255,189744,2024-06-15 21:30:00,9,2,1,1,1
8785137,2445,2460,426,188082,2023-01-21 14:30:00,16,1,1,3,5
6425425,3775,3813,412,186243,2021-03-03 18:00:00,28,2,1,0,6
7606944,3194,3161,524,187528,2021-08-27 18:45:00,2,1,3,6,4
10572011,2462,2520,426,188974,2023-08-20 15:30:00,1,1,0,7,3
6594177,1638,1663,346,186333,2020-10-24 14:00:00,7,1,1,7,6
7606700,3173,3187,524,187528,2022-02-21 18:00:00,26,1,1,3,6
8785955,3779,3773,412,188122,2023-01-11 20:00:00,18,2,2,3,4
7512382,10531,1638,346,187482,2021-09-15 18:45:00,7,0,0,7,3
10572027,2443,2444,426,188974,2023-08-18 18:30:00,1,0,4,0,6
6589487,1628,1612,364,186810,2020-12-19 12:30:00,14,0,7,5,4
6594160,1660,1642,346,186333,2020-10-28 19:45:00,8,1,1,5,2
8777049,1610,1651,364,188095,2023-04-15 14:00:00,31,1,2,2,8
10521135,684,674,795,189012,2023-10-01 19:00:00,8,3,0,5,3
10607691,3168,3159,524,188994,2024-01-21 19:45:00,21,0,3,5,5
8341245,5707,5663,255,187965,2022-07-31 21:00:00,20,0,1,10,3
8341116,5646,5669,255,187965,2022-04-10,1,2,3,11,8
7536386,674,680,795,187526,2022-01-19 20:30:00,21,1,1,4,4
8819779,1637,1638,346,188096,2023-03-11 15:00:00,36,0,1,2,2
7517914,3799,3788,412,187374,2021-11-21 14:00:00,14,1,0,6,3
10572155,2658,2451,426,188974,2024-01-20 14:30:00,18,1,1,4,2
10607710,3315,3187,524,188994,2024-02-28 17:00:00,21,1,6,5,10
9967442,5663,5657,255,188756,2023-05-27 19:00:00,8,2,0,9,5
7512095,1641,1673,346,187482,2022-02-09 19:45:00,31,0,0,1,2
11933081,5646,5659,255,189744,2024-11-27 00:30:00,36,1,3,5,7
7535975,682,687,795,187526,2022-05-15 17:30:00,37,1,2,4,3
6639565,3163,3197,524,186353,2020-12-15 17:30:00,12,0,0,9,1
11932972,5707,5641,255,189744,2024-08-31 21:30:00,25,2,1,5,5
8785096,2445,2448,426,188082,2022-10-15 13:30:00,10,4,1,3,3
7517618,3795,3776,412,187374,2022-05-01 11:00:00,35,3,0,1,4
8819910,1620,1640,346,188096,2023-05-08 14:00:00,46,1,1,7,6
7512308,10529,1673,346,187482,2021-11-06 15:00:00,17,2,1,5,3
7246267,5654,5673,255,187168,2021-06-13 19:00:00,3,2,0,4,2
6589724,1624,1614,364,186810,2021-05-19 17:00:00,37,1,2,4,5
9967444,5648,5685,255,188756,2023-06-04 19:00:00,9,2,1,6,7
6632594,802,692,795,186267,2021-03-07 13:00:00,26,3,4,6,3
10572238,2448,2481,426,188974,2024-02-03 14:30:00,20,1,1,3,5
7516656,2459,2500,426,187511,2022-02-19 14:30:00,23,1,0,6,4
8819857,1618,1639,346,188096,2023-04-10 14:00:00,41,0,0,6,10
6185012,5660,5655,255,186667,2020-10-17 22:00:00,17,1,2,9,1
10480062,1660,1646,364,188989,2023-10-03 18:30:00,2,1,2,7,6
10480396,1610,1629,364,188989,2024-02-04 14:00:00,23,2,4,10,1
10521137,682,756,795,189012,2023-09-27 17:00:00,7,1,2,5,6
6589440,1636,1633,364,186810,2020-11-22 14:00:00,9,0,1,2,6
6542990,2451,2443,426,186265,2020-11-27 19:30:00,9,5,3,0,5
9967520,5643,5644,255,188756,2023-09-02 19:00:00,22,0,0,5,5
10518101,1631,1643,346,188987,2023-12-23 15:00:00,23,3,0,10,0
8823226,702,700,795,188124,2023-06-04 19:00:00,38,1,1,7,4
8785005,2460,2500,426,188082,2022-08-14 13:30:00,2,0,0,4,4
8785838,3776,3780,412,188122,2022-09-17 19:00:00,8,2,1,5,7
7536075,713,678,795,187526,2022-01-23 17:30:00,22,0,1,9,7
6425260,3777,3775,412,186243,2021-01-09 20:00:00,19,1,1,5,2
12337154,5638,5707,255,189744,2024-06-19 23:00:00,10,0,1,4,6
8826977,3162,3315,524,188160,2023-05-03 19:00:00,33,2,0,1,2
6639308,3219,3197,524,186353,2021-05-16 13:00:00,37,1,1,8,4
8823073,676,680,795,188124,2023-02-05 20:00:00,20,3,0,8,3
6593885,1642,1621,346,186333,2021-02-20 15:00:00,31,1,0,2,2
7606915,3159,3158,524,187528,2021-10-17 18:45:00,8,1,0,0,6
8827018,3187,3161,524,188160,2023-05-21 16:00:00,36,3,1,4,1
8341345,5653,5685,255,187965,2022-09-07 20:00:00,26,1,1,7,5
10518792,1673,1627,346,188987,2024-03-10 12:00:00,37,1,4,5,5
8341289,5651,5812,255,187965,2022-07-20 22:30:00,18,4,1,3,2
7606727,3159,3185,524,187528,2022-02-18 19:45:00,26,1,1,7,9
8341256,5812,5673,255,187965,2022-07-24 21:00:00,19,0,1,6,3
6589428,1631,1629,364,186810,2020-11-08 14:00:00,8,1,0,6,3
6542910,2481,2444,426,186265,2021-01-20 19:30:00,17,0,1,5,7
7517995,3782,3776,412,187374,2021-08-21 19:00:00,3,1,1,5,3
7536248,692,680,795,187526,2021-10-17 14:15:00,9,0,1,5,4
6542759,2460,2447,426,186265,2021-05-16 16:00:00,33,1,3,4,2
8822977,692,687,795,188124,2022-10-16 12:00:00,9,1,2,1,6
7606796,3205,3178,524,187528,2021-12-19 14:00:00,18,1,1,3,5
6425474,3782,3770,412,186243,2021-02-03 20:00:00,23,1,1,5,5
7535997,696,691,795,187526,2022-05-11 17:00:00,36,2,1,12,3
8826932,3172,3166,524,188160,2023-04-08 14:30:00,29,0,2,6,0
7485297,1619,1631,364,187475,2021-12-01 19:30:00,14,2,2,2,4
8341358,5646,5643,255,187965,2022-08-07 19:00:00,21,3,0,5,4
6632488,695,676,795,186267,2021-05-11 20:00:00,36,3,3,8,6
11933067,5642,5663,255,189744,2024-12-01 21:30:00,36,2,0,7,8
11932935,5640,5663,255,189744,2024-08-06,21,1,2,5,1
10521276,686,696,795,189012,2023-12-03 13:00:00,15,0,0,5,4
9967505,5644,5640,255,188756,2023-07-02,13,0,0,2,4
10480096,1625,1651,364,188989,2023-10-21 14:00:00,9,2,1,2,2
10607595,3187,3176,524,188994,2023-10-08 18:45:00,8,1,3,6,4
6184962,5651,5677,255,186667,2020-09-27 19:00:00,12,1,0,1,6
7485396,1613,1669,364,187475,2021-11-20 15:00:00,12,3,3,8,2
10607502,3193,3176,524,188994,2023-08-19 18:45:00,1,1,4,3,4
10572083,2445,2447,426,188974,2023-11-11 14:30:00,11,2,1,6,1
7516846,2469,2451,426,187511,2021-09-11 13:30:00,4,0,2,3,5
10480158,1628,1624,364,188989,2023-10-27 19:00:00,10,1,2,11,2
8826859,3166,3236,524,188160,2023-02-12 14:00:00,22,0,1,3,2
7512271,1620,1641,346,187482,2021-11-23 19:45:00,19,1,2,11,4
6632514,687,680,795,186267,2021-04-18 12:00:00,33,1,2,7,3
7485489,1646,1651,364,187475,2021-08-14 14:00:00,1,1,2,7,6
10607554,3172,3187,524,188994,2023-11-25 17:00:00,13,1,2,5,4
10572118,2443,2462,426,188974,2023-11-12 16:30:00,11,2,2,3,7
7536112,676,695,795,187526,2021-09-26 14:15:00,7,3,0,11,1
11622947,1631,10531,346,188987,2024-01-30 19:45:00,29,3,1,2,3
8819851,1639,1655,346,188096,2023-04-07 14:00:00,40,1,2,7,4
6542933,2460,2462,426,186265,2021-01-09 14:30:00,15,0,2,3,7
6425341,3804,3773,412,186243,2020-11-22 14:00:00,11,0,1,8,6
7516708,2469,2445,426,187511,2022-01-08 14:30:00,18,0,0,1,5
11933027,5642,5648,255,189744,2024-10-26 19:30:00,31,2,1,7,5
6589536,1614,1623,364,186810,2021-05-13 17:00:00,19,0,0,9,1
7517628,3770,3772,412,187374,2022-04-24 13:00:00,34,5,3,6,4
6542826,2453,2481,426,186265,2021-03-21 17:00:00,26,2,0,3,5
8785077,2975,2457,426,188082,2022-10-15 16:30:00,10,3,2,8,4
6425472,3803,3772,412,186243,2021-02-07 12:00:00,24,2,1,5,4
8785833,3773,3766,412,188122,2022-10-02 18:45:00,9,1,0,6,2
8819639,1672,1664,346,188096,2022-12-26 15:00:00,24,1,1,11,8
7606651,3191,3172,524,187528,2022-04-23 13:00:00,34,1,3,0,7
8785118,2446,2500,426,188082,2022-11-06 14:30:00,13,5,0,1,5
6425363,3799,3775,412,186243,2020-11-01 14:00:00,9,0,3,9,5
10480065,1659,1610,364,188989,2023-09-17 13:00:00,5,0,0,1,7
6639387,3194,3162,524,186353,2021-04-11 13:00:00,30,0,1,5,4
8822937,681,680,795,188124,2022-08-12 19:00:00,1,2,1,5,2
10518394,1650,1626,346,188987,2024-02-10 15:00:00,31,2,2,1,8
8826787,3159,3161,524,188160,2022-11-06 19:45:00,13,2,0,2,8
8776904,1613,1630,364,188095,2022-12-31 15:00:00,18,0,0,9,3
10521337,713,700,795,189012,2024-03-02 15:15:00,27,1,1,4,9
6632639,682,687,795,186267,2021-01-30 20:00:00,21,1,1,1,7
10607590,3178,3172,524,188994,2023-10-30 17:30:00,10,0,3,3,6
8786246,3803,3770,412,188122,2023-05-03 19:00:00,33,2,0,2,4
6593733,1621,1673,346,186333,2021-04-24 14:00:00,44,5,2,7,2
7536078,675,682,795,187526,2021-09-25 19:00:00,7,0,0,6,3
10517626,1655,1639,346,188987,2023-09-30 14:00:00,9,2,3,11,3
6589622,1636,1619,364,186810,2021-03-06 15:00:00,27,0,2,7,3
8819546,1621,1618,346,188096,2022-10-22 14:00:00,17,2,1,2,9
6593751,1643,1618,346,186333,2021-04-18 11:00:00,42,0,1,5,5
10521207,678,674,795,189012,2023-10-29 17:30:00,11,2,2,10,4
8785009,2462,2463,426,188082,2022-08-21 13:30:00,3,1,1,5,9
12281093,5657,5654,255,189744,2024-06-02 19:00:00,7,1,6,1,8
6594254,1673,1626,346,186333,2020-09-12 14:00:00,1,0,1,999,999
10480167,1611,1660,364,188989,2023-11-11 15:00:00,12,1,0,11,3
6593815,1620,1641,346,186333,2021-03-16 19:00:00,37,2,0,2,2
8819449,1643,1664,346,188096,2022-09-14 18:45:00,10,3,0,5,4
8786339,3779,3767,412,188122,2023-05-27 19:00:00,37,1,1,4,2
8819888,1626,10531,346,188096,2023-04-22 14:00:00,44,0,3,2,6
6632728,676,695,795,186267,2020-12-13 20:00:00,13,1,0,12,4
8826803,3163,3178,524,188160,2023-01-04 19:45:00,16,1,1,8,1
8822945,679,682,795,188124,2022-08-21 17:30:00,2,0,2,5,6
6589492,1624,1631,364,186810,2020-12-20 14:15:00,14,0,2,5,3
8823300,676,708,795,188124,2022-11-05 20:00:00,13,2,0,9,1
7512452,10531,1636,346,187482,2021-08-14 19:00:00,2,0,0,1,6
8776967,1613,1633,364,188095,2023-02-04 17:30:00,22,1,1,4,2
7512318,1650,1621,346,187482,2021-10-19 18:45:00,13,1,0,4,2
6542835,2446,2459,426,186265,2021-03-14 12:30:00,25,1,2,9,5
6593839,1673,10529,346,186333,2021-03-05 19:45:00,35,0,0,4,4
6425269,3771,3787,412,186243,2021-01-06 20:00:00,18,3,1,5,1
7245923,5812,5669,255,187168,2021-11-21,34,1,1,10,1
7512059,1673,1668,346,187482,2022-03-04 19:45:00,36,3,0,4,4
8785849,3769,3775,412,188122,2022-10-16 13:00:00,11,1,1,2,6
6589426,1628,1630,364,186810,2020-11-07 15:00:00,8,4,1,3,6
6632690,680,682,795,186267,2020-12-29 16:00:00,16,2,0,4,7
6425484,3775,3782,412,186243,2021-01-31 12:00:00,22,0,1,4,10
8341303,5650,5653,255,187965,2022-07-02 19:30:00,15,1,2,6,6
6632796,684,687,795,186267,2020-10-18 19:00:00,6,0,3,6,2
10480424,1616,1614,364,188989,2024-02-17 15:00:00,25,1,2,4,4
10518803,1630,1639,346,188987,2024-03-05 19:45:00,36,1,0,8,2
11985830,1628,1613,364,188989,2024-04-24 19:00:00,29,2,0,7,2
6589647,1614,1616,364,186810,2021-04-04 15:30:00,30,3,1,4,4
7512110,1640,1664,346,187482,2022-02-08 19:45:00,31,1,1,9,4
10567218,3802,3771,412,189971,2024-05-15 19:00:00,32,1,0,3,10
10480311,1611,1616,364,188989,2024-02-24 15:00:00,26,1,2,10,9
7517736,3766,3782,412,187374,2022-01-21 20:00:00,22,1,0,2,2
7485144,1613,1631,364,187475,2022-04-17 13:15:00,33,2,1,3,5
8341218,5650,5648,255,187965,2022-06-05 14:00:00,9,1,0,5,7
7536241,680,695,795,187526,2021-10-24 12:00:00,10,5,3,10,3
10607594,3159,3185,524,188994,2023-10-07 16:00:00,8,2,0,7,3
8819647,1639,1646,346,188096,2022-12-30 19:45:00,25,0,1,3,5
6185039,5812,5656,255,186667,2020-11-08,20,1,1,7,3
10517450,10529,1650,346,188987,2023-08-12 14:00:00,2,1,2,13,7
10607623,3254,3236,524,188994,2024-01-06 14:00:00,19,2,3,5,1
6589457,1610,1630,364,186810,2020-12-05 20:00:00,11,3,1,8,4
8776764,1651,1631,364,188095,2022-09-04 13:00:00,6,5,2,10,1
10480400,1633,1609,364,188989,2024-02-11 14:00:00,24,0,6,2,6
10517611,1650,1621,346,188987,2023-10-07 14:00:00,11,0,4,10,7
6639324,3161,3164,524,186353,2021-05-08 16:00:00,35,5,1,2,8
7536088,680,692,795,187526,2022-01-22 17:30:00,22,2,2,7,0
8785270,2445,2454,426,188082,2023-04-29 13:30:00,30,2,1,5,8
7246149,5654,5644,255,187168,2021-08-08 21:15:00,15,0,4,7,2
7606609,3178,3187,524,187528,2022-04-24 13:00:00,34,3,2,10,7
6593702,1650,1660,346,186333,2021-05-08 11:30:00,46,3,1,8,6
7485393,1612,1609,364,187475,2021-11-20 17:30:00,12,4,0,6,1
7511958,1640,1659,346,187482,2022-04-18 14:00:00,43,0,3,10,3
9967489,5655,5643,255,188756,2023-07-09 14:00:00,14,4,3,8,13
6594245,1660,1647,346,186333,2020-09-19 14:00:00,2,2,1,4,5
7606823,3187,3172,524,187528,2021-12-04 19:45:00,16,2,3,6,7
8823113,691,692,795,188124,2023-03-18 17:30:00,26,1,3,4,1
8785880,19830,3774,412,188122,2022-08-13 15:00:00,2,1,1,2,6
7512286,1639,1668,346,187482,2021-11-20 15:00:00,18,2,0,3,9
8785908,3781,3779,412,188122,2022-11-05 16:00:00,14,4,2,4,3
6639385,3164,3187,524,186353,2021-04-11 13:00:00,30,0,2,8,7
6632637,678,674,795,186267,2021-02-07 15:15:00,22,1,1,6,6
6589405,1651,1627,364,186810,2020-10-26 17:30:00,6,1,1,6,2
8823128,675,692,795,188124,2023-04-22 19:00:00,30,2,0,8,3
6639481,3157,3197,524,186353,2021-02-07 14:00:00,21,4,0,8,6
7517677,3772,3777,412,187374,2022-04-10 11:00:00,31,3,1,5,6
8826854,3172,3164,524,188160,2023-01-28 19:45:00,20,2,0,7,4
7485160,1612,1644,364,187475,2022-04-02 11:30:00,31,2,0,9,3
7536063,675,702,795,187526,2022-01-23 15:15:00,22,2,2,10,3
7516853,2482,2500,426,187511,2021-08-22 13:30:00,2,2,2,6,5
6639424,3197,3185,524,186353,2021-03-07 14:00:00,26,4,2,8,8
8785877,3799,3773,412,188122,2022-11-05 20:00:00,14,1,2,3,4
6589418,1611,1609,364,186810,2020-11-01 16:30:00,7,0,1,6,3
7512396,1621,1672,346,187482,2021-09-14 18:45:00,7,2,0,6,6
8819871,1643,1646,346,188096,2023-04-18 18:45:00,43,2,2,4,7
10521239,678,679,795,189012,2023-12-16 15:15:00,17,2,0,3,7
10480207,1660,1613,364,188989,2023-12-23 15:00:00,18,1,0,5,7
8776888,1610,1659,364,188095,2022-12-27 17:30:00,17,2,0,6,8
10518364,1655,1650,346,188987,2024-02-17 15:00:00,33,0,1,4,2
7512035,1627,1616,346,187482,2022-03-15 20:00:00,38,1,0,8,8
8826689,3166,3176,524,188160,2022-09-11 13:00:00,6,2,1,6,8
10480309,1613,1659,364,188989,2024-02-17 15:00:00,25,2,2,4,2
10567266,3779,3803,412,189971,2024-02-24 20:00:00,23,0,3,0,4
8826916,3158,3315,524,188160,2023-03-12 17:00:00,26,3,4,7,2
6184934,5643,5660,255,186667,2020-09-09 21:00:00,9,3,3,9,2
8823304,713,675,795,188124,2022-11-07 20:00:00,13,3,2,4,5
10607687,3185,3192,524,188994,2024-02-04 11:30:00,23,0,0,10,1
10521215,714,692,795,189012,2023-10-02 19:00:00,8,2,1,4,5
6542852,2500,2482,426,186265,2021-02-28 12:30:00,23,1,1,3,4
8826875,3187,3235,524,188160,2023-02-12 19:45:00,22,3,0,9,7
6542993,2975,2459,426,186265,2020-11-28 14:30:00,9,2,1,6,7
10521140,714,846,795,189012,2023-09-24 16:30:00,6,1,0,6,7
7606659,3187,3158,524,187528,2022-04-18 17:00:00,33,1,1,5,5
10480379,1611,1609,364,188989,2024-05-12 15:30:00,37,0,1,4,7
10480102,1642,1669,364,188989,2023-10-01 13:00:00,7,1,1,1,11
10567223,3767,3780,412,189971,2024-05-12 19:00:00,33,1,3,4,6
8341298,5644,5660,255,187965,2022-06-25 00:30:00,14,3,0,1,9
10572304,2520,2482,426,188974,2024-05-12 13:30:00,33,0,6,2,3
10517823,1627,1672,346,188987,2023-11-04 15:00:00,15,3,1,1,2
8826738,3185,3159,524,188160,2022-10-15 16:00:00,10,0,1,3,6
8785829,3779,3774,412,188122,2022-10-01 15:00:00,9,1,3,0,5
7246252,5669,5677,255,187168,2021-06-17 19:00:00,4,1,2,7,2
6185072,5646,5651,255,186667,2020-11-28 20:00:00,23,3,0,10,1
6632504,702,679,795,186267,2021-05-01 14:15:00,34,0,1,3,2
11933061,5648,5663,255,189744,2024-11-23 00:30:00,34,2,2,8,3
8785870,3788,3802,412,188122,2022-10-15 15:00:00,11,0,0,2,2
7606855,3162,3159,524,187528,2021-11-20 17:00:00,13,0,2,3,2
6184976,5659,5646,255,186667,2020-10-08 00:30:00,14,2,1,2,5
6632752,695,702,795,186267,2020-11-21 13:00:00,10,1,1,5,4
7606942,3176,3187,524,187528,2021-10-03 16:00:00,7,1,2,8,2
6425454,3802,3773,412,186243,2021-02-13 18:00:00,25,1,1,4,6
7245983,5819,5654,255,187168,2021-11-08 23:00:00,30,2,2,7,6
8785859,3776,19830,412,188122,2022-10-23 18:45:00,12,4,3,6,6
7516710,2444,2451,426,187511,2021-12-17 19:30:00,17,4,0,5,3
8341334,5685,5646,255,187965,2022-09-03 22:00:00,25,2,2,2,11
7536274,675,713,795,187526,2021-11-06 20:00:00,13,2,1,4,5
10517521,1619,1631,346,188987,2023-09-15 19:00:00,6,1,4,9,3
7536119,696,679,795,187526,2021-09-25 12:00:00,7,1,0,3,8
8785780,3788,3766,412,188122,2022-09-07 17:00:00,2,3,1,1,6
7606898,3191,3192,524,187528,2021-10-26 16:30:00,10,1,2,4,5
10572247,2451,2482,426,188974,2024-02-04 14:30:00,20,2,2,7,2
8777075,1611,1614,364,188095,2023-04-30 13:00:00,34,1,0,1,4
11873045,5648,5642,255,189744,2024-06-27 22:00:00,12,0,1,6,2
8776942,1669,1628,364,188095,2023-02-18 15:00:00,24,1,1,2,6
7606918,3187,3173,524,187528,2021-09-26 18:45:00,6,2,0,6,4
6185107,5648,5638,255,186667,2020-12-27,27,1,2,0,2
8822979,675,676,795,188124,2022-10-16 14:15:00,9,3,1,2,3
8341277,5651,5644,255,187965,2022-07-16 19:30:00,17,0,0,5,5
6184990,5644,5651,255,186667,2020-10-11 23:30:00,15,2,1,6,1
6594155,1655,1626,346,186333,2020-10-31 12:30:00,9,1,3,5,4
7512383,1673,1621,346,187482,2021-09-28 18:45:00,10,3,2,5,3
6425403,3766,3767,412,186243,2021-03-21 20:00:00,30,2,4,1,4
8341351,5669,5663,255,187965,2022-08-14 19:00:00,22,0,1,4,8
6593756,1660,1644,346,186333,2021-04-17 11:30:00,42,1,0,6,3
7606660,3176,3191,524,187528,2022-04-16 14:30:00,33,1,0,5,0
7415951,1669,10531,346,186333,2021-05-29 14:00:00,1,2,0,4,3
6632496,687,702,795,186267,2021-05-07 19:00:00,35,2,0,7,0
6593835,1637,1666,346,186333,2021-03-06 15:00:00,35,3,0,7,3
6594002,1637,1660,346,186333,2020-12-26 15:00:00,21,2,1,2,4
10517502,1672,1640,346,188987,2023-09-15 18:45:00,6,1,1,9,3
6185083,5677,5669,255,186667,2020-12-05 22:00:00,24,0,2,6,4
8776848,1611,1624,364,188095,2022-10-19 19:15:00,12,2,0,8,3
6632778,696,676,795,186267,2020-10-31 20:00:00,8,1,1,2,14
7517977,3802,3788,412,187374,2021-09-19 13:00:00,6,0,0,5,6
8819391,1632,1650,346,188096,2022-08-13 14:00:00,3,2,2,4,3
10518344,1673,1632,346,188987,2024-02-14 19:45:00,32,1,0,6,10
7512376,10529,1659,346,187482,2021-09-18 14:00:00,8,0,1,2,5
8823047,692,682,795,188124,2023-01-13 20:00:00,17,1,1,13,3
7517636,19830,3775,412,187374,2022-04-20 17:00:00,33,1,0,7,10
6589522,1619,1612,364,186810,2021-01-04 20:00:00,17,1,0,1,10
8776836,1613,1623,364,188095,2022-10-19 18:30:00,12,1,0,8,2
8822959,698,687,795,188124,2022-09-11 16:30:00,5,2,1,3,7
7516680,2448,2463,426,187511,2022-01-22 17:30:00,20,2,2,1,5
6632811,687,674,795,186267,2020-09-29 17:00:00,4,0,1,9,3
7516818,2457,2469,426,187511,2021-09-17 18:30:00,5,2,1,9,4
7516622,2462,2448,426,187511,2022-03-13 16:30:00,26,2,1,9,3
7517740,3788,3773,412,187374,2022-02-06 12:00:00,23,2,0,1,4
10567220,3797,3766,412,189971,2024-05-12 19:00:00,33,0,1,7,2
10572050,2481,2520,426,188974,2023-10-07 13:30:00,7,1,2,4,4
11340308,5646,5673,255,188756,2023-11-30 00:30:00,36,4,0,10,2
11933079,5656,5657,255,189744,2024-11-24 19:00:00,35,3,1,7,6
7536086,678,846,795,187526,2021-11-26 20:00:00,15,2,2,8,3
8826742,3194,3157,524,188160,2022-10-16 18:45:00,10,1,2,9,3
7245988,5655,5673,255,187168,2021-10-23 20:00:00,28,0,2,3,5
11933106,5663,5644,255,189744,2024-12-08 19:00:00,38,3,0,4,3
7512414,10531,1673,346,187482,2021-09-25 14:00:00,9,1,0,3,2
10517500,1620,1650,346,188987,2023-09-02 14:00:00,5,0,2,7,5
7485236,1612,1631,364,187475,2022-02-10 19:45:00,24,2,0,7,6
10607692,3159,3178,524,188994,2024-01-27 17:00:00,22,1,1,6,7
10521274,674,692,795,189012,2023-11-25 15:15:00,14,0,0,5,7
10567268,3775,3797,412,189971,2024-02-25 14:00:00,23,0,0,8,1
6543038,2482,2447,426,186265,2020-10-17 13:30:00,4,0,1,4,6
6185136,5655,5659,255,186667,2021-01-17 19:00:00,30,2,1,15,6
6594233,1618,1643,346,186333,2020-09-26 14:00:00,3,1,1,5,6
8785818,19830,3766,412,188122,2022-09-11 18:45:00,7,2,1,1,6
8823028,691,682,795,188124,2022-11-09 19:00:00,14,0,1,4,7
8826982,3315,3178,524,188160,2023-04-30 13:00:00,32,2,1,7,5
8827034,3168,3166,524,188160,2023-06-04 19:00:00,38,2,3,7,2
7512082,1672,1663,346,187482,2022-02-22 19:45:00,34,0,2,6,4
7511965,1627,1639,346,187482,2022-04-09 14:00:00,41,1,3,6,4
6589625,1633,1630,364,186810,2021-03-08 20:00:00,27,2,0,6,6
10521376,692,682,795,189012,2024-05-05 14:15:00,34,3,2,2,1
6185075,5659,5654,255,186667,2020-12-05 20:00:00,24,0,1,5,7
7246073,5638,5653,255,187168,2021-09-26,22,0,0,3,5
10521165,681,680,795,189012,2023-09-23 14:15:00,6,0,0,7,4
6185098,5657,5655,255,186667,2020-12-20 19:00:00,26,1,0,1,2
6639448,3194,3159,524,186353,2021-02-27 19:45:00,24,1,1,8,5
11933100,5646,5648,255,189744,2024-12-08 19:00:00,38,0,1,11,2
7512238,1639,1621,346,187482,2021-11-27 15:00:00,20,0,1,4,3
6632564,695,802,795,186267,2021-04-02 19:00:00,29,0,2,8,2
7485189,1628,1646,364,187475,2022-02-26 15:00:00,27,1,1,5,4
10521232,692,684,795,189012,2024-01-03 18:15:00,19,2,1,8,7
6542964,2457,2460,426,186265,2020-12-15 19:30:00,12,0,0,5,4
9967516,5649,5707,255,188756,2023-09-03 14:00:00,22,2,0,2,9
7606663,3166,3164,524,187528,2022-04-11 18:45:00,32,2,0,6,0
10567147,3803,3775,412,189971,2024-02-04 16:05:00,20,0,0,3,5
8819443,10531,1650,346,188096,2022-09-03 14:00:00,8,1,0,6,4
8785831,3770,3773,412,188122,2022-09-18 15:05:00,8,0,0,3,7
7246100,5685,5644,255,187168,2021-12-10 00:30:00,38,1,0,4,2
8826973,3236,3176,524,188160,2023-04-23 13:00:00,31,3,2,5,3
7517885,3775,3779,412,187374,2021-12-05 16:00:00,17,0,3,9,4
6543060,2463,2482,426,186265,2020-09-19 13:30:00,1,2,3,1,6
6185004,5643,5677,255,186667,2020-10-16 23:00:00,16,1,1,5,2
10607592,3173,3254,524,188994,2023-10-29 11:30:00,10,4,3,5,7
8826837,3185,3205,524,188160,2023-01-15 14:00:00,18,0,1,7,2
8341444,5660,5644,255,187965,2022-10-23 21:00:00,33,1,1,7,6
6593816,1660,1640,346,186333,2021-03-16 19:00:00,37,2,0,5,4
8776949,1610,1616,364,188095,2023-02-03 20:00:00,22,0,0,6,2
10607715,3194,3157,524,188994,2024-03-17 14:00:00,29,1,3,3,5
8777093,1625,1610,364,188095,2023-05-21 15:00:00,37,1,0,5,2
7246106,5646,5669,255,187168,2021-12-10 00:30:00,38,1,0,5,8
6542970,2500,2444,426,186265,2020-12-12 17:30:00,11,1,1,4,7
7606630,3192,3173,524,187528,2022-05-08 16:00:00,36,1,1,7,6
7606716,3162,3166,524,187528,2022-02-12 14:00:00,25,3,0,5,3
6542847,2454,2446,426,186265,2021-03-06 14:30:00,24,0,1,7,8
11932939,5646,5638,255,189744,2024-08-18 19:00:00,23,2,1,6,1
7485147,1669,1624,364,187475,2022-04-23 16:30:00,34,0,0,12,8
9967436,5653,5685,255,188756,2023-06-10 21:30:00,10,1,1,7,2
7512434,1663,1618,346,187482,2021-08-28 14:00:00,5,1,1,2,2
10521455,684,692,795,189012,2024-04-12 19:00:00,31,2,1,6,5
8819424,10529,1660,346,188096,2022-08-30 18:45:00,7,1,2,4,2
8341129,5659,5650,255,187965,2022-05-01 14:00:00,4,1,1,6,4
7536228,698,692,795,187526,2021-10-25 19:00:00,10,0,3,2,7
8819556,1660,1632,346,188096,2022-10-29 14:00:00,18,1,1,8,5
10517498,10529,10531,346,188987,2023-09-16 18:45:00,6,2,0,2,2
7512410,10529,1627,346,187482,2021-09-28 18:45:00,10,0,4,4,6
8341374,5656,5651,255,187965,2022-10-09,31,2,1,5,6
10572032,2446,2463,426,188974,2023-10-08 13:30:00,7,3,0,11,4
10480283,1611,1623,364,188989,2024-03-09 12:30:00,28,2,0,5,8
6632795,692,679,795,186267,2020-10-17 14:00:00,6,0,2,8,4
6425552,3803,3770,412,186243,2021-05-02 13:00:00,35,1,4,5,5
7485418,1646,1626,364,187475,2021-10-02 14:00:00,7,0,0,9,5
10480137,1642,1646,364,188989,2023-09-18 18:45:00,5,1,1,5,4
7606834,3176,3157,524,187528,2021-11-20 19:45:00,13,4,3,5,6
10572046,2463,2445,426,188974,2023-09-30 13:30:00,6,0,2,8,4
8826952,3162,3159,524,188160,2023-04-08 18:45:00,29,2,1,6,6
6594187,10529,1659,346,186333,2020-10-21 18:45:00,6,1,1,6,6
9967391,5643,5656,255,188756,2023-04-23 22:00:00,2,3,1,5,8
8776805,1651,1628,364,188095,2023-03-15 19:30:00,8,1,0,1,4
10572292,2448,2482,426,188974,2024-04-26 18:30:00,31,3,2,10,4
10567090,3788,3774,412,189971,2023-10-22 11:00:00,9,2,1,6,16
10521316,680,696,795,189012,2024-01-12 20:00:00,20,2,3,5,4
10521331,682,679,795,189012,2024-04-01 19:00:00,30,1,2,3,3
6594210,1663,1655,346,186333,2020-10-17 14:00:00,5,2,2,4,6
6542986,2445,2444,426,186265,2020-11-28 14:30:00,9,1,3,4,3
7536181,686,674,795,187526,2022-02-26 13:00:00,26,0,1,14,1
8786193,3799,3781,412,188122,2023-02-01 18:00:00,21,1,2,2,6
7518002,3799,3770,412,187374,2021-09-19 13:00:00,6,1,4,10,5
8776926,1609,1611,364,188095,2023-01-22 16:30:00,21,3,2,12,4
6589376,1616,1614,364,186810,2020-09-28 16:45:00,3,0,3,5,3
10521183,708,687,795,189012,2023-11-11 15:15:00,13,1,3,5,5
10518375,10531,1634,346,188987,2024-02-17 15:00:00,33,1,2,9,6
9967576,5651,5644,255,188756,2023-09-21 22:30:00,24,2,1,7,5
8341323,5638,5663,255,187965,2022-08-28 19:00:00,24,0,1,7,2
6542985,2444,2975,426,186265,2020-12-05 17:30:00,10,3,3,10,2
10480213,1633,1611,364,188989,2023-12-23 12:30:00,18,2,0,4,4
10607866,3159,3192,524,188994,2024-05-12 16:00:00,36,1,1,9,4
6632744,802,680,795,186267,2020-11-28 17:30:00,11,0,1,1,10
6542753,2451,2460,426,186265,2021-05-22 13:30:00,34,2,3,7,7
7516845,2444,2463,426,187511,2021-08-22 15:30:00,2,3,2,3,4
7246187,5654,5819,255,187168,2021-07-11 21:15:00,11,2,1,11,1
6632493,679,687,795,186267,2021-05-12 20:00:00,36,2,1,1,7
8785157,2481,2448,426,188082,2022-11-12 14:30:00,15,0,1,6,2
7516591,2975,2481,426,187511,2022-05-08 17:30:00,33,4,0,5,1
8823218,675,678,795,188124,2023-06-04 16:30:00,38,1,1,5,6
8785094,2460,2463,426,188082,2022-10-21 18:30:00,11,5,0,5,4
7536203,680,682,795,187526,2021-12-04 13:00:00,16,1,0,5,8
10521106,684,679,795,189012,2023-08-20 19:30:00,2,0,0,2,7
8826974,3166,3159,524,188160,2023-04-30 18:45:00,32,1,1,4,5
10517838,1631,1630,346,188987,2023-11-03 20:00:00,15,0,1,6,6
10518652,1618,1641,346,188987,2024-04-01 14:00:00,40,1,0,0,0
7536007,700,679,795,187526,2021-11-28 17:30:00,15,1,4,4,8
8776897,1614,1629,364,188095,2023-01-04 20:00:00,19,1,1,7,8
6184854,5643,5638,255,186667,2020-12-03 22:00:00,1,0,3,2,9
6639489,3172,3162,524,186353,2021-01-31 14:00:00,20,1,3,2,2
8777053,1609,1610,364,188095,2023-05-02 19:00:00,34,3,1,7,2
8823074,687,690,795,188124,2023-02-05 17:30:00,20,0,1,0,4
8776853,1669,1610,364,188095,2022-10-19 18:30:00,12,0,0,6,2
6589631,1631,1636,364,186810,2021-03-14 14:00:00,28,5,0,9,1
7517652,3795,3802,412,187374,2022-04-03 13:00:00,30,1,0,6,3
10518592,1666,1639,346,188987,2024-04-13 14:00:00,43,1,1,8,1
7516765,2463,2500,426,187511,2021-11-07 16:30:00,11,2,2,5,2
10567014,3793,3776,412,189971,2023-10-01 13:00:00,7,0,2,6,6
6543010,2446,2454,426,186265,2020-11-08 17:00:00,7,4,3,6,2
7535996,713,682,795,187526,2022-05-12 18:00:00,36,1,5,9,3
7485483,1612,1646,364,187475,2021-08-21 11:30:00,2,2,0,8,4
6632558,678,696,795,186267,2021-04-10 14:15:00,30,0,0,6,6
7536006,846,692,795,187526,2022-05-01 14:15:00,34,1,1,5,4
7536326,681,676,795,187526,2021-12-12 15:15:00,17,2,2,6,5
8341266,5707,5653,255,187965,2022-07-21 22:00:00,18,1,1,4,2
9967586,5651,5648,255,188756,2023-08-27 21:30:00,21,2,2,2,8
6543012,2447,2444,426,186265,2020-11-07 17:30:00,7,2,3,4,3
8823245,680,708,795,188124,2023-03-12 15:15:00,25,2,1,6,4
6425306,3782,3799,412,186243,2020-12-11 20:00:00,14,0,0,5,6
8341483,5648,5638,255,187965,2022-11-05 19:30:00,36,3,1,8,3
10607830,3178,3176,524,188994,2024-02-18 14:00:00,25,1,1,0,3
8823006,708,692,795,188124,2022-10-29 12:00:00,12,3,1,6,4
6425528,19830,3774,412,186243,2021-05-16 19:00:00,37,2,1,4,4
6425211,19830,3770,412,186243,2020-09-13 15:00:00,3,2,1,9,4
6589523,1624,1630,364,186810,2021-01-02 12:30:00,17,3,0,3,5
10567233,3770,3777,412,189971,2024-03-03 14:00:00,24,0,2,10,3
6184985,5648,5677,255,186667,2020-10-11 19:00:00,15,1,0,3,4
8823156,713,676,795,188124,2023-04-26 20:00:00,31,2,1,3,9
6425389,3777,3776,412,186243,2021-04-09 19:00:00,32,0,2,10,2
10572016,2445,2448,426,188974,2023-08-19 13:30:00,1,5,0,7,0
10521261,696,714,795,189012,2023-12-09 13:00:00,16,0,1,12,3
7246180,5673,5653,255,187168,2021-07-10 22:00:00,11,0,1,8,10
8823104,702,684,795,188124,2023-02-24 20:00:00,23,2,3,3,3
10607750,3168,3163,524,188994,2024-05-13 16:30:00,36,0,2,8,2
8776824,1616,1659,364,188095,2022-10-15 14:00:00,11,2,2,5,6
7536041,674,681,795,187526,2022-04-16 16:30:00,32,1,2,9,5
7606638,3159,3166,524,187528,2022-04-16 16:30:00,33,1,1,4,5
7485138,1631,1614,364,187475,2022-04-23 14:00:00,34,0,0,7,6
6184948,5685,5669,255,186667,2020-09-20 19:00:00,11,4,2,5,9
7517957,3775,3803,412,187374,2021-10-02 19:00:00,9,2,1,6,2
6184871,5677,5685,255,186667,2020-08-16 19:00:00,3,2,1,3,7
10567244,3780,3773,412,189971,2024-01-28 16:05:00,19,0,2,10,7
8819527,10531,1632,346,188096,2022-10-08 14:00:00,14,2,1,7,4
10607628,3158,3187,524,188994,2023-12-23 19:45:00,17,2,0,4,0
10521245,681,713,795,189012,2023-12-15 20:00:00,17,1,0,9,1
6589604,1633,1624,364,186810,2021-02-21 12:00:00,25,2,1,5,7
8785798,3779,3802,412,188122,2022-08-21 11:00:00,3,1,1,5,4
7512447,1641,1668,346,187482,2021-08-21 14:00:00,4,1,0,5,0
8823307,682,675,795,188124,2023-01-07 15:15:00,16,2,1,6,5
7606835,3194,3172,524,187528,2021-12-12 14:00:00,17,1,2,6,6
10567132,3777,3797,412,189971,2024-03-10 14:00:00,25,1,0,5,7
7512174,1627,10529,346,187482,2022-01-02 14:00:00,26,1,1,5,1
8785975,3767,3780,412,188122,2023-02-04 16:00:00,22,2,1,6,2
8785307,2462,2460,426,188082,2023-05-13 13:30:00,32,3,0,5,1
6594030,1621,1643,346,186333,2020-12-16 19:45:00,19,2,1,3,0
8785322,2446,2454,426,188082,2023-05-21 17:30:00,33,2,2,2,3
7485487,1626,1631,364,187475,2021-08-28 14:00:00,3,1,2,9,9
7485159,1611,1631,364,187475,2022-04-02 16:30:00,31,1,1,6,5
10480260,1616,1623,364,188989,2024-01-30 19:45:00,22,0,0,15,6
6185219,5644,5656,255,186667,2021-02-26 00:30:00,38,0,0,12,5
8822953,713,674,795,188124,2022-09-10 12:00:00,5,2,1,7,7
8819490,1673,10529,346,188096,2022-09-17 14:00:00,11,1,0,1,3
10521368,714,684,795,189012,2024-05-16 17:30:00,36,2,2,4,8
10517603,1649,1638,346,188987,2023-10-03 18:45:00,10,0,2,8,1
6639334,3185,3160,524,186353,2021-05-03 18:45:00,34,1,0,5,2
7512340,1620,1663,346,187482,2021-10-20 18:45:00,13,2,0,8,4
8819633,1643,1639,346,188096,2022-12-26 15:00:00,24,2,2,3,3
6425524,3767,3802,412,186243,2021-05-16 19:00:00,37,4,0,9,5
7536232,679,687,795,187526,2021-10-24 19:00:00,10,2,2,4,3
7517662,3767,3788,412,187374,2022-04-03 18:45:00,30,5,1,3,1
10517644,1640,1621,346,188987,2023-10-04 18:45:00,10,1,0,7,8
7246037,5685,5654,255,187168,2021-10-06 23:30:00,24,1,1,10,4
8826852,3159,3236,524,188160,2023-01-29 14:00:00,20,0,2,12,1
7246071,5677,5663,255,187168,2021-09-05,19,4,2,6,4
10521145,680,714,795,189012,2023-09-17 16:30:00,5,1,0,7,3
7517679,3779,3773,412,187374,2022-04-03 11:00:00,30,1,0,2,6
12408274,5677,5650,255,189744,2024-07-04 22:00:00,14,2,0,6,7
6632491,701,684,795,186267,2021-05-13 18:00:00,36,1,1,5,4
7485296,1609,1613,364,187475,2021-11-27 12:30:00,13,2,0,4,4
7246200,5651,5663,255,187168,2021-07-03 22:00:00,9,2,1,3,4
8823281,675,684,795,188124,2022-09-03 14:15:00,4,2,1,9,2
8776750,1669,1623,364,188095,2022-08-27 14:00:00,4,1,1,8,5
10607690,3157,3185,524,188994,2023-08-26 18:45:00,2,4,1,2,1
10521369,684,687,795,189012,2024-05-19 17:00:00,37,0,2,6,2
7606730,3176,3162,524,187528,2022-02-05 19:45:00,24,0,3,4,3
7516804,2444,2453,426,187511,2021-11-06 14:30:00,11,2,1,6,4
6184920,5644,5677,255,186667,2020-09-06 19:00:00,8,2,2,8,5
10521114,682,676,795,189012,2023-08-27 15:30:00,3,3,4,2,6
11873152,5640,5659,255,189744,2024-04-14 20:00:00,1,3,2,6,3
8819430,1655,1641,346,188096,2022-10-12 18:45:00,9,2,1,5,1
8776841,1625,1651,364,188095,2022-10-22 14:00:00,13,3,1,6,3
9967376,5677,5643,255,188756,2023-05-20 19:00:00,7,1,1,4,6
7606853,3173,3172,524,187528,2021-11-06 19:45:00,12,1,2,2,7
7246204,5674,5646,255,187168,2021-07-04 19:00:00,9,0,1,3,6
6589528,1630,1619,364,186810,2021-02-23 18:00:00,18,3,0,2,4
6425491,3803,3777,412,186243,2021-01-31 14:00:00,22,2,4,4,1
6185042,5644,5660,255,186667,2020-11-08 19:00:00,20,2,2,9,3
6639543,3172,3315,524,186353,2021-01-03 14:00:00,15,5,1,8,3
7485290,1612,1619,364,187475,2021-11-27 15:00:00,13,4,0,5,7
8341188,5655,5685,255,187965,2022-06-19,13,2,2,3,9
6589392,1629,1616,364,186810,2020-10-04 13:00:00,4,1,0,6,2
11932874,5638,5685,255,189744,2024-07-06 23:00:00,15,2,0,6,3
7485252,1613,1623,364,187475,2022-02-08 19:45:00,24,3,1,6,2
10517444,1618,1649,346,188987,2023-08-26 14:00:00,4,2,1,10,10
10572080,2482,2460,426,188974,2023-11-26 16:30:00,12,1,1,4,5
10518379,1620,1655,346,188987,2024-02-10 15:00:00,31,1,2,7,1
10480077,1636,1625,364,188989,2023-08-27 13:00:00,3,1,2,1,12
6589656,1651,1623,364,186810,2021-04-12 19:15:00,31,0,0,10,3
8786352,3780,3769,412,188122,2023-05-27 19:00:00,37,1,1,6,3
8822951,684,756,795,188124,2022-09-18 16:30:00,6,2,1,2,4
11932850,5657,5663,255,189744,2024-07-03 23:00:00,14,2,0,7,3
10521112,674,681,795,189012,2023-08-27 17:30:00,3,1,2,6,3
11340508,5657,5685,255,188756,2023-12-07 00:30:00,38,2,1,2,3
7245995,5654,5653,255,187168,2021-10-30 22:00:00,29,1,0,2,7
7536329,713,696,795,187526,2021-12-18 13:00:00,18,2,0,5,5
6593825,1620,1639,346,186333,2021-03-13 15:00:00,36,3,0,4,9
8785050,2482,2453,426,188082,2022-09-18 17:30:00,7,0,0,5,3
11933019,5642,5685,255,189744,2024-10-19 19:00:00,30,1,0,5,5
7485214,1651,1646,364,187475,2022-02-19 15:00:00,26,0,3,4,4
6425333,3773,3799,412,186243,2020-11-29 14:00:00,12,1,3,1,7
8785902,3770,3781,412,188122,2022-11-13 14:00:00,15,2,2,9,6
8823052,700,702,795,188124,2023-01-16 20:00:00,17,1,1,3,6
11933001,5685,5646,255,189744,2024-10-05 19:30:00,29,0,0,1,3
9967634,5646,5651,255,188756,2023-11-05 00:30:00,32,1,0,2,2
6185123,5674,5663,255,186667,2021-01-06 23:30:00,28,1,0,4,8
6593897,1659,1643,346,186333,2021-02-17 20:15:00,30,1,0,5,4
8823011,678,682,795,188124,2022-10-30 17:30:00,12,1,0,6,2
10517479,1621,1632,346,188987,2023-09-20 18:45:00,7,1,3,8,3
8785248,2457,2975,426,188082,2023-04-08 16:30:00,27,0,1,4,4
6589665,1633,1631,364,186810,2021-04-11 13:05:00,31,3,2,1,9
7485291,1630,1669,364,187475,2021-12-05 14:00:00,15,2,2,5,1
8341359,5650,5673,255,187965,2022-08-06 19:30:00,21,0,1,13,2
8785900,3773,3797,412,188122,2022-11-12 16:00:00,15,2,1,5,3
8785772,3799,3803,412,188122,2022-08-21 13:00:00,3,1,3,3,6
10572009,2975,2445,426,188974,2023-08-25 18:30:00,2,5,1,4,4
6639642,3219,3187,524,186353,2020-10-25 14:00:00,5,1,2,3,15
10607578,3187,3157,524,188994,2023-10-29 19:45:00,10,2,2,6,4
10518602,1666,1626,346,188987,2024-04-09 18:45:00,42,2,2,10,3
7606622,3162,3164,524,187528,2022-05-07 18:45:00,36,2,0,6,0
7517706,3787,3775,412,187374,2022-03-12 16:00:00,28,0,0,13,1
10517457,1641,1632,346,188987,2023-08-12 14:00:00,2,2,1,5,12
6589553,1624,1612,364,186810,2021-01-28 20:00:00,20,1,3,1,2
6589659,1616,1629,364,186810,2021-04-09 19:00:00,31,0,1,3,4
8822985,700,691,795,188124,2022-10-09 14:15:00,8,2,2,8,3
8785223,2448,2449,426,188082,2023-03-04 14:30:00,23,0,2,4,4
7536270,698,700,795,187526,2021-11-21 13:00:00,14,4,0,3,7
6594135,1644,1639,346,186333,2020-11-04 19:00:00,10,3,2,4,1
6543033,2463,2462,426,186265,2020-10-18 13:30:00,4,1,1,2,8
11933092,5638,5650,255,189744,2024-12-04 23:00:00,37,1,2,12,2
10480181,1609,1629,364,188989,2023-12-02 15:00:00,14,2,1,4,0
6589610,1631,1609,364,186810,2021-02-28 12:00:00,26,1,3,2,7
6542807,2457,2454,426,186265,2021-04-10 13:30:00,28,2,2,11,3
6594012,1659,1638,346,186333,2021-01-12 19:45:00,21,1,1,7,7
10521097,713,679,795,189012,2023-08-28 19:30:00,3,0,7,8,3
6639561,3173,3163,524,186353,2020-12-20 14:00:00,13,1,1,5,7
7512321,1660,1620,346,187482,2021-11-02 19:45:00,16,3,1,5,0
10518329,1649,1640,346,188987,2024-02-14 19:45:00,32,2,2,1,9
10480349,1646,1651,364,188989,2024-04-13 14:00:00,33,1,1,4,5
7516577,2460,2445,426,187511,2022-04-16 13:30:00,30,0,0,5,3
7536002,698,684,795,187526,2022-05-02 19:00:00,34,0,0,2,4
6185190,5659,5649,255,186667,2021-02-08 23:00:00,35,2,5,5,2
7536401,680,698,795,187526,2022-01-09 15:15:00,20,1,0,5,2
10480316,1625,1636,364,188989,2023-12-30 15:00:00,20,2,0,12,2
7485460,1646,1630,364,187475,2021-08-29 13:00:00,3,1,1,5,5
7516564,2453,2500,426,187511,2022-05-07 13:30:00,33,1,4,4,6
8785007,2448,2444,426,188082,2022-08-21 15:30:00,3,0,7,5,5
8785953,3787,3770,412,188122,2023-01-15 14:00:00,19,0,3,3,5
7516800,2447,2481,426,187511,2021-10-02 13:30:00,7,2,1,7,3
7512358,1668,1655,346,187482,2021-10-02 14:00:00,11,2,3,5,10
6589502,1633,1651,364,186810,2020-12-27 14:15:00,15,2,2,5,4
8826839,3192,3187,524,188160,2023-01-21 17:00:00,19,0,2,3,4
8819512,10529,1621,346,188096,2022-10-04 19:00:00,13,1,0,7,0
8785850,3803,3788,412,188122,2022-10-09 13:00:00,10,1,2,7,8
10521339,684,678,795,189012,2024-02-25 15:15:00,26,3,1,5,3
6639620,3173,3164,524,186353,2020-11-07 14:00:00,7,2,0,2,6
7512255,1637,1636,346,187482,2021-11-23 20:00:00,19,0,1,5,5
8819725,1635,1673,346,188096,2023-02-11 15:00:00,31,1,0,3,2
8785878,3773,3803,412,188122,2022-08-07 13:00:00,1,3,2,6,3
6425356,3802,3779,412,186243,2020-11-01 14:00:00,9,2,1,5,3
7536079,696,713,795,187526,2022-04-16 14:15:00,32,1,0,2,12
7517756,3782,3773,412,187374,2022-01-15 16:00:00,21,1,2,6,6
7246048,5685,5656,255,187168,2021-10-02 22:00:00,23,2,2,6,8
11933080,5685,5640,255,189744,2024-12-01 21:30:00,36,1,1,6,10
10521226,679,713,795,189012,2024-01-31 20:00:00,20,2,1,5,6
6542881,2453,2447,426,186265,2021-02-06 14:30:00,20,2,1,1,1
10567122,3793,3767,412,189971,2023-12-03 12:00:00,14,0,2,9,2
10607580,3162,3176,524,188994,2023-10-30 19:45:00,10,1,0,0,4
10607550,3178,3159,524,188994,2023-09-03 18:45:00,3,0,2,3,7
10521144,678,700,795,189012,2023-09-16 12:00:00,5,3,0,5,4
10521365,686,714,795,189012,2024-05-11 12:00:00,35,1,0,2,2
7512397,1636,1641,346,187482,2021-09-14 18:45:00,7,2,2,2,6
8819787,1641,10529,346,188096,2023-03-11 15:00:00,36,2,0,4,4
6632747,684,701,795,186267,2020-11-30 20:00:00,11,0,2,6,2
6425421,3804,3772,412,186243,2021-03-14 14:00:00,29,1,3,5,6
8819628,1621,1620,346,188096,2022-12-29 19:45:00,25,1,2,1,7
10518585,10531,1643,346,188987,2024-04-13 14:00:00,43,1,0,12,0
8819854,1655,1620,346,188096,2023-04-10 16:30:00,41,2,2,4,7
8823302,679,691,795,188124,2022-11-06 13:00:00,13,1,1,13,2
6639386,3160,3157,524,186353,2021-04-10 16:00:00,30,1,3,7,3
10572040,2520,2454,426,188974,2023-09-17 15:30:00,4,3,3,6,6
8819719,1637,1644,346,188096,2023-02-04 15:00:00,30,2,2,4,4
6425510,3776,3802,412,186243,2021-01-17 16:00:00,20,2,1,3,5
6425322,3772,3803,412,186243,2020-12-06 14:00:00,13,1,0,8,2
10518148,1650,1649,346,188987,2023-12-13 19:45:00,21,0,0,6,1
10521360,674,756,795,189012,2024-05-19 17:00:00,37,1,3,4,4
9967628,5638,5649,255,188756,2023-10-21 21:30:00,28,3,0,6,3
6593793,1618,10531,346,186333,2021-04-02 19:00:00,39,1,0,2,4
7517932,3777,3774,412,187374,2021-10-17 13:00:00,10,0,3,4,10
10607694,3254,3172,524,188994,2023-08-26 16:30:00,2,2,1,3,7
8826872,3172,3168,524,188160,2023-02-19 11:30:00,23,1,2,6,1
10572030,2454,2460,426,188974,2023-10-06 18:30:00,7,2,2,10,3
8786158,3770,19830,412,188122,2023-04-09 15:05:00,30,2,2,6,8
7512156,1616,1655,346,187482,2022-01-15 15:00:00,27,6,2,6,5
8776960,1631,1624,364,188095,2023-02-11 15:00:00,23,4,1,1,5
8819503,1638,1620,346,188096,2022-10-08 14:00:00,14,2,0,0,7
10480168,1629,1613,364,188989,2023-10-28 16:30:00,10,2,2,8,7
7536340,700,846,795,187526,2021-12-13 20:00:00,17,1,1,8,1
10572086,2520,2448,426,188974,2023-11-03 19:30:00,10,1,2,11,2
11622951,1640,1655,346,188987,2024-01-30 19:45:00,29,2,2,1,5
6593727,1642,1639,346,186333,2021-04-24 14:00:00,44,1,1,3,6
8786109,3799,3766,412,188122,2023-02-25 16:00:00,25,1,3,2,2
10480300,1623,1633,364,188989,2024-03-02 15:00:00,27,1,3,4,5
6425334,3774,3772,412,186243,2020-11-20 18:00:00,11,0,1,7,3
6593833,10531,1620,346,186333,2021-03-06 15:00:00,35,2,1,1,7
7512267,1659,1641,346,187482,2021-11-03 19:45:00,16,1,2,9,2
6593860,1620,10529,346,186333,2021-02-27 15:00:00,33,1,1,11,0
6589585,1629,1631,364,186810,2021-02-07 14:00:00,23,0,0,8,2
6632806,676,680,795,186267,2020-10-04 19:00:00,5,1,1,6,5
9967406,5673,5707,255,188756,2023-05-07 14:00:00,4,1,2,4,6
8786110,3787,3799,412,188122,2023-03-05 14:00:00,26,5,0,6,5
7517648,3773,3775,412,187374,2022-04-10 15:05:00,31,3,0,1,7
11933032,5707,5656,255,189744,2024-10-28 22:00:00,31,0,1,5,2
6632629,702,682,795,186267,2021-02-06 17:30:00,22,2,2,4,2
7517606,3767,3795,412,187374,2022-05-08 18:45:00,36,2,2,7,4
6632698,678,687,795,186267,2020-12-31 13:00:00,16,0,1,2,4
7512307,1627,1672,346,187482,2021-11-03 20:00:00,16,1,0,8,6
6185174,5648,5643,255,186667,2021-01-31 23:30:00,33,3,0,7,2
9967438,5657,5654,255,188756,2023-06-05 23:00:00,9,1,4,4,0
7606936,3164,3187,524,187528,2021-09-23 16:30:00,5,0,4,5,5
6593787,1641,1626,346,186333,2021-04-02 14:00:00,39,1,1,4,2
6594015,1639,1621,346,186333,2020-12-19 15:00:00,20,1,0,2,6
6632731,681,684,795,186267,2020-12-06 15:15:00,12,0,2,2,5
7517955,3776,3771,412,187374,2021-10-03 15:00:00,9,2,0,3,5
6639540,3176,3166,524,186353,2021-01-03 14:00:00,15,0,0,8,5
6632802,687,698,795,186267,2020-10-03 16:30:00,5,3,0,5,4
10480244,1633,1628,364,188989,2023-12-03 14:00:00,14,1,1,2,3
7517899,19830,3779,412,187374,2021-11-28 14:00:00,15,1,1,4,3
8786349,3788,3779,412,188122,2023-06-03 19:00:00,38,2,1,4,4
10480235,1625,1628,364,188989,2023-12-16 15:00:00,17,2,2,6,1
10517828,1673,1644,346,188987,2023-11-04 15:00:00,15,0,0,0,3
8826739,3163,3172,524,188160,2022-10-09 13:00:00,9,2,2,5,3
10572141,2446,2462,426,188974,2023-12-17 16:30:00,15,3,0,5,5
6639633,3166,3173,524,186353,2020-10-31 19:45:00,6,3,2,7,3
7517911,3777,3782,412,187374,2021-10-30 15:00:00,12,1,1,5,8
6639644,3194,3193,524,186353,2020-10-19 18:45:00,4,0,0,14,2
8341502,5648,5643,255,187965,2022-11-09 22:00:00,37,3,0,11,3
10521359,687,674,795,189012,2024-05-16 20:00:00,36,1,0,3,3
7517853,3795,3772,412,187374,2021-12-12 14:00:00,18,1,2,8,1
8776964,1651,1616,364,188095,2023-02-18 15:00:00,24,0,1,10,2
7511997,1639,1636,346,187482,2022-04-02 14:00:00,40,1,0,4,7
6632767,676,684,795,186267,2020-11-07 15:15:00,9,5,2,9,5
9967366,5660,5638,255,188756,2023-04-29 19:30:00,3,1,1,7,6
6632631,687,700,795,186267,2021-02-07 13:00:00,22,4,1,5,1
11933016,5659,5641,255,189744,2024-10-18 23:00:00,30,1,1,9,1
7536166,678,687,795,187526,2022-02-20 20:00:00,25,4,0,6,4
8819680,1673,1646,346,188096,2022-07-29 19:00:00,1,0,1,1,5
7246014,5638,5669,255,187168,2021-10-14 22:00:00,26,1,1,10,10
8785841,3775,3799,412,188122,2022-09-18 13:00:00,8,0,1,5,4
6589511,1619,1633,364,186810,2020-12-29 18:00:00,16,0,0,4,3
8823099,674,687,795,188124,2023-02-25 20:00:00,23,1,0,7,8
8819543,1618,1646,346,188096,2022-10-19 18:45:00,16,1,1,8,4
8777084,1629,1614,364,188095,2023-05-06 14:00:00,35,1,0,5,6
8634703,1660,1673,346,187482,2022-05-13 18:45:00,1,1,1,6,9
11933026,5654,5650,255,189744,2024-10-26 19:30:00,31,4,2,8,1
8341430,5659,5660,255,187965,2022-09-17 22:00:00,27,2,0,5,10
7246023,5651,5677,255,187168,2021-10-09 22:00:00,25,0,2,5,2
6639406,3176,3157,524,186353,2021-03-21 17:00:00,28,2,3,8,8
6589618,1646,1609,364,186810,2021-03-06 12:30:00,27,1,1,2,3
7606901,3191,3176,524,187528,2021-10-18 18:45:00,8,1,0,2,5
10521421,714,696,795,189012,2024-05-26 14:15:00,38,1,1,2,6
7535906,696,686,795,187526,2021-08-21 15:00:00,2,0,1,1,8
6542995,2459,2446,426,186265,2020-11-21 14:30:00,8,1,2,0,10
7245919,5650,5685,255,187168,2021-11-30 22:00:00,35,1,0,0,4
7517943,3787,3779,412,187374,2021-10-02 15:00:00,9,1,1,3,4
10607667,3173,3315,524,188994,2023-12-11 19:45:00,15,2,1,10,4
7517956,3779,3776,412,187374,2021-09-25 17:00:00,8,1,2,8,8
7536281,713,702,795,187526,2021-10-17 12:00:00,9,2,1,6,2
7517734,3772,19830,412,187374,2022-02-20 16:05:00,25,1,1,2,7
8341171,5673,5651,255,187965,2022-04-30 19:30:00,4,1,0,6,11
10572124,2445,2975,426,188974,2024-01-27 14:30:00,19,5,2,9,2
6184904,5812,5669,255,186667,2020-08-30 21:00:00,6,0,2,4,4
8341230,5707,5685,255,187965,2022-06-11 22:00:00,11,1,1,5,4
8819678,10531,1646,346,188096,2023-01-02 15:00:00,26,1,2,4,5
7485340,1646,1644,364,187475,2022-02-05 18:00:00,17,0,0,4,7
6425551,3804,3777,412,186243,2021-05-02 13:00:00,35,1,5,6,3
7512147,1650,1637,346,187482,2022-01-29 15:00:00,29,4,0,6,8
6593703,1642,1641,346,186333,2021-05-08 11:30:00,46,1,2,4,3
7606794,3315,3157,524,187528,2022-05-22 16:00:00,38,0,3,3,7
11933062,5707,5654,255,189744,2024-11-20 22:00:00,34,1,2,4,10
6425533,3772,3773,412,186243,2021-05-16 19:00:00,37,3,0,1,6
7517854,3770,3773,412,187374,2021-12-10 20:00:00,18,3,2,8,2
8823078,708,676,795,188124,2023-02-26 17:30:00,23,1,0,4,7
10518340,1634,1618,346,188987,2024-02-24 15:00:00,34,3,1,7,5
7245979,5669,5648,255,187168,2021-10-31 19:00:00,29,1,0,4,7
7246282,5677,5655,255,187168,2021-05-29 23:00:00,1,3,0,4,11
8785129,2454,2445,426,188082,2022-11-04 19:30:00,13,3,1,3,5
8823046,756,680,795,188124,2023-01-14 15:15:00,17,2,1,5,1
8785114,2462,2482,426,188082,2022-11-09 19:30:00,14,4,2,4,5
10480103,1636,1613,364,188989,2023-09-24 15:30:00,6,0,8,2,5
7485310,1631,1619,364,187475,2022-05-22 15:00:00,38,4,1,3,3
9967471,5648,5654,255,188756,2023-07-16 19:00:00,15,0,0,8,1
6632555,701,695,795,186267,2021-04-10 16:30:00,30,0,1,6,3
6184978,5685,5644,255,186667,2020-10-09,14,0,2,7,2
8785913,19830,3803,412,188122,2023-01-01 14:00:00,17,1,0,7,5
7485260,1630,1646,364,187475,2022-01-02 14:00:00,21,3,1,9,3
7606774,3162,3178,524,187528,2022-01-06 13:30:00,20,3,3,9,2
10517441,1627,1620,346,188987,2023-08-26 14:00:00,4,4,2,4,2
8819365,1635,1641,346,188096,2022-07-30 14:00:00,1,0,0,7,4
10518586,1673,10531,346,188987,2024-04-20 14:00:00,44,0,4,4,7
7536408,682,695,795,187526,2022-01-03 18:00:00,19,5,0,6,5
8823020,713,692,795,188124,2022-11-10 18:00:00,14,0,0,5,3
9967684,5673,5653,255,188756,2023-11-04 22:30:00,32,1,1,0,4
7246233,5649,5655,255,187168,2021-06-25 00:30:00,6,2,2,7,1
7485459,1614,1623,364,187475,2021-09-18 16:30:00,5,3,0,5,4
6425294,3774,3771,412,186243,2020-12-16 20:00:00,15,2,1,9,1
8776943,1623,1630,364,188095,2023-02-18 15:00:00,24,1,0,6,4
8785201,2454,2453,426,188082,2023-03-04 14:30:00,23,0,0,6,5
7606845,3185,3178,524,187528,2021-12-02 17:30:00,15,2,2,1,11
8786186,3766,3803,412,188122,2023-02-01 20:00:00,21,0,0,15,2
11932986,5642,5650,255,189744,2024-09-21 19:00:00,27,1,0,4,5
6632569,682,700,795,186267,2021-03-21 15:15:00,28,2,1,5,6
10607696,3193,3185,524,188994,2024-01-13 14:00:00,20,0,0,8,4
7536396,696,678,795,187526,2022-01-09 17:30:00,20,0,0,7,5
8785204,2463,2448,426,188082,2023-03-10 19:30:00,24,0,2,10,1
9967674,5707,5663,255,188756,2023-11-12 21:30:00,34,2,1,2,9
8776972,1633,1642,364,188095,2023-02-25 15:00:00,25,4,0,12,3
6185152,5677,5651,255,186667,2021-01-20 21:00:00,31,1,0,9,4
8826731,3192,3194,524,188160,2022-10-09 13:00:00,9,2,1,1,6
7606607,3315,3163,524,187528,2022-05-07 16:00:00,36,1,1,6,9
6593819,1659,10531,346,186333,2021-03-16 19:45:00,37,3,0,8,7
10480243,1623,1613,364,188989,2023-12-07 19:30:00,15,3,0,5,2
10567167,3774,3803,412,189971,2024-04-28 15:05:00,31,4,5,7,4
6632520,676,846,795,186267,2021-04-29 17:00:00,33,1,2,6,1
10480082,1660,1633,364,188989,2023-09-01 19:00:00,4,1,2,9,6
6632770,674,698,795,186267,2020-11-01 20:00:00,8,2,2,0,3
7245917,5685,5673,255,187168,2021-11-27 22:30:00,36,1,1,6,5
10518161,1673,1641,346,188987,2023-12-12 19:45:00,21,1,3,2,6
7517873,3772,3776,412,187374,2021-12-22 20:00:00,19,2,3,6,6
10567203,3777,3774,412,189971,2024-05-04 17:00:00,32,2,3,2,5
8786168,3799,3767,412,188122,2023-04-21 19:00:00,32,1,2,5,8
8786118,3769,3774,412,188122,2023-03-11 16:00:00,27,0,0,8,0
7517617,3788,3802,412,187374,2022-05-01 13:00:00,35,1,2,7,3
6184958,5655,5663,255,186667,2020-09-27 23:30:00,12,1,1,9,5
8819693,1644,1643,346,188096,2023-01-21 15:00:00,28,1,1,9,3
7517611,3797,3787,412,187374,2022-05-08 13:00:00,36,2,1,5,3
8341400,5669,5643,255,187965,2022-10-05 22:00:00,30,1,1,7,3
7517851,3795,3773,412,187374,2022-05-14 19:00:00,37,1,3,5,7
8827016,3159,3157,524,188160,2023-05-28 18:45:00,37,0,1,4,5
8341137,5650,5707,255,187965,2022-04-24 21:00:00,3,0,1,6,7
8826720,3159,3166,524,188160,2022-10-02 18:45:00,8,3,0,2,4
6425518,3770,3787,412,186243,2021-05-23 19:00:00,38,1,2,9,5
8341417,5638,5666,255,187965,2022-09-25 23:00:00,28,4,0,9,4
8776871,1614,1611,364,188095,2022-11-06 14:00:00,15,3,1,3,5
8819364,1638,1639,346,188096,2022-07-30 14:00:00,1,2,0,8,2
7516712,2447,2453,426,187511,2022-01-14 19:30:00,19,5,1,9,2
7512044,1647,1663,346,187482,2022-03-05 15:00:00,36,2,0,4,4
6639520,3159,3315,524,186353,2021-01-10 19:45:00,17,3,1,6,3
10607764,3162,3178,524,188994,2024-05-12 10:30:00,36,2,0,7,7
7246003,5677,5819,255,187168,2021-10-24 23:30:00,28,3,0,4,9
9967659,5656,5654,255,188756,2023-10-08,26,1,1,2,8
8827026,3161,3172,524,188160,2023-05-27 18:45:00,37,3,2,9,7
10607838,3176,3157,524,188994,2024-03-30 19:45:00,30,1,2,7,5
7512099,10531,1655,346,187482,2022-02-13 13:00:00,32,3,1,6,5
6589476,1616,1651,364,186810,2020-12-16 20:00:00,13,0,0,1,8
6632827,679,846,795,186267,2020-09-27 14:00:00,3,6,1,1,1
10567044,3775,3779,412,189971,2023-09-03 15:05:00,4,2,0,5,2
10517830,1655,1666,346,188987,2023-11-04 15:00:00,15,1,0,8,7
7512117,1627,1621,346,187482,2022-02-14 20:00:00,32,0,0,3,6
6542809,2482,2446,426,186265,2021-04-12 18:30:00,28,0,0,1,1
10518036,1638,1620,346,188987,2024-01-13 15:00:00,27,1,3,5,4
10518028,1626,1627,346,188987,2024-01-20 15:00:00,28,2,0,2,6
6594073,1678,1639,346,186333,2020-12-02 19:45:00,15,0,1,3,7
10480058,1611,1642,364,188989,2023-08-26 14:00:00,3,3,2,11,3
8823348,680,692,795,188124,2023-04-07 19:00:00,28,2,2,8,3
10480224,1660,1609,364,188989,2023-12-05 20:15:00,15,3,4,3,8
6632812,675,690,795,186267,2020-09-30 19:30:00,4,1,0,5,7
8785084,2463,2447,426,188082,2022-10-01 13:30:00,8,3,2,7,11
11276308,1669,1642,364,188989,2024-01-20 17:30:00,21,3,2,6,4
6589379,1636,1630,364,186810,2020-09-27 11:00:00,3,0,1,5,7
7485390,1623,1612,364,187475,2021-12-01 20:15:00,14,1,4,3,11
10572035,2444,2453,426,188974,2023-10-08 15:30:00,7,3,0,7,1
8776997,1631,1659,364,188095,2023-04-08 14:00:00,30,0,1,6,6
7485362,1628,1619,364,187475,2021-12-15 19:30:00,17,2,2,4,6
6639554,3185,3166,524,186353,2020-12-20 11:30:00,13,1,1,4,8
8776770,1616,1651,364,188095,2022-08-30 18:30:00,5,2,1,3,3
6639509,3161,3159,524,186353,2021-01-17 19:45:00,18,2,0,3,4
8826732,3235,3187,524,188160,2022-10-09 16:00:00,9,1,4,5,2
8785854,3780,3787,412,188122,2022-10-02 13:00:00,9,4,2,3,12
8777086,1613,1631,364,188095,2023-05-22 19:00:00,37,0,0,12,1
7485322,1628,1626,364,187475,2021-12-28 15:00:00,20,3,0,8,8
10480363,1659,1651,364,188989,2024-04-28 13:00:00,35,3,0,8,2
6594059,1673,1666,346,186333,2020-12-08 19:45:00,17,2,0,2,8
6639479,3193,3187,524,186353,2021-02-06 19:45:00,21,2,1,1,6
8826726,3162,3205,524,188160,2022-10-02 10:30:00,8,4,0,3,6
10517504,1673,1643,346,188987,2023-09-16 14:00:00,6,2,0,2,5
7246029,5669,5644,255,187168,2021-10-06 22:00:00,24,0,0,9,5
8785303,2481,2500,426,188082,2023-05-06 13:30:00,31,1,0,3,7
8826927,3236,3235,524,188160,2023-03-18 14:00:00,27,1,1,8,4
8341195,5685,5660,255,187965,2022-06-15 22:00:00,12,4,2,4,5
8819778,1655,1664,346,188096,2023-03-11 12:30:00,36,2,0,6,0
7606625,3191,3166,524,187528,2022-05-08 13:00:00,36,4,3,4,8
6593872,1663,1639,346,186333,2021-02-24 19:00:00,32,2,0,5,8
6542841,2463,2443,426,186265,2021-03-07 14:30:00,24,1,1,9,3
8341136,5663,5669,255,187965,2022-06-01 23:30:00,3,0,1,4,1
10572298,2462,2446,426,188974,2024-05-05 15:30:00,32,1,5,10,5
10518718,1643,1673,346,188987,2024-03-16 15:00:00,38,0,0,1,6
6632498,700,802,795,186267,2021-05-08 16:30:00,35,2,1,3,3
10521446,687,682,795,189012,2024-02-23 20:00:00,26,1,3,13,2
10567070,3802,3767,412,189971,2023-11-11 16:00:00,12,0,3,8,3
10518591,10529,1619,346,188987,2024-04-20 14:00:00,44,2,1,4,5
7516588,2451,2459,426,187511,2022-04-09 13:30:00,29,4,0,3,2
7517746,3767,3803,412,187374,2022-01-15 20:00:00,21,2,0,9,6
10518577,1634,1631,346,188987,2023-12-26 19:45:00,24,1,1,11,2
7516677,2451,2469,426,187511,2022-02-06 16:30:00,21,4,1,2,3
8823134,702,674,795,188124,2023-04-23 12:00:00,30,0,2,11,6
8785082,2446,2449,426,188082,2022-10-08 13:30:00,9,4,0,3,3
6185031,5674,5651,255,186667,2020-11-01 19:00:00,19,1,0,2.1,5.1
7516689,2481,2462,426,187511,2022-01-16 14:30:00,19,1,1,4,3
8827027,3236,3168,524,188160,2023-05-28 13:00:00,37,0,1,1,3
10518665,1649,1655,346,188987,2024-04-01 14:00:00,40,0,1,9,6
9967448,5640,5653,255,188756,2023-06-03 21:30:00,9,0,1,12,4
7606798,3161,3164,524,187528,2022-05-22 16:00:00,38,3,0,8,2
10320080,1640,1620,346,188096,2023-05-14 11:00:00,1,0,0,6,6
8819635,10529,1650,346,188096,2022-12-26 17:15:00,24,0,0,1,6
6632510,802,687,795,186267,2021-05-01 16:30:00,34,1,0,2,7
6593758,1669,1638,346,186333,2021-04-17 11:30:00,42,0,0,5,4
6185060,5656,5649,255,186667,2020-11-22 23:30:00,22,0,0,4,12
10517523,10531,1655,346,188987,2023-09-02 11:30:00,5,1,2,4,8
10521248,692,846,795,189012,2023-12-16 13:00:00,17,1,0,7,1
8785003,2462,2444,426,188082,2022-08-05 18:30:00,1,1,6,5,6
7606797,3193,3166,524,187528,2022-05-21 15:15:00,38,0,1,9,9
7536129,679,700,795,187526,2022-03-11 20:00:00,28,2,1,0,4
7536068,691,692,795,187526,2022-04-10 14:15:00,31,1,0,2,3
6425534,3779,3787,412,186243,2021-05-09 13:00:00,36,2,3,4,6
8785228,2463,2460,426,188082,2023-04-15 13:30:00,28,1,1,3,3
7512278,1638,1637,346,187482,2021-11-02 19:45:00,16,1,0,4,1
8819852,1660,1664,346,188096,2023-04-10 14:00:00,41,3,1,7,5
7246024,5646,5685,255,187168,2021-10-10,25,2,4,8,3
8819849,1620,1626,346,188096,2023-04-14 19:00:00,42,5,1,3,5
10518039,1627,1621,346,188987,2024-01-13 15:00:00,27,4,1,6,3
8341196,5669,5653,255,187965,2022-06-15 22:00:00,12,0,0,4,2
6593920,1641,1643,346,186333,2021-02-06 15:00:00,28,1,2,5,3
6639638,3159,3194,524,186353,2020-10-25 19:45:00,5,1,1,6,3
6184891,5674,5638,255,186667,2020-08-23 22:00:00,5,0,1,0,3
8826911,3187,3172,524,188160,2023-03-11 17:00:00,26,2,0,10,4
11932961,5677,5659,255,189744,2024-08-25 19:00:00,24,0,0,4,7
10517829,1638,1619,346,188987,2023-11-04 15:00:00,15,0,1,5,12
10518609,1638,1631,346,188987,2024-04-09 18:45:00,42,1,0,3,9
8823340,680,686,795,188124,2023-02-11 17:30:00,21,2,0,8,2
7485444,1633,1669,364,187475,2021-10-03 13:00:00,7,1,2,10,6
8776826,1619,1633,364,188095,2022-10-16 13:00:00,11,1,1,4,14
6589734,1633,1619,364,186810,2021-05-23 15:00:00,38,3,0,2,3
6639532,3166,3163,524,186353,2021-01-06 14:00:00,16,2,2,4,6
11933069,5649,5638,255,189744,2024-12-01 19:00:00,36,2,1,10,6
6639432,3205,3219,524,186353,2021-03-06 14:00:00,26,1,1,3,1
7518023,3795,3767,412,187374,2021-08-07 19:00:00,1,1,2,9,1
8819532,1637,1655,346,188096,2022-10-22 14:00:00,17,2,0,10,5
7516596,2446,2462,426,187511,2022-05-02 18:30:00,32,2,0,4,4
7517664,3788,3779,412,187374,2022-03-20 14:00:00,29,0,0,5,4
11933048,5640,5641,255,189744,2024-11-09 22:00:00,33,2,1,6,5
8785131,2462,2447,426,188082,2022-10-29 16:30:00,12,1,2,4,3
8819885,1640,1618,346,188096,2023-04-29 14:00:00,45,2,0,5,5
10607853,3187,3159,524,188994,2024-03-03 19:45:00,27,2,1,2,1
6542900,2482,2463,426,186265,2021-01-24 17:00:00,18,3,0,6,9
7516850,2446,2447,426,187511,2021-09-11 13:30:00,4,3,4,4,3
11932995,5638,5644,255,189744,2024-09-22 21:30:00,27,1,3,2,4
8826734,3157,3159,524,188160,2022-10-08 16:00:00,9,2,0,9,3
6632531,690,700,795,186267,2021-04-24 14:15:00,32,1,1,5,7
8786136,3795,3803,412,188122,2023-03-19 14:00:00,28,2,2,7,4
6425465,3813,19830,412,186243,2021-02-07 14:00:00,24,3,4,5,6
10480264,1613,1625,364,188989,2024-01-13 17:30:00,21,2,3,3,13
10518309,1666,1655,346,188987,2024-02-24 15:00:00,34,2,1,4,5
7245954,5663,5638,255,187168,2021-11-11 00:30:00,31,1,1,6,5
8777091,1616,1628,364,188095,2023-05-20 14:00:00,37,2,2,7,4
10518082,1639,1638,346,188987,2023-12-23 15:00:00,23,0,0,7,1
6632786,698,846,795,186267,2020-10-25 17:30:00,7,0,1,6,1
10521326,687,708,795,189012,2024-04-14 19:00:00,31,2,2,5,1
6639310,3194,3166,524,186353,2021-05-17 18:45:00,37,2,2,4,4
10518341,10529,1639,346,188987,2024-02-24 15:00:00,34,2,1,2,6
10567068,3766,3776,412,189971,2023-11-26 19:45:00,13,0,2,3,5
9967599,5653,5659,255,188756,2023-09-17,23,1,0,5,3
10518424,1644,10529,346,188987,2024-02-03 15:00:00,30,0,1,10,2
6542895,2481,2500,426,186265,2021-01-23 14:30:00,18,2,1,2,3
8776816,1611,1630,364,188095,2023-02-08 20:00:00,8,2,2,6,5
7517855,3802,3775,412,187374,2022-05-21 19:00:00,38,2,3,2,7
7536147,695,702,795,187526,2022-02-25 20:00:00,26,3,0,3,3
10566987,3779,3780,412,189971,2023-08-27 13:00:00,3,2,0,3,3
6589381,1627,1610,364,186810,2020-09-26 16:30:00,3,3,3,3,9
6425346,3767,3774,412,186243,2020-11-07 20:00:00,10,3,0,2,7
10518621,1650,1641,346,188987,2024-04-20 16:15:00,44,1,0,5,3
7516838,2500,2481,426,187511,2021-09-11 13:30:00,4,0,0,6,4
10607868,3161,3193,524,188994,2024-03-04 19:45:00,27,2,1,4,5
8826894,3168,3315,524,188160,2023-02-25 19:45:00,24,0,1,4,7
8826756,3159,3178,524,188160,2022-10-21 18:45:00,11,4,0,6,4
10517779,10529,1627,346,188987,2023-11-28 19:45:00,18,0,1,6,3
8785065,2460,2457,426,188082,2022-09-16 18:30:00,7,1,1,4,3
7485319,1644,1633,364,187475,2021-12-28 15:00:00,20,1,4,4,5
8776790,1616,1610,364,188095,2023-01-12 20:00:00,7,2,1,5,7
6639371,3158,3172,524,186353,2021-04-22 16:30:00,32,1,1,4,8
7511941,1637,1627,346,187482,2022-04-30 14:00:00,45,0,1,6,5
6594185,1650,1641,346,186333,2020-10-21 18:45:00,6,0,2,2,2
11932853,5707,5685,255,189744,2024-06-29 21:30:00,13,1,1,3,11
7536221,678,700,795,187526,2021-11-05 20:00:00,13,0,1,5,1
7512237,10531,1637,346,187482,2021-11-27 15:00:00,20,2,3,3,3
6425406,3775,3771,412,186243,2021-03-20 16:00:00,30,3,0,7,5
7246215,5655,5674,255,187168,2021-06-30 23:30:00,8,0,0,7,1
6632719,702,846,795,186267,2020-12-13 17:30:00,13,0,1,6,5
6184951,5674,5648,255,186667,2020-09-20 23:30:00,11,1,0,5,8
6632567,676,690,795,186267,2021-04-05 19:00:00,29,1,0,4,1
8785957,3803,3799,412,188122,2023-01-29 14:00:00,20,4,0,4,5
10480128,1646,1611,364,188989,2023-09-23 19:00:00,6,0,1,9,5
6593746,1669,10529,346,186333,2021-04-20 17:00:00,43,1,1,10,3
8823208,756,684,795,188124,2023-05-28 17:00:00,37,1,2,8,5
10607737,3173,3192,524,188994,2024-03-09 14:00:00,28,4,2,5,4
7535973,695,696,795,187526,2022-05-15 17:30:00,37,3,1,3,4
8785966,3788,3774,412,188122,2023-01-27 20:00:00,20,2,1,2,10
8785316,2444,2449,426,188082,2023-05-13 13:30:00,32,6,0,4,3
7536014,676,692,795,187526,2022-05-10 19:30:00,36,3,1,999,999
6632537,692,681,795,186267,2021-04-25 16:30:00,32,2,1,2,8
8785295,2975,2443,426,188082,2023-05-14 15:30:00,32,2,1,3,2
8341474,5707,5660,255,187965,2022-11-13 19:00:00,38,2,1,8,1
8822918,674,679,795,188124,2022-08-29 20:00:00,3,0,1,6,2
7517931,3773,3777,412,187374,2021-10-24 13:00:00,11,4,1,5,6
10480219,1629,1646,364,188989,2023-12-05 19:30:00,15,1,0,5,8
11291712,5663,5640,255,188756,2023-11-18 21:30:00,30,0,1,11,1
6185155,5651,5654,255,186667,2021-01-24 19:00:00,32,2,1,3,3
6639422,3162,3197,524,186353,2021-03-12 14:00:00,27,3,2,5,1
6425315,3802,3775,412,186243,2020-12-06 16:00:00,13,0,0,6,6
10607513,3254,3315,524,188994,2023-09-17 13:00:00,4,4,2,5,6
7517752,3767,3802,412,187374,2022-01-23 19:45:00,22,4,0,14,0
8822946,692,691,795,188124,2022-08-13 15:00:00,1,2,2,3,3
6542935,2500,2451,426,186265,2021-01-09 14:30:00,15,2,2,5,3
8785962,3787,3767,412,188122,2023-02-01 20:00:00,21,1,3,1,3
10480321,1614,1646,364,188989,2023-12-30 15:00:00,20,3,2,6,2
10518582,1627,1626,346,188987,2023-12-26 15:00:00,24,1,0,12,4
7606830,3158,3161,524,187528,2021-12-04 17:00:00,16,0,3,4,4
10567101,3776,3767,412,189971,2023-12-17 19:45:00,16,1,1,8,8
8826846,3166,3235,524,188160,2023-01-23 17:30:00,19,1,1,4,1
7606771,3172,3185,524,187528,2022-04-27 18:15:00,20,4,4,8,0
8776983,1630,1651,364,188095,2023-03-11 15:00:00,27,2,2,4,7
8341481,5646,5673,255,187965,2022-11-10 00:30:00,37,2,1,10,3
6185224,5657,5643,255,186667,2021-02-26 00:30:00,38,3,2,9,6
6639668,3158,3159,524,186353,2020-09-27 18:45:00,2,2,2,5,7
10480406,1651,1623,364,188989,2024-02-24 15:00:00,26,1,1,11,3
7516693,2462,2459,426,187511,2022-01-21 19:30:00,20,0,2,10,1
6184856,5657,5674,255,186667,2020-08-13 23:00:00,2,2,0,5,8
6542899,2453,2445,426,186265,2021-01-23 14:30:00,18,2,1,3,5
8785247,2975,2481,426,188082,2023-04-15 13:30:00,28,3,2,3,5
7606747,3173,3176,524,187528,2022-01-23 11:30:00,23,1,1,6,4
7517947,3767,3799,412,187374,2021-10-15 19:00:00,10,2,1,6,5
9967624,5653,5640,255,188756,2023-10-22 19:00:00,28,0,1,1,7
6185132,5660,5651,255,186667,2021-01-09 22:00:00,29,0,0,3,2
7536117,679,686,795,187526,2021-12-04 17:30:00,16,1,2,8,5
8776850,1630,1616,364,188095,2022-10-23 13:00:00,13,2,3,3,6
8785111,2447,2448,426,188082,2022-11-05 14:30:00,13,3,0,2,5
7517849,3775,3773,412,187374,2021-12-22 20:00:00,19,2,1,5,4
7536271,695,678,795,187526,2021-11-19 20:00:00,14,0,0,6,3
6425458,3766,3787,412,186243,2021-02-13 20:00:00,25,1,2,6,1
8785067,2975,2447,426,188082,2022-09-10 13:30:00,6,3,0,5,8
6543031,2459,2444,426,186265,2020-10-17 16:30:00,4,1,4,6,10
8823237,680,698,795,188124,2023-01-08 17:30:00,16,2,1,4,4
8819385,1655,1660,346,188096,2022-08-16 18:45:00,4,2,0,5,7
10572269,2460,2448,426,188974,2024-03-16 14:30:00,26,2,0,7,6
10521270,678,713,795,189012,2023-12-02 15:15:00,15,4,0,7,2
7606724,3191,3193,524,187528,2022-02-20 14:00:00,26,1,1,6,5
10572199,2443,2520,426,188974,2024-02-24 14:30:00,23,1,1,4,6
7536102,680,674,795,187526,2021-09-22 17:30:00,6,3,1,1,4
11873071,5642,5644,255,189744,2024-06-16 19:00:00,9,2,1,4,2
10480176,1609,1636,364,188989,2023-10-28 14:00:00,10,5,0,6,1
6185151,5656,5674,255,186667,2021-01-22,31,3,0,6,5
6184971,5677,5674,255,186667,2020-10-04 21:15:00,13,1,2,11,0
10607629,3187,3236,524,188994,2023-12-29 17:30:00,18,0,0,10,1
7512047,1618,1673,346,187482,2022-02-26 15:00:00,35,0,2,6,2
10567001,3774,3767,412,189971,2023-10-08 18:45:00,8,1,3,1,7
6185150,5638,5644,255,186667,2021-01-21 00:30:00,31,1,5,7,2
10480380,1610,1633,364,188989,2024-05-05 13:00:00,36,5,0,8,6
6593980,1666,1647,346,186333,2021-01-01 17:30:00,23,1,0,0,7
7606603,3192,3163,524,187528,2022-05-22 19:00:00,38,0,4,7,1
7606961,3191,3205,524,187528,2021-09-19 13:00:00,4,1,2,3,10
7517609,3775,3782,412,187374,2022-05-11 17:00:00,36,4,2,2,2
10567263,3773,3767,412,189971,2024-01-14 19:45:00,18,0,2,5,6
8776762,1629,1616,364,188095,2022-08-13 14:00:00,2,0,0,5,3
6632533,680,846,795,186267,2021-04-25 16:30:00,32,2,1,5,5
6542854,2446,2453,426,186265,2021-02-28 17:00:00,23,1,2,8,3
6594115,1638,10529,346,186333,2020-11-21 15:00:00,12,1,1,0,5
6425467,3770,3776,412,186243,2021-02-07 16:00:00,24,0,2,4,2
7512173,1639,1641,346,187482,2022-01-03 15:00:00,26,1,2,4,6
10567074,3788,3777,412,189971,2023-11-26 14:00:00,13,2,3,5,6
7516858,2975,2445,426,187511,2021-08-20 18:30:00,2,4,0,6,2
10567003,3793,3797,412,189971,2023-09-24 13:00:00,6,2,1,1,3
7517884,3771,3803,412,187374,2021-12-04 16:00:00,17,1,2,5,0
6542791,2447,2500,426,186265,2021-04-21 18:30:00,30,2,0,4,3
7246251,5655,5638,255,187168,2021-06-20 21:15:00,5,2,0,3,7
10521258,679,708,795,189012,2023-12-10 13:00:00,16,2,1,3,14
7246068,5649,5669,255,187168,2021-09-12 14:00:00,20,2,0,5,4
9967381,5663,5638,255,188756,2023-05-11 23:00:00,5,0,0,4,10
10566997,3779,3766,412,189971,2023-08-13 18:45:00,1,2,1,1,6
8341181,5653,5663,255,187965,2022-06-26,14,3,2,1,3
11340332,5651,5657,255,188756,2023-11-25 22:30:00,35,0,0,5,1
8776903,1616,1619,364,188095,2022-12-31 15:00:00,18,2,1,4,4
6184849,5656,5812,255,186667,2020-10-01 00:30:00,1,0,0,4,7
8777068,1630,1631,364,188095,2023-04-25 19:00:00,33,1,1,3,6
6425476,3802,3799,412,186243,2021-02-03 18:00:00,23,0,0,4,5
10572267,2454,2463,426,188974,2024-03-09 14:30:00,25,3,3,8,3
7246178,5707,5669,255,187168,2021-07-11 21:15:00,11,2,2,4,7
6425350,3788,3770,412,186243,2020-11-08 14:00:00,10,0,2,5,5
6632789,682,674,795,186267,2020-10-18 14:00:00,6,2,1,3,7
6593899,1678,1647,346,186333,2021-02-16 19:45:00,30,1,2,5,3
10518789,1666,1630,346,188987,2024-03-08 20:00:00,37,0,2,8,5
7512282,1655,1621,346,187482,2021-11-20 15:00:00,18,1,1,5,1
9967424,5659,5663,255,188756,2023-06-11,10,2,0,7,3
10480240,1611,1610,364,188989,2023-12-06 20:15:00,15,2,1,12,4
9967441,5660,5653,255,188756,2023-05-20 21:30:00,7,1,2,5,7
7516649,2444,2446,426,187511,2022-03-05 14:30:00,25,1,1,7,2
6589558,1628,1629,364,186810,2021-01-30 15:00:00,21,1,0,1,5
8819560,1673,1638,346,188096,2022-10-29 14:00:00,18,1,0,8,1
6185210,5654,5644,255,186667,2021-02-21 19:00:00,37,2,1,1,4
6185166,5646,5659,255,186667,2021-02-02 19:00:00,33,1,1,12,6
6425558,3775,3787,412,186243,2021-04-25 11:00:00,34,3,1,7,6
6589627,1628,1627,364,186810,2021-03-13 15:00:00,28,1,0,3,2
8823072,756,674,795,188124,2023-02-05 15:15:00,20,1,0,8,4
12337163,5685,5642,255,189744,2024-06-23 21:30:00,11,2,1,6,7
8785140,2457,2463,426,188082,2022-11-12 14:30:00,15,2,0,10,5
7536108,695,692,795,187526,2021-09-21 20:00:00,6,0,2,2,4
9967346,5651,5643,255,188756,2023-04-15 21:30:00,1,2,0,3,8
11932887,5659,5646,255,189744,2024-07-18 00:30:00,17,1,0,5,4
10521340,692,708,795,189012,2024-03-01 20:00:00,27,1,0,7,0
8819572,1626,1650,346,188096,2022-11-02 19:45:00,19,0,0,11,3
8786340,3766,3802,412,188122,2023-05-27 19:00:00,37,3,0,7,4
7517738,3797,3774,412,187374,2022-01-23 14:00:00,22,2,1,4,6
7485129,1626,1613,364,187475,2022-04-23 14:00:00,34,0,3,2,3
7606753,3191,3157,524,187528,2022-01-09 11:30:00,21,0,3,1,7
11276309,1624,1633,364,188989,2023-12-07 20:15:00,15,1,2,8,4
7485318,1633,1625,364,187475,2022-05-15 13:00:00,37,2,2,4,8
7516698,2454,2446,426,187511,2022-01-15 17:30:00,19,1,2,5,7
8776996,1628,1612,364,188095,2023-02-25 19:45:00,25,0,0,5,3
8785280,2463,2453,426,188082,2023-04-29 13:30:00,30,0,1,9,6
7606948,3192,3158,524,187528,2021-08-29 18:45:00,2,0,4,1,10
8785243,2453,2444,426,188082,2023-04-08 13:30:00,27,0,1,2,6
6543013,2459,2447,426,186265,2020-10-31 14:30:00,6,0,2,0,12
6632743,675,696,795,186267,2020-11-28 20:00:00,11,1,2,12,9
6185218,5677,5655,255,186667,2021-02-26 00:30:00,38,2,0,4,4
6639318,3315,3159,524,186353,2021-05-12 18:45:00,36,1,3,3,5
7512074,1641,1642,346,187482,2022-02-22 19:45:00,34,0,0,11,3
7536013,695,687,795,187526,2022-05-06 19:00:00,35,2,1,7,6
7536080,678,692,795,187526,2022-04-17 16:30:00,32,0,2,5,4
7485156,1644,1630,364,187475,2022-04-09 14:00:00,32,0,3,3,7
6632617,679,695,795,186267,2021-02-20 15:15:00,24,0,2,12,2
6589396,1630,1629,364,186810,2020-10-19 19:00:00,5,0,1,8,3
9967667,5660,5640,255,188756,2023-11-11 19:00:00,34,1,0,1,5
8776755,1630,1610,364,188095,2022-08-21 13:00:00,3,3,0,4,6
8341118,5659,5656,255,187965,2022-04-10 19:00:00,1,1,3,2,4
8819400,1637,1620,346,188096,2022-08-20 14:00:00,5,1,0,5,7
6425509,3788,3804,412,186243,2021-01-27 20:00:00,20,3,2,9,6
10518318,1634,1655,346,188987,2024-03-05 20:00:00,36,3,2,4,5
9967437,5644,5657,255,188756,2023-06-11 19:00:00,10,2,1,7,6
7536006,846,692,795,187526,2022-05-01 14:15:00,34,1,1,5,4
7606940,3172,3157,524,187528,2021-10-03 18:45:00,7,2,3,9,5
8826780,3162,3192,524,188160,2022-10-30 17:00:00,12,1,3,4,5
6632622,695,681,795,186267,2021-02-14 17:30:00,23,0,1,2,1
6632574,698,702,795,186267,2021-03-21 13:00:00,28,1,1,4,8
7535971,698,676,795,187526,2022-05-15 17:30:00,37,0,0,5,5
7536183,678,680,795,187526,2021-12-11 20:00:00,17,0,1,9,2
8819387,1618,1644,346,188096,2022-08-16 18:45:00,4,1,1,2,5
8341287,5643,5707,255,187965,2022-06-26 21:00:00,14,1,0,4,6
11932943,5648,5656,255,189744,2024-08-18,23,0,0,6,2
